{
  "type": "FeatureCollection",
  "features": [
    {
      "type": "Feature",
      "geometry": {
        "type": "LineString",
        "coordinates": [
          [
            -87.81732358,
            41.87426515
          ],
          [
            -87.81591136,
            41.87414801
          ]
        ]
      },
      "properties": {
        "segment_id": "seg_0000",
        "corridor": "Blue",
        "is_loop": false,
        "lines": [
          "Blue"
        ]
      }
    },
    {
      "type": "Feature",
      "geometry": {
        "type": "LineString",
        "coordinates": [
          [
            -87.81591136,
            41.87414801
          ],
          [
            -87.81523993,
            41.87407851
          ]
        ]
      },
      "properties": {
        "segment_id": "seg_0001",
        "corridor": "Blue",
        "is_loop": false,
        "lines": [
          "Blue"
        ]
      }
    },
    {
      "type": "Feature",
      "geometry": {
        "type": "LineString",
        "coordinates": [
          [
            -87.81523993,
            41.87407851
          ],
          [
            -87.81502282,
            41.8740406
          ]
        ]
      },
      "properties": {
        "segment_id": "seg_0002",
        "corridor": "Blue",
        "is_loop": false,
        "lines": [
          "Blue"
        ]
      }
    },
    {
      "type": "Feature",
      "geometry": {
        "type": "LineString",
        "coordinates": [
          [
            -87.81502282,
            41.8740406
          ],
          [
            -87.81484537,
            41.8739881
          ]
        ]
      },
      "properties": {
        "segment_id": "seg_0003",
        "corridor": "Blue",
        "is_loop": false,
        "lines": [
          "Blue"
        ]
      }
    },
    {
      "type": "Feature",
      "geometry": {
        "type": "LineString",
        "coordinates": [
          [
            -87.81484537,
            41.8739881
          ],
          [
            -87.81410686,
            41.87365978
          ]
        ]
      },
      "properties": {
        "segment_id": "seg_0004",
        "corridor": "Blue",
        "is_loop": false,
        "lines": [
          "Blue"
        ]
      }
    },
    {
      "type": "Feature",
      "geometry": {
        "type": "LineString",
        "coordinates": [
          [
            -87.81410686,
            41.87365978
          ],
          [
            -87.81393922,
            41.8736147
          ]
        ]
      },
      "properties": {
        "segment_id": "seg_0005",
        "corridor": "Blue",
        "is_loop": false,
        "lines": [
          "Blue"
        ]
      }
    },
    {
      "type": "Feature",
      "geometry": {
        "type": "LineString",
        "coordinates": [
          [
            -87.81393922,
            41.8736147
          ],
          [
            -87.81371001,
            41.87358934
          ]
        ]
      },
      "properties": {
        "segment_id": "seg_0006",
        "corridor": "Blue",
        "is_loop": false,
        "lines": [
          "Blue"
        ]
      }
    },
    {
      "type": "Feature",
      "geometry": {
        "type": "LineString",
        "coordinates": [
          [
            -87.81371001,
            41.87358934
          ],
          [
            -87.813218,
            41.87361856
          ]
        ]
      },
      "properties": {
        "segment_id": "seg_0007",
        "corridor": "Blue",
        "is_loop": false,
        "lines": [
          "Blue"
        ]
      }
    },
    {
      "type": "Feature",
      "geometry": {
        "type": "LineString",
        "coordinates": [
          [
            -87.813218,
            41.87361856
          ],
          [
            -87.81269023,
            41.87368042
          ]
        ]
      },
      "properties": {
        "segment_id": "seg_0008",
        "corridor": "Blue",
        "is_loop": false,
        "lines": [
          "Blue"
        ]
      }
    },
    {
      "type": "Feature",
      "geometry": {
        "type": "LineString",
        "coordinates": [
          [
            -87.81269023,
            41.87368042
          ],
          [
            -87.81241848,
            41.87368948
          ]
        ]
      },
      "properties": {
        "segment_id": "seg_0009",
        "corridor": "Blue",
        "is_loop": false,
        "lines": [
          "Blue"
        ]
      }
    },
    {
      "type": "Feature",
      "geometry": {
        "type": "LineString",
        "coordinates": [
          [
            -87.81241848,
            41.87368948
          ],
          [
            -87.81134103,
            41.87381898
          ]
        ]
      },
      "properties": {
        "segment_id": "seg_0010",
        "corridor": "Blue",
        "is_loop": false,
        "lines": [
          "Blue"
        ]
      }
    },
    {
      "type": "Feature",
      "geometry": {
        "type": "LineString",
        "coordinates": [
          [
            -87.81134103,
            41.87381898
          ],
          [
            -87.81080514,
            41.87384798
          ]
        ]
      },
      "properties": {
        "segment_id": "seg_0011",
        "corridor": "Blue",
        "is_loop": false,
        "lines": [
          "Blue"
        ]
      }
    },
    {
      "type": "Feature",
      "geometry": {
        "type": "LineString",
        "coordinates": [
          [
            -87.81080514,
            41.87384798
          ],
          [
            -87.8104523,
            41.87384711
          ]
        ]
      },
      "properties": {
        "segment_id": "seg_0012",
        "corridor": "Blue",
        "is_loop": false,
        "lines": [
          "Blue"
        ]
      }
    },
    {
      "type": "Feature",
      "geometry": {
        "type": "LineString",
        "coordinates": [
          [
            -87.8104523,
            41.87384711
          ],
          [
            -87.80569287,
            41.87337101
          ]
        ]
      },
      "properties": {
        "segment_id": "seg_0013",
        "corridor": "Blue",
        "is_loop": false,
        "lines": [
          "Blue"
        ]
      }
    },
    {
      "type": "Feature",
      "geometry": {
        "type": "LineString",
        "coordinates": [
          [
            -87.80569287,
            41.87337101
          ],
          [
            -87.80152341,
            41.87297493
          ]
        ]
      },
      "properties": {
        "segment_id": "seg_0014",
        "corridor": "Blue",
        "is_loop": false,
        "lines": [
          "Blue"
        ]
      }
    },
    {
      "type": "Feature",
      "geometry": {
        "type": "LineString",
        "coordinates": [
          [
            -87.80152341,
            41.87297493
          ],
          [
            -87.79636024,
            41.87251469
          ]
        ]
      },
      "properties": {
        "segment_id": "seg_0015",
        "corridor": "Blue",
        "is_loop": false,
        "lines": [
          "Blue"
        ]
      }
    },
    {
      "type": "Feature",
      "geometry": {
        "type": "LineString",
        "coordinates": [
          [
            -87.79636024,
            41.87251469
          ],
          [
            -87.79279595,
            41.87222031
          ]
        ]
      },
      "properties": {
        "segment_id": "seg_0016",
        "corridor": "Blue",
        "is_loop": false,
        "lines": [
          "Blue"
        ]
      }
    },
    {
      "type": "Feature",
      "geometry": {
        "type": "LineString",
        "coordinates": [
          [
            -87.79279595,
            41.87222031
          ],
          [
            -87.78252163,
            41.87130915
          ]
        ]
      },
      "properties": {
        "segment_id": "seg_0017",
        "corridor": "Blue",
        "is_loop": false,
        "lines": [
          "Blue"
        ]
      }
    },
    {
      "type": "Feature",
      "geometry": {
        "type": "LineString",
        "coordinates": [
          [
            -87.78252163,
            41.87130915
          ],
          [
            -87.77826813,
            41.87098605
          ]
        ]
      },
      "properties": {
        "segment_id": "seg_0018",
        "corridor": "Blue",
        "is_loop": false,
        "lines": [
          "Blue"
        ]
      }
    },
    {
      "type": "Feature",
      "geometry": {
        "type": "LineString",
        "coordinates": [
          [
            -87.77826813,
            41.87098605
          ],
          [
            -87.76825513,
            41.87038383
          ]
        ]
      },
      "properties": {
        "segment_id": "seg_0019",
        "corridor": "Blue",
        "is_loop": false,
        "lines": [
          "Blue"
        ]
      }
    },
    {
      "type": "Feature",
      "geometry": {
        "type": "LineString",
        "coordinates": [
          [
            -87.76825513,
            41.87038383
          ],
          [
            -87.76432652,
            41.87005337
          ]
        ]
      },
      "properties": {
        "segment_id": "seg_0020",
        "corridor": "Blue",
        "is_loop": false,
        "lines": [
          "Blue"
        ]
      }
    },
    {
      "type": "Feature",
      "geometry": {
        "type": "LineString",
        "coordinates": [
          [
            -87.76432652,
            41.87005337
          ],
          [
            -87.76385052,
            41.8700463
          ]
        ]
      },
      "properties": {
        "segment_id": "seg_0021",
        "corridor": "Blue",
        "is_loop": false,
        "lines": [
          "Blue"
        ]
      }
    },
    {
      "type": "Feature",
      "geometry": {
        "type": "LineString",
        "coordinates": [
          [
            -87.76385052,
            41.8700463
          ],
          [
            -87.76354147,
            41.87005419
          ]
        ]
      },
      "properties": {
        "segment_id": "seg_0022",
        "corridor": "Blue",
        "is_loop": false,
        "lines": [
          "Blue"
        ]
      }
    },
    {
      "type": "Feature",
      "geometry": {
        "type": "LineString",
        "coordinates": [
          [
            -87.76354147,
            41.87005419
          ],
          [
            -87.76302074,
            41.87011288
          ]
        ]
      },
      "properties": {
        "segment_id": "seg_0023",
        "corridor": "Blue",
        "is_loop": false,
        "lines": [
          "Blue"
        ]
      }
    },
    {
      "type": "Feature",
      "geometry": {
        "type": "LineString",
        "coordinates": [
          [
            -87.76302074,
            41.87011288
          ],
          [
            -87.76237645,
            41.87023929
          ]
        ]
      },
      "properties": {
        "segment_id": "seg_0024",
        "corridor": "Blue",
        "is_loop": false,
        "lines": [
          "Blue"
        ]
      }
    },
    {
      "type": "Feature",
      "geometry": {
        "type": "LineString",
        "coordinates": [
          [
            -87.76237645,
            41.87023929
          ],
          [
            -87.76188951,
            41.87039711
          ]
        ]
      },
      "properties": {
        "segment_id": "seg_0025",
        "corridor": "Blue",
        "is_loop": false,
        "lines": [
          "Blue"
        ]
      }
    },
    {
      "type": "Feature",
      "geometry": {
        "type": "LineString",
        "coordinates": [
          [
            -87.76188951,
            41.87039711
          ],
          [
            -87.7606044,
            41.8709657
          ]
        ]
      },
      "properties": {
        "segment_id": "seg_0026",
        "corridor": "Blue",
        "is_loop": false,
        "lines": [
          "Blue"
        ]
      }
    },
    {
      "type": "Feature",
      "geometry": {
        "type": "LineString",
        "coordinates": [
          [
            -87.7606044,
            41.8709657
          ],
          [
            -87.75978829,
            41.87126562
          ]
        ]
      },
      "properties": {
        "segment_id": "seg_0027",
        "corridor": "Blue",
        "is_loop": false,
        "lines": [
          "Blue"
        ]
      }
    },
    {
      "type": "Feature",
      "geometry": {
        "type": "LineString",
        "coordinates": [
          [
            -87.75978829,
            41.87126562
          ],
          [
            -87.75940282,
            41.87135795
          ]
        ]
      },
      "properties": {
        "segment_id": "seg_0028",
        "corridor": "Blue",
        "is_loop": false,
        "lines": [
          "Blue"
        ]
      }
    },
    {
      "type": "Feature",
      "geometry": {
        "type": "LineString",
        "coordinates": [
          [
            -87.75940282,
            41.87135795
          ],
          [
            -87.75891988,
            41.87141916
          ]
        ]
      },
      "properties": {
        "segment_id": "seg_0029",
        "corridor": "Blue",
        "is_loop": false,
        "lines": [
          "Blue"
        ]
      }
    },
    {
      "type": "Feature",
      "geometry": {
        "type": "LineString",
        "coordinates": [
          [
            -87.75891988,
            41.87141916
          ],
          [
            -87.7567501,
            41.87148841
          ]
        ]
      },
      "properties": {
        "segment_id": "seg_0030",
        "corridor": "Blue",
        "is_loop": false,
        "lines": [
          "Blue"
        ]
      }
    },
    {
      "type": "Feature",
      "geometry": {
        "type": "LineString",
        "coordinates": [
          [
            -87.7567501,
            41.87148841
          ],
          [
            -87.75335747,
            41.87150668
          ]
        ]
      },
      "properties": {
        "segment_id": "seg_0031",
        "corridor": "Blue",
        "is_loop": false,
        "lines": [
          "Blue"
        ]
      }
    },
    {
      "type": "Feature",
      "geometry": {
        "type": "LineString",
        "coordinates": [
          [
            -87.75335747,
            41.87150668
          ],
          [
            -87.74999284,
            41.87156505
          ]
        ]
      },
      "properties": {
        "segment_id": "seg_0032",
        "corridor": "Blue",
        "is_loop": false,
        "lines": [
          "Blue"
        ]
      }
    },
    {
      "type": "Feature",
      "geometry": {
        "type": "LineString",
        "coordinates": [
          [
            -87.74999284,
            41.87156505
          ],
          [
            -87.74485956,
            41.87161191
          ]
        ]
      },
      "properties": {
        "segment_id": "seg_0033",
        "corridor": "Blue",
        "is_loop": false,
        "lines": [
          "Blue"
        ]
      }
    },
    {
      "type": "Feature",
      "geometry": {
        "type": "LineString",
        "coordinates": [
          [
            -87.74485956,
            41.87161191
          ],
          [
            -87.74381254,
            41.87164189
          ]
        ]
      },
      "properties": {
        "segment_id": "seg_0034",
        "corridor": "Blue",
        "is_loop": false,
        "lines": [
          "Blue"
        ]
      }
    },
    {
      "type": "Feature",
      "geometry": {
        "type": "LineString",
        "coordinates": [
          [
            -87.74381254,
            41.87164189
          ],
          [
            -87.74066552,
            41.87169167
          ]
        ]
      },
      "properties": {
        "segment_id": "seg_0035",
        "corridor": "Blue",
        "is_loop": false,
        "lines": [
          "Blue"
        ]
      }
    },
    {
      "type": "Feature",
      "geometry": {
        "type": "LineString",
        "coordinates": [
          [
            -87.74066552,
            41.87169167
          ],
          [
            -87.74018611,
            41.87171041
          ]
        ]
      },
      "properties": {
        "segment_id": "seg_0036",
        "corridor": "Blue",
        "is_loop": false,
        "lines": [
          "Blue"
        ]
      }
    },
    {
      "type": "Feature",
      "geometry": {
        "type": "LineString",
        "coordinates": [
          [
            -87.74018611,
            41.87171041
          ],
          [
            -87.73976645,
            41.87174594
          ]
        ]
      },
      "properties": {
        "segment_id": "seg_0037",
        "corridor": "Blue",
        "is_loop": false,
        "lines": [
          "Blue"
        ]
      }
    },
    {
      "type": "Feature",
      "geometry": {
        "type": "LineString",
        "coordinates": [
          [
            -87.73976645,
            41.87174594
          ],
          [
            -87.73941287,
            41.87179596
          ]
        ]
      },
      "properties": {
        "segment_id": "seg_0038",
        "corridor": "Blue",
        "is_loop": false,
        "lines": [
          "Blue"
        ]
      }
    },
    {
      "type": "Feature",
      "geometry": {
        "type": "LineString",
        "coordinates": [
          [
            -87.73941287,
            41.87179596
          ],
          [
            -87.73880326,
            41.87191534
          ]
        ]
      },
      "properties": {
        "segment_id": "seg_0039",
        "corridor": "Blue",
        "is_loop": false,
        "lines": [
          "Blue"
        ]
      }
    },
    {
      "type": "Feature",
      "geometry": {
        "type": "LineString",
        "coordinates": [
          [
            -87.73880326,
            41.87191534
          ],
          [
            -87.73787728,
            41.87215091
          ]
        ]
      },
      "properties": {
        "segment_id": "seg_0040",
        "corridor": "Blue",
        "is_loop": false,
        "lines": [
          "Blue"
        ]
      }
    },
    {
      "type": "Feature",
      "geometry": {
        "type": "LineString",
        "coordinates": [
          [
            -87.73787728,
            41.87215091
          ],
          [
            -87.73711476,
            41.87243916
          ]
        ]
      },
      "properties": {
        "segment_id": "seg_0041",
        "corridor": "Blue",
        "is_loop": false,
        "lines": [
          "Blue"
        ]
      }
    },
    {
      "type": "Feature",
      "geometry": {
        "type": "LineString",
        "coordinates": [
          [
            -87.73711476,
            41.87243916
          ],
          [
            -87.73584143,
            41.87306881
          ]
        ]
      },
      "properties": {
        "segment_id": "seg_0042",
        "corridor": "Blue",
        "is_loop": false,
        "lines": [
          "Blue"
        ]
      }
    },
    {
      "type": "Feature",
      "geometry": {
        "type": "LineString",
        "coordinates": [
          [
            -87.73584143,
            41.87306881
          ],
          [
            -87.73504394,
            41.87338515
          ]
        ]
      },
      "properties": {
        "segment_id": "seg_0043",
        "corridor": "Blue",
        "is_loop": false,
        "lines": [
          "Blue"
        ]
      }
    },
    {
      "type": "Feature",
      "geometry": {
        "type": "LineString",
        "coordinates": [
          [
            -87.73504394,
            41.87338515
          ],
          [
            -87.73421888,
            41.87361414
          ]
        ]
      },
      "properties": {
        "segment_id": "seg_0044",
        "corridor": "Blue",
        "is_loop": false,
        "lines": [
          "Blue"
        ]
      }
    },
    {
      "type": "Feature",
      "geometry": {
        "type": "LineString",
        "coordinates": [
          [
            -87.73421888,
            41.87361414
          ],
          [
            -87.73375456,
            41.87370362
          ]
        ]
      },
      "properties": {
        "segment_id": "seg_0045",
        "corridor": "Blue",
        "is_loop": false,
        "lines": [
          "Blue"
        ]
      }
    },
    {
      "type": "Feature",
      "geometry": {
        "type": "LineString",
        "coordinates": [
          [
            -87.73375456,
            41.87370362
          ],
          [
            -87.73318946,
            41.87378079
          ]
        ]
      },
      "properties": {
        "segment_id": "seg_0046",
        "corridor": "Blue",
        "is_loop": false,
        "lines": [
          "Blue"
        ]
      }
    },
    {
      "type": "Feature",
      "geometry": {
        "type": "LineString",
        "coordinates": [
          [
            -87.73318946,
            41.87378079
          ],
          [
            -87.73268466,
            41.87381586
          ]
        ]
      },
      "properties": {
        "segment_id": "seg_0047",
        "corridor": "Blue",
        "is_loop": false,
        "lines": [
          "Blue"
        ]
      }
    },
    {
      "type": "Feature",
      "geometry": {
        "type": "LineString",
        "coordinates": [
          [
            -87.73268466,
            41.87381586
          ],
          [
            -87.72514826,
            41.87390109
          ]
        ]
      },
      "properties": {
        "segment_id": "seg_0048",
        "corridor": "Blue",
        "is_loop": false,
        "lines": [
          "Blue"
        ]
      }
    },
    {
      "type": "Feature",
      "geometry": {
        "type": "LineString",
        "coordinates": [
          [
            -87.72514826,
            41.87390109
          ],
          [
            -87.72422422,
            41.87392447
          ]
        ]
      },
      "properties": {
        "segment_id": "seg_0049",
        "corridor": "Blue",
        "is_loop": false,
        "lines": [
          "Blue"
        ]
      }
    },
    {
      "type": "Feature",
      "geometry": {
        "type": "LineString",
        "coordinates": [
          [
            -87.72422422,
            41.87392447
          ],
          [
            -87.71252843,
            41.87407157
          ]
        ]
      },
      "properties": {
        "segment_id": "seg_0050",
        "corridor": "Blue",
        "is_loop": false,
        "lines": [
          "Blue"
        ]
      }
    },
    {
      "type": "Feature",
      "geometry": {
        "type": "LineString",
        "coordinates": [
          [
            -87.71252843,
            41.87407157
          ],
          [
            -87.71076276,
            41.87407262
          ]
        ]
      },
      "properties": {
        "segment_id": "seg_0051",
        "corridor": "Blue",
        "is_loop": false,
        "lines": [
          "Blue"
        ]
      }
    },
    {
      "type": "Feature",
      "geometry": {
        "type": "LineString",
        "coordinates": [
          [
            -87.71076276,
            41.87407262
          ],
          [
            -87.70826178,
            41.87414033
          ]
        ]
      },
      "properties": {
        "segment_id": "seg_0052",
        "corridor": "Blue",
        "is_loop": false,
        "lines": [
          "Blue"
        ]
      }
    },
    {
      "type": "Feature",
      "geometry": {
        "type": "LineString",
        "coordinates": [
          [
            -87.70826178,
            41.87414033
          ],
          [
            -87.70752639,
            41.87421645
          ]
        ]
      },
      "properties": {
        "segment_id": "seg_0053",
        "corridor": "Blue",
        "is_loop": false,
        "lines": [
          "Blue"
        ]
      }
    },
    {
      "type": "Feature",
      "geometry": {
        "type": "LineString",
        "coordinates": [
          [
            -87.70752639,
            41.87421645
          ],
          [
            -87.70676551,
            41.8743207
          ]
        ]
      },
      "properties": {
        "segment_id": "seg_0054",
        "corridor": "Blue",
        "is_loop": false,
        "lines": [
          "Blue"
        ]
      }
    },
    {
      "type": "Feature",
      "geometry": {
        "type": "LineString",
        "coordinates": [
          [
            -87.70676551,
            41.8743207
          ],
          [
            -87.70081923,
            41.87518457
          ]
        ]
      },
      "properties": {
        "segment_id": "seg_0055",
        "corridor": "Blue",
        "is_loop": false,
        "lines": [
          "Blue"
        ]
      }
    },
    {
      "type": "Feature",
      "geometry": {
        "type": "LineString",
        "coordinates": [
          [
            -87.70081923,
            41.87518457
          ],
          [
            -87.69961005,
            41.87530416
          ]
        ]
      },
      "properties": {
        "segment_id": "seg_0056",
        "corridor": "Blue",
        "is_loop": false,
        "lines": [
          "Blue"
        ]
      }
    },
    {
      "type": "Feature",
      "geometry": {
        "type": "LineString",
        "coordinates": [
          [
            -87.69961005,
            41.87530416
          ],
          [
            -87.69831197,
            41.87538751
          ]
        ]
      },
      "properties": {
        "segment_id": "seg_0057",
        "corridor": "Blue",
        "is_loop": false,
        "lines": [
          "Blue"
        ]
      }
    },
    {
      "type": "Feature",
      "geometry": {
        "type": "LineString",
        "coordinates": [
          [
            -87.69831197,
            41.87538751
          ],
          [
            -87.69778588,
            41.87540604
          ]
        ]
      },
      "properties": {
        "segment_id": "seg_0058",
        "corridor": "Blue",
        "is_loop": false,
        "lines": [
          "Blue"
        ]
      }
    },
    {
      "type": "Feature",
      "geometry": {
        "type": "LineString",
        "coordinates": [
          [
            -87.69778588,
            41.87540604
          ],
          [
            -87.69673547,
            41.87540365
          ]
        ]
      },
      "properties": {
        "segment_id": "seg_0059",
        "corridor": "Blue",
        "is_loop": false,
        "lines": [
          "Blue"
        ]
      }
    },
    {
      "type": "Feature",
      "geometry": {
        "type": "LineString",
        "coordinates": [
          [
            -87.69673547,
            41.87540365
          ],
          [
            -87.69233522,
            41.8754777
          ]
        ]
      },
      "properties": {
        "segment_id": "seg_0060",
        "corridor": "Blue",
        "is_loop": false,
        "lines": [
          "Blue"
        ]
      }
    },
    {
      "type": "Feature",
      "geometry": {
        "type": "LineString",
        "coordinates": [
          [
            -87.69233522,
            41.8754777
          ],
          [
            -87.69148324,
            41.87547949
          ]
        ]
      },
      "properties": {
        "segment_id": "seg_0061",
        "corridor": "Blue",
        "is_loop": false,
        "lines": [
          "Blue"
        ]
      }
    },
    {
      "type": "Feature",
      "geometry": {
        "type": "LineString",
        "coordinates": [
          [
            -87.69148324,
            41.87547949
          ],
          [
            -87.69104051,
            41.87549953
          ]
        ]
      },
      "properties": {
        "segment_id": "seg_0062",
        "corridor": "Blue",
        "is_loop": false,
        "lines": [
          "Blue"
        ]
      }
    },
    {
      "type": "Feature",
      "geometry": {
        "type": "LineString",
        "coordinates": [
          [
            -87.69104051,
            41.87549953
          ],
          [
            -87.68844028,
            41.87553742
          ]
        ]
      },
      "properties": {
        "segment_id": "seg_0063",
        "corridor": "Blue",
        "is_loop": false,
        "lines": [
          "Blue"
        ]
      }
    },
    {
      "type": "Feature",
      "geometry": {
        "type": "LineString",
        "coordinates": [
          [
            -87.68844028,
            41.87553742
          ],
          [
            -87.67395164,
            41.87564328
          ]
        ]
      },
      "properties": {
        "segment_id": "seg_0064",
        "corridor": "Blue",
        "is_loop": false,
        "lines": [
          "Blue"
        ]
      }
    },
    {
      "type": "Feature",
      "geometry": {
        "type": "LineString",
        "coordinates": [
          [
            -87.67395164,
            41.87564328
          ],
          [
            -87.66971430567955,
            41.875725971903556
          ]
        ]
      },
      "properties": {
        "segment_id": "seg_0065",
        "corridor": "Blue",
        "is_loop": false,
        "lines": [
          "Blue"
        ]
      }
    },
    {
      "type": "Feature",
      "geometry": {
        "type": "LineString",
        "coordinates": [
          [
            -87.66971430567955,
            41.875725971903556
          ],
          [
            -87.664996,
            41.87581805
          ]
        ]
      },
      "properties": {
        "segment_id": "seg_0066",
        "corridor": "Blue",
        "is_loop": false,
        "lines": [
          "Blue"
        ]
      }
    },
    {
      "type": "Feature",
      "geometry": {
        "type": "LineString",
        "coordinates": [
          [
            -87.664996,
            41.87581805
          ],
          [
            -87.65786863,
            41.8759082
          ]
        ]
      },
      "properties": {
        "segment_id": "seg_0067",
        "corridor": "Blue",
        "is_loop": false,
        "lines": [
          "Blue"
        ]
      }
    },
    {
      "type": "Feature",
      "geometry": {
        "type": "LineString",
        "coordinates": [
          [
            -87.65786863,
            41.8759082
          ],
          [
            -87.6558483,
            41.87578711
          ]
        ]
      },
      "properties": {
        "segment_id": "seg_0068",
        "corridor": "Blue",
        "is_loop": false,
        "lines": [
          "Blue"
        ]
      }
    },
    {
      "type": "Feature",
      "geometry": {
        "type": "LineString",
        "coordinates": [
          [
            -87.6558483,
            41.87578711
          ],
          [
            -87.65376121,
            41.87560661
          ]
        ]
      },
      "properties": {
        "segment_id": "seg_0069",
        "corridor": "Blue",
        "is_loop": false,
        "lines": [
          "Blue"
        ]
      }
    },
    {
      "type": "Feature",
      "geometry": {
        "type": "LineString",
        "coordinates": [
          [
            -87.65376121,
            41.87560661
          ],
          [
            -87.65180096,
            41.87547341
          ]
        ]
      },
      "properties": {
        "segment_id": "seg_0070",
        "corridor": "Blue",
        "is_loop": false,
        "lines": [
          "Blue"
        ]
      }
    },
    {
      "type": "Feature",
      "geometry": {
        "type": "LineString",
        "coordinates": [
          [
            -87.65180096,
            41.87547341
          ],
          [
            -87.650404,
            41.87548496
          ]
        ]
      },
      "properties": {
        "segment_id": "seg_0071",
        "corridor": "Blue",
        "is_loop": false,
        "lines": [
          "Blue"
        ]
      }
    },
    {
      "type": "Feature",
      "geometry": {
        "type": "LineString",
        "coordinates": [
          [
            -87.650404,
            41.87548496
          ],
          [
            -87.64964799,
            41.87552406
          ]
        ]
      },
      "properties": {
        "segment_id": "seg_0072",
        "corridor": "Blue",
        "is_loop": false,
        "lines": [
          "Blue"
        ]
      }
    },
    {
      "type": "Feature",
      "geometry": {
        "type": "LineString",
        "coordinates": [
          [
            -87.64964799,
            41.87552406
          ],
          [
            -87.6419136,
            41.87552047
          ]
        ]
      },
      "properties": {
        "segment_id": "seg_0073",
        "corridor": "Blue",
        "is_loop": false,
        "lines": [
          "Blue"
        ]
      }
    },
    {
      "type": "Feature",
      "geometry": {
        "type": "LineString",
        "coordinates": [
          [
            -87.6419136,
            41.87552047
          ],
          [
            -87.63730452,
            41.87561182
          ]
        ]
      },
      "properties": {
        "segment_id": "seg_0074",
        "corridor": "Blue",
        "is_loop": false,
        "lines": [
          "Blue"
        ]
      }
    },
    {
      "type": "Feature",
      "geometry": {
        "type": "LineString",
        "coordinates": [
          [
            -87.63730452,
            41.87561182
          ],
          [
            -87.63363132,
            41.87557648
          ]
        ]
      },
      "properties": {
        "segment_id": "seg_0075",
        "corridor": "Blue",
        "is_loop": false,
        "lines": [
          "Blue"
        ]
      }
    },
    {
      "type": "Feature",
      "geometry": {
        "type": "LineString",
        "coordinates": [
          [
            -87.63363132,
            41.87557648
          ],
          [
            -87.63172783,
            41.87557548
          ]
        ]
      },
      "properties": {
        "segment_id": "seg_0076",
        "corridor": "Blue",
        "is_loop": false,
        "lines": [
          "Blue"
        ]
      }
    },
    {
      "type": "Feature",
      "geometry": {
        "type": "LineString",
        "coordinates": [
          [
            -87.63172783,
            41.87557548
          ],
          [
            -87.62969603,
            41.87561613
          ]
        ]
      },
      "properties": {
        "segment_id": "seg_0077",
        "corridor": "Blue",
        "is_loop": false,
        "lines": [
          "Blue"
        ]
      }
    },
    {
      "type": "Feature",
      "geometry": {
        "type": "LineString",
        "coordinates": [
          [
            -87.62969603,
            41.87561613
          ],
          [
            -87.6294264,
            41.87567331
          ]
        ]
      },
      "properties": {
        "segment_id": "seg_0078",
        "corridor": "Blue",
        "is_loop": false,
        "lines": [
          "Blue"
        ]
      }
    },
    {
      "type": "Feature",
      "geometry": {
        "type": "LineString",
        "coordinates": [
          [
            -87.6294264,
            41.87567331
          ],
          [
            -87.62929153,
            41.87574849
          ]
        ]
      },
      "properties": {
        "segment_id": "seg_0079",
        "corridor": "Blue",
        "is_loop": false,
        "lines": [
          "Blue"
        ]
      }
    },
    {
      "type": "Feature",
      "geometry": {
        "type": "LineString",
        "coordinates": [
          [
            -87.62929153,
            41.87574849
          ],
          [
            -87.62923243,
            41.87586904
          ]
        ]
      },
      "properties": {
        "segment_id": "seg_0080",
        "corridor": "Blue",
        "is_loop": false,
        "lines": [
          "Blue"
        ]
      }
    },
    {
      "type": "Feature",
      "geometry": {
        "type": "LineString",
        "coordinates": [
          [
            -87.62923243,
            41.87586904
          ],
          [
            -87.62922653,
            41.87598473
          ]
        ]
      },
      "properties": {
        "segment_id": "seg_0081",
        "corridor": "Blue",
        "is_loop": false,
        "lines": [
          "Blue"
        ]
      }
    },
    {
      "type": "Feature",
      "geometry": {
        "type": "LineString",
        "coordinates": [
          [
            -87.62942952,
            41.88213577
          ],
          [
            -87.62925871,
            41.87689399
          ]
        ]
      },
      "properties": {
        "segment_id": "seg_0082",
        "corridor": "Blue",
        "is_loop": false,
        "lines": [
          "Blue"
        ]
      }
    },
    {
      "type": "Feature",
      "geometry": {
        "type": "LineString",
        "coordinates": [
          [
            -87.62925871,
            41.87689399
          ],
          [
            -87.62922653,
            41.87598473
          ]
        ]
      },
      "properties": {
        "segment_id": "seg_0083",
        "corridor": "Blue",
        "is_loop": false,
        "lines": [
          "Blue"
        ]
      }
    },
    {
      "type": "Feature",
      "geometry": {
        "type": "LineString",
        "coordinates": [
          [
            -87.62947315,
            41.88547283
          ],
          [
            -87.62942952,
            41.88213577
          ]
        ]
      },
      "properties": {
        "segment_id": "seg_0084",
        "corridor": "Blue",
        "is_loop": false,
        "lines": [
          "Blue"
        ]
      }
    },
    {
      "type": "Feature",
      "geometry": {
        "type": "LineString",
        "coordinates": [
          [
            -87.62948375,
            41.88557868
          ],
          [
            -87.62947315,
            41.88547283
          ]
        ]
      },
      "properties": {
        "segment_id": "seg_0085",
        "corridor": "Blue",
        "is_loop": false,
        "lines": [
          "Blue"
        ]
      }
    },
    {
      "type": "Feature",
      "geometry": {
        "type": "LineString",
        "coordinates": [
          [
            -87.62953044,
            41.88564091
          ],
          [
            -87.62948375,
            41.88557868
          ]
        ]
      },
      "properties": {
        "segment_id": "seg_0086",
        "corridor": "Blue",
        "is_loop": false,
        "lines": [
          "Blue"
        ]
      }
    },
    {
      "type": "Feature",
      "geometry": {
        "type": "LineString",
        "coordinates": [
          [
            -87.62958916,
            41.88568552
          ],
          [
            -87.62953044,
            41.88564091
          ]
        ]
      },
      "properties": {
        "segment_id": "seg_0087",
        "corridor": "Blue",
        "is_loop": false,
        "lines": [
          "Blue"
        ]
      }
    },
    {
      "type": "Feature",
      "geometry": {
        "type": "LineString",
        "coordinates": [
          [
            -87.62967373063209,
            41.88571717805408
          ],
          [
            -87.62958916,
            41.88568552
          ]
        ]
      },
      "properties": {
        "segment_id": "seg_0088",
        "corridor": "Blue",
        "is_loop": false,
        "lines": [
          "Blue"
        ]
      }
    },
    {
      "type": "Feature",
      "geometry": {
        "type": "LineString",
        "coordinates": [
          [
            -87.62980016265452,
            41.885741970076936
          ],
          [
            -87.62967373063209,
            41.88571717805408
          ]
        ]
      },
      "properties": {
        "segment_id": "seg_0089",
        "corridor": "Blue",
        "is_loop": false,
        "lines": [
          "Blue"
        ]
      }
    },
    {
      "type": "Feature",
      "geometry": {
        "type": "LineString",
        "coordinates": [
          [
            -87.63944895,
            41.88571048
          ],
          [
            -87.63852268535933,
            41.88571392261542
          ]
        ]
      },
      "properties": {
        "segment_id": "seg_0090",
        "corridor": "Blue",
        "is_loop": false,
        "lines": [
          "Blue"
        ]
      }
    },
    {
      "type": "Feature",
      "geometry": {
        "type": "LineString",
        "coordinates": [
          [
            -87.63852268535933,
            41.88571392261542
          ],
          [
            -87.6339191207789,
            41.885738420732956
          ]
        ]
      },
      "properties": {
        "segment_id": "seg_0091",
        "corridor": "West Side",
        "is_loop": false,
        "lines": [
          "Blue",
          "Green",
          "Pink"
        ]
      }
    },
    {
      "type": "Feature",
      "geometry": {
        "type": "LineString",
        "coordinates": [
          [
            -87.6339191207789,
            41.885738420732956
          ],
          [
            -87.63317432536542,
            41.885733800678125
          ]
        ]
      },
      "properties": {
        "segment_id": "seg_0092",
        "corridor": "Loop",
        "is_loop": true,
        "lines": [
          "Blue",
          "Brown",
          "Green",
          "Orange",
          "Purple",
          "Pink"
        ]
      }
    },
    {
      "type": "Feature",
      "geometry": {
        "type": "LineString",
        "coordinates": [
          [
            -87.63317432536542,
            41.885733800678125
          ],
          [
            -87.63205828562418,
            41.88573794862403
          ]
        ]
      },
      "properties": {
        "segment_id": "seg_0093",
        "corridor": "Blue",
        "is_loop": false,
        "lines": [
          "Blue"
        ]
      }
    },
    {
      "type": "Feature",
      "geometry": {
        "type": "LineString",
        "coordinates": [
          [
            -87.63205828562418,
            41.88573794862403
          ],
          [
            -87.63012118312997,
            41.88574514818518
          ]
        ]
      },
      "properties": {
        "segment_id": "seg_0094",
        "corridor": "Blue",
        "is_loop": false,
        "lines": [
          "Blue"
        ]
      }
    },
    {
      "type": "Feature",
      "geometry": {
        "type": "LineString",
        "coordinates": [
          [
            -87.63012118312997,
            41.88574514818518
          ],
          [
            -87.62982204,
            41.88574626
          ]
        ]
      },
      "properties": {
        "segment_id": "seg_0095",
        "corridor": "Loop",
        "is_loop": true,
        "lines": [
          "Blue",
          "Brown",
          "Green",
          "Orange",
          "Purple",
          "Pink"
        ]
      }
    },
    {
      "type": "Feature",
      "geometry": {
        "type": "LineString",
        "coordinates": [
          [
            -87.63985484,
            41.88575842
          ],
          [
            -87.63953109094336,
            41.88572018173403
          ]
        ]
      },
      "properties": {
        "segment_id": "seg_0096",
        "corridor": "Blue",
        "is_loop": false,
        "lines": [
          "Blue"
        ]
      }
    },
    {
      "type": "Feature",
      "geometry": {
        "type": "LineString",
        "coordinates": [
          [
            -87.63953109094336,
            41.88572018173403
          ],
          [
            -87.63947124908752,
            41.88571311376347
          ]
        ]
      },
      "properties": {
        "segment_id": "seg_0097",
        "corridor": "Blue",
        "is_loop": false,
        "lines": [
          "Blue"
        ]
      }
    },
    {
      "type": "Feature",
      "geometry": {
        "type": "LineString",
        "coordinates": [
          [
            -87.63994335,
            41.88579883
          ],
          [
            -87.63985484,
            41.88575842
          ]
        ]
      },
      "properties": {
        "segment_id": "seg_0098",
        "corridor": "Blue",
        "is_loop": false,
        "lines": [
          "Blue"
        ]
      }
    },
    {
      "type": "Feature",
      "geometry": {
        "type": "LineString",
        "coordinates": [
          [
            -87.64444954,
            41.88910718
          ],
          [
            -87.63994335,
            41.88579883
          ]
        ]
      },
      "properties": {
        "segment_id": "seg_0099",
        "corridor": "Blue",
        "is_loop": false,
        "lines": [
          "Blue"
        ]
      }
    },
    {
      "type": "Feature",
      "geometry": {
        "type": "LineString",
        "coordinates": [
          [
            -87.64572158,
            41.88997748
          ],
          [
            -87.64444954,
            41.88910718
          ]
        ]
      },
      "properties": {
        "segment_id": "seg_0100",
        "corridor": "Blue",
        "is_loop": false,
        "lines": [
          "Blue"
        ]
      }
    },
    {
      "type": "Feature",
      "geometry": {
        "type": "LineString",
        "coordinates": [
          [
            -87.64859165,
            41.89184904
          ],
          [
            -87.64572158,
            41.88997748
          ]
        ]
      },
      "properties": {
        "segment_id": "seg_0101",
        "corridor": "Blue",
        "is_loop": false,
        "lines": [
          "Blue"
        ]
      }
    },
    {
      "type": "Feature",
      "geometry": {
        "type": "LineString",
        "coordinates": [
          [
            -87.65193481,
            41.89398538
          ],
          [
            -87.64859165,
            41.89184904
          ]
        ]
      },
      "properties": {
        "segment_id": "seg_0102",
        "corridor": "Blue",
        "is_loop": false,
        "lines": [
          "Blue"
        ]
      }
    },
    {
      "type": "Feature",
      "geometry": {
        "type": "LineString",
        "coordinates": [
          [
            -87.65285324,
            41.89460354
          ],
          [
            -87.65193481,
            41.89398538
          ]
        ]
      },
      "properties": {
        "segment_id": "seg_0103",
        "corridor": "Blue",
        "is_loop": false,
        "lines": [
          "Blue"
        ]
      }
    },
    {
      "type": "Feature",
      "geometry": {
        "type": "LineString",
        "coordinates": [
          [
            -87.65580256,
            41.89645185
          ],
          [
            -87.65285324,
            41.89460354
          ]
        ]
      },
      "properties": {
        "segment_id": "seg_0104",
        "corridor": "Blue",
        "is_loop": false,
        "lines": [
          "Blue"
        ]
      }
    },
    {
      "type": "Feature",
      "geometry": {
        "type": "LineString",
        "coordinates": [
          [
            -87.65782003,
            41.89778171
          ],
          [
            -87.65580256,
            41.89645185
          ]
        ]
      },
      "properties": {
        "segment_id": "seg_0105",
        "corridor": "Blue",
        "is_loop": false,
        "lines": [
          "Blue"
        ]
      }
    },
    {
      "type": "Feature",
      "geometry": {
        "type": "LineString",
        "coordinates": [
          [
            -87.66524265,
            41.90252851
          ],
          [
            -87.65782003,
            41.89778171
          ]
        ]
      },
      "properties": {
        "segment_id": "seg_0106",
        "corridor": "Blue",
        "is_loop": false,
        "lines": [
          "Blue"
        ]
      }
    },
    {
      "type": "Feature",
      "geometry": {
        "type": "LineString",
        "coordinates": [
          [
            -87.66650183,
            41.90336294
          ],
          [
            -87.66524265,
            41.90252851
          ]
        ]
      },
      "properties": {
        "segment_id": "seg_0107",
        "corridor": "Blue",
        "is_loop": false,
        "lines": [
          "Blue"
        ]
      }
    },
    {
      "type": "Feature",
      "geometry": {
        "type": "LineString",
        "coordinates": [
          [
            -87.6682817,
            41.90441129
          ],
          [
            -87.66650183,
            41.90336294
          ]
        ]
      },
      "properties": {
        "segment_id": "seg_0108",
        "corridor": "Blue",
        "is_loop": false,
        "lines": [
          "Blue"
        ]
      }
    },
    {
      "type": "Feature",
      "geometry": {
        "type": "LineString",
        "coordinates": [
          [
            -87.66900577,
            41.90465936
          ],
          [
            -87.6682817,
            41.90441129
          ]
        ]
      },
      "properties": {
        "segment_id": "seg_0109",
        "corridor": "Blue",
        "is_loop": false,
        "lines": [
          "Blue"
        ]
      }
    },
    {
      "type": "Feature",
      "geometry": {
        "type": "LineString",
        "coordinates": [
          [
            -87.67014862,
            41.90514585
          ],
          [
            -87.66900577,
            41.90465936
          ]
        ]
      },
      "properties": {
        "segment_id": "seg_0110",
        "corridor": "Blue",
        "is_loop": false,
        "lines": [
          "Blue"
        ]
      }
    },
    {
      "type": "Feature",
      "geometry": {
        "type": "LineString",
        "coordinates": [
          [
            -87.67064111,
            41.90538471
          ],
          [
            -87.67014862,
            41.90514585
          ]
        ]
      },
      "properties": {
        "segment_id": "seg_0111",
        "corridor": "Blue",
        "is_loop": false,
        "lines": [
          "Blue"
        ]
      }
    },
    {
      "type": "Feature",
      "geometry": {
        "type": "LineString",
        "coordinates": [
          [
            -87.67104148,
            41.90561097
          ],
          [
            -87.67064111,
            41.90538471
          ]
        ]
      },
      "properties": {
        "segment_id": "seg_0112",
        "corridor": "Blue",
        "is_loop": false,
        "lines": [
          "Blue"
        ]
      }
    },
    {
      "type": "Feature",
      "geometry": {
        "type": "LineString",
        "coordinates": [
          [
            -87.67572618,
            41.90860797
          ],
          [
            -87.67104148,
            41.90561097
          ]
        ]
      },
      "properties": {
        "segment_id": "seg_0113",
        "corridor": "Blue",
        "is_loop": false,
        "lines": [
          "Blue"
        ]
      }
    },
    {
      "type": "Feature",
      "geometry": {
        "type": "LineString",
        "coordinates": [
          [
            -87.67744242,
            41.90975165
          ],
          [
            -87.67572618,
            41.90860797
          ]
        ]
      },
      "properties": {
        "segment_id": "seg_0114",
        "corridor": "Blue",
        "is_loop": false,
        "lines": [
          "Blue"
        ]
      }
    },
    {
      "type": "Feature",
      "geometry": {
        "type": "LineString",
        "coordinates": [
          [
            -87.68209795,
            41.91274302
          ],
          [
            -87.67744242,
            41.90975165
          ]
        ]
      },
      "properties": {
        "segment_id": "seg_0115",
        "corridor": "Blue",
        "is_loop": false,
        "lines": [
          "Blue"
        ]
      }
    },
    {
      "type": "Feature",
      "geometry": {
        "type": "LineString",
        "coordinates": [
          [
            -87.68737015,
            41.91616529
          ],
          [
            -87.68209795,
            41.91274302
          ]
        ]
      },
      "properties": {
        "segment_id": "seg_0116",
        "corridor": "Blue",
        "is_loop": false,
        "lines": [
          "Blue"
        ]
      }
    },
    {
      "type": "Feature",
      "geometry": {
        "type": "LineString",
        "coordinates": [
          [
            -87.69113414,
            41.91847383
          ],
          [
            -87.68737015,
            41.91616529
          ]
        ]
      },
      "properties": {
        "segment_id": "seg_0117",
        "corridor": "Blue",
        "is_loop": false,
        "lines": [
          "Blue"
        ]
      }
    },
    {
      "type": "Feature",
      "geometry": {
        "type": "LineString",
        "coordinates": [
          [
            -87.69689557,
            41.92194703
          ],
          [
            -87.69113414,
            41.91847383
          ]
        ]
      },
      "properties": {
        "segment_id": "seg_0118",
        "corridor": "Blue",
        "is_loop": false,
        "lines": [
          "Blue"
        ]
      }
    },
    {
      "type": "Feature",
      "geometry": {
        "type": "LineString",
        "coordinates": [
          [
            -87.69994871,
            41.9238291
          ],
          [
            -87.69689557,
            41.92194703
          ]
        ]
      },
      "properties": {
        "segment_id": "seg_0119",
        "corridor": "Blue",
        "is_loop": false,
        "lines": [
          "Blue"
        ]
      }
    },
    {
      "type": "Feature",
      "geometry": {
        "type": "LineString",
        "coordinates": [
          [
            -87.70203337,
            41.92506742
          ],
          [
            -87.69994871,
            41.9238291
          ]
        ]
      },
      "properties": {
        "segment_id": "seg_0120",
        "corridor": "Blue",
        "is_loop": false,
        "lines": [
          "Blue"
        ]
      }
    },
    {
      "type": "Feature",
      "geometry": {
        "type": "LineString",
        "coordinates": [
          [
            -87.70395814,
            41.92627489
          ],
          [
            -87.70203337,
            41.92506742
          ]
        ]
      },
      "properties": {
        "segment_id": "seg_0121",
        "corridor": "Blue",
        "is_loop": false,
        "lines": [
          "Blue"
        ]
      }
    },
    {
      "type": "Feature",
      "geometry": {
        "type": "LineString",
        "coordinates": [
          [
            -87.70471027,
            41.92683903
          ],
          [
            -87.70395814,
            41.92627489
          ]
        ]
      },
      "properties": {
        "segment_id": "seg_0122",
        "corridor": "Blue",
        "is_loop": false,
        "lines": [
          "Blue"
        ]
      }
    },
    {
      "type": "Feature",
      "geometry": {
        "type": "LineString",
        "coordinates": [
          [
            -87.70594479,
            41.92796675
          ],
          [
            -87.70471027,
            41.92683903
          ]
        ]
      },
      "properties": {
        "segment_id": "seg_0123",
        "corridor": "Blue",
        "is_loop": false,
        "lines": [
          "Blue"
        ]
      }
    },
    {
      "type": "Feature",
      "geometry": {
        "type": "LineString",
        "coordinates": [
          [
            -87.70639627,
            41.92833889
          ],
          [
            -87.70594479,
            41.92796675
          ]
        ]
      },
      "properties": {
        "segment_id": "seg_0124",
        "corridor": "Blue",
        "is_loop": false,
        "lines": [
          "Blue"
        ]
      }
    },
    {
      "type": "Feature",
      "geometry": {
        "type": "LineString",
        "coordinates": [
          [
            -87.70735561,
            41.92900306
          ],
          [
            -87.70639627,
            41.92833889
          ]
        ]
      },
      "properties": {
        "segment_id": "seg_0125",
        "corridor": "Blue",
        "is_loop": false,
        "lines": [
          "Blue"
        ]
      }
    },
    {
      "type": "Feature",
      "geometry": {
        "type": "LineString",
        "coordinates": [
          [
            -87.71032622,
            41.93083804
          ],
          [
            -87.70735561,
            41.92900306
          ]
        ]
      },
      "properties": {
        "segment_id": "seg_0126",
        "corridor": "Blue",
        "is_loop": false,
        "lines": [
          "Blue"
        ]
      }
    },
    {
      "type": "Feature",
      "geometry": {
        "type": "LineString",
        "coordinates": [
          [
            -87.7116042,
            41.9316018
          ],
          [
            -87.71032622,
            41.93083804
          ]
        ]
      },
      "properties": {
        "segment_id": "seg_0127",
        "corridor": "Blue",
        "is_loop": false,
        "lines": [
          "Blue"
        ]
      }
    },
    {
      "type": "Feature",
      "geometry": {
        "type": "LineString",
        "coordinates": [
          [
            -87.71192991,
            41.93182846
          ],
          [
            -87.7116042,
            41.9316018
          ]
        ]
      },
      "properties": {
        "segment_id": "seg_0128",
        "corridor": "Blue",
        "is_loop": false,
        "lines": [
          "Blue"
        ]
      }
    },
    {
      "type": "Feature",
      "geometry": {
        "type": "LineString",
        "coordinates": [
          [
            -87.71206667,
            41.9319459
          ],
          [
            -87.71192991,
            41.93182846
          ]
        ]
      },
      "properties": {
        "segment_id": "seg_0129",
        "corridor": "Blue",
        "is_loop": false,
        "lines": [
          "Blue"
        ]
      }
    },
    {
      "type": "Feature",
      "geometry": {
        "type": "LineString",
        "coordinates": [
          [
            -87.71214807,
            41.93208364
          ],
          [
            -87.71206667,
            41.9319459
          ]
        ]
      },
      "properties": {
        "segment_id": "seg_0130",
        "corridor": "Blue",
        "is_loop": false,
        "lines": [
          "Blue"
        ]
      }
    },
    {
      "type": "Feature",
      "geometry": {
        "type": "LineString",
        "coordinates": [
          [
            -87.71220335,
            41.93242946
          ],
          [
            -87.71214807,
            41.93208364
          ]
        ]
      },
      "properties": {
        "segment_id": "seg_0131",
        "corridor": "Blue",
        "is_loop": false,
        "lines": [
          "Blue"
        ]
      }
    },
    {
      "type": "Feature",
      "geometry": {
        "type": "LineString",
        "coordinates": [
          [
            -87.71231403,
            41.93677317
          ],
          [
            -87.71220335,
            41.93242946
          ]
        ]
      },
      "properties": {
        "segment_id": "seg_0132",
        "corridor": "Blue",
        "is_loop": false,
        "lines": [
          "Blue"
        ]
      }
    },
    {
      "type": "Feature",
      "geometry": {
        "type": "LineString",
        "coordinates": [
          [
            -87.71242318,
            41.94014945
          ],
          [
            -87.71231403,
            41.93677317
          ]
        ]
      },
      "properties": {
        "segment_id": "seg_0133",
        "corridor": "Blue",
        "is_loop": false,
        "lines": [
          "Blue"
        ]
      }
    },
    {
      "type": "Feature",
      "geometry": {
        "type": "LineString",
        "coordinates": [
          [
            -87.7124853,
            41.94046613
          ],
          [
            -87.71242318,
            41.94014945
          ]
        ]
      },
      "properties": {
        "segment_id": "seg_0134",
        "corridor": "Blue",
        "is_loop": false,
        "lines": [
          "Blue"
        ]
      }
    },
    {
      "type": "Feature",
      "geometry": {
        "type": "LineString",
        "coordinates": [
          [
            -87.71258118,
            41.94066132
          ],
          [
            -87.7124853,
            41.94046613
          ]
        ]
      },
      "properties": {
        "segment_id": "seg_0135",
        "corridor": "Blue",
        "is_loop": false,
        "lines": [
          "Blue"
        ]
      }
    },
    {
      "type": "Feature",
      "geometry": {
        "type": "LineString",
        "coordinates": [
          [
            -87.71279055,
            41.94091796
          ],
          [
            -87.71258118,
            41.94066132
          ]
        ]
      },
      "properties": {
        "segment_id": "seg_0136",
        "corridor": "Blue",
        "is_loop": false,
        "lines": [
          "Blue"
        ]
      }
    },
    {
      "type": "Feature",
      "geometry": {
        "type": "LineString",
        "coordinates": [
          [
            -87.71300062,
            41.94110161
          ],
          [
            -87.71279055,
            41.94091796
          ]
        ]
      },
      "properties": {
        "segment_id": "seg_0137",
        "corridor": "Blue",
        "is_loop": false,
        "lines": [
          "Blue"
        ]
      }
    },
    {
      "type": "Feature",
      "geometry": {
        "type": "LineString",
        "coordinates": [
          [
            -87.7132923,
            41.94127352
          ],
          [
            -87.71300062,
            41.94110161
          ]
        ]
      },
      "properties": {
        "segment_id": "seg_0138",
        "corridor": "Blue",
        "is_loop": false,
        "lines": [
          "Blue"
        ]
      }
    },
    {
      "type": "Feature",
      "geometry": {
        "type": "LineString",
        "coordinates": [
          [
            -87.71361668,
            41.94143345
          ],
          [
            -87.7132923,
            41.94127352
          ]
        ]
      },
      "properties": {
        "segment_id": "seg_0139",
        "corridor": "Blue",
        "is_loop": false,
        "lines": [
          "Blue"
        ]
      }
    },
    {
      "type": "Feature",
      "geometry": {
        "type": "LineString",
        "coordinates": [
          [
            -87.71394131,
            41.94156904
          ],
          [
            -87.71361668,
            41.94143345
          ]
        ]
      },
      "properties": {
        "segment_id": "seg_0140",
        "corridor": "Blue",
        "is_loop": false,
        "lines": [
          "Blue"
        ]
      }
    },
    {
      "type": "Feature",
      "geometry": {
        "type": "LineString",
        "coordinates": [
          [
            -87.71473604,
            41.94196367
          ],
          [
            -87.71394131,
            41.94156904
          ]
        ]
      },
      "properties": {
        "segment_id": "seg_0141",
        "corridor": "Blue",
        "is_loop": false,
        "lines": [
          "Blue"
        ]
      }
    },
    {
      "type": "Feature",
      "geometry": {
        "type": "LineString",
        "coordinates": [
          [
            -87.71503361,
            41.9421399
          ],
          [
            -87.71473604,
            41.94196367
          ]
        ]
      },
      "properties": {
        "segment_id": "seg_0142",
        "corridor": "Blue",
        "is_loop": false,
        "lines": [
          "Blue"
        ]
      }
    },
    {
      "type": "Feature",
      "geometry": {
        "type": "LineString",
        "coordinates": [
          [
            -87.71529965,
            41.94231265
          ],
          [
            -87.71503361,
            41.9421399
          ]
        ]
      },
      "properties": {
        "segment_id": "seg_0143",
        "corridor": "Blue",
        "is_loop": false,
        "lines": [
          "Blue"
        ]
      }
    },
    {
      "type": "Feature",
      "geometry": {
        "type": "LineString",
        "coordinates": [
          [
            -87.71594,
            41.9427947
          ],
          [
            -87.71529965,
            41.94231265
          ]
        ]
      },
      "properties": {
        "segment_id": "seg_0144",
        "corridor": "Blue",
        "is_loop": false,
        "lines": [
          "Blue"
        ]
      }
    },
    {
      "type": "Feature",
      "geometry": {
        "type": "LineString",
        "coordinates": [
          [
            -87.71617408,
            41.94300559
          ],
          [
            -87.71594,
            41.9427947
          ]
        ]
      },
      "properties": {
        "segment_id": "seg_0145",
        "corridor": "Blue",
        "is_loop": false,
        "lines": [
          "Blue"
        ]
      }
    },
    {
      "type": "Feature",
      "geometry": {
        "type": "LineString",
        "coordinates": [
          [
            -87.71652759,
            41.9434053
          ],
          [
            -87.71617408,
            41.94300559
          ]
        ]
      },
      "properties": {
        "segment_id": "seg_0146",
        "corridor": "Blue",
        "is_loop": false,
        "lines": [
          "Blue"
        ]
      }
    },
    {
      "type": "Feature",
      "geometry": {
        "type": "LineString",
        "coordinates": [
          [
            -87.71680774,
            41.94380224
          ],
          [
            -87.71652759,
            41.9434053
          ]
        ]
      },
      "properties": {
        "segment_id": "seg_0147",
        "corridor": "Blue",
        "is_loop": false,
        "lines": [
          "Blue"
        ]
      }
    },
    {
      "type": "Feature",
      "geometry": {
        "type": "LineString",
        "coordinates": [
          [
            -87.71727256,
            41.94457179
          ],
          [
            -87.71680774,
            41.94380224
          ]
        ]
      },
      "properties": {
        "segment_id": "seg_0148",
        "corridor": "Blue",
        "is_loop": false,
        "lines": [
          "Blue"
        ]
      }
    },
    {
      "type": "Feature",
      "geometry": {
        "type": "LineString",
        "coordinates": [
          [
            -87.71831418,
            41.94641638
          ],
          [
            -87.71727256,
            41.94457179
          ]
        ]
      },
      "properties": {
        "segment_id": "seg_0149",
        "corridor": "Blue",
        "is_loop": false,
        "lines": [
          "Blue"
        ]
      }
    },
    {
      "type": "Feature",
      "geometry": {
        "type": "LineString",
        "coordinates": [
          [
            -87.71850639,
            41.94666991
          ],
          [
            -87.71831418,
            41.94641638
          ]
        ]
      },
      "properties": {
        "segment_id": "seg_0150",
        "corridor": "Blue",
        "is_loop": false,
        "lines": [
          "Blue"
        ]
      }
    },
    {
      "type": "Feature",
      "geometry": {
        "type": "LineString",
        "coordinates": [
          [
            -87.71868241,
            41.94694718
          ],
          [
            -87.71850639,
            41.94666991
          ]
        ]
      },
      "properties": {
        "segment_id": "seg_0151",
        "corridor": "Blue",
        "is_loop": false,
        "lines": [
          "Blue"
        ]
      }
    },
    {
      "type": "Feature",
      "geometry": {
        "type": "LineString",
        "coordinates": [
          [
            -87.71891603,
            41.94720809
          ],
          [
            -87.71868241,
            41.94694718
          ]
        ]
      },
      "properties": {
        "segment_id": "seg_0152",
        "corridor": "Blue",
        "is_loop": false,
        "lines": [
          "Blue"
        ]
      }
    },
    {
      "type": "Feature",
      "geometry": {
        "type": "LineString",
        "coordinates": [
          [
            -87.71928401,
            41.94751977
          ],
          [
            -87.71891603,
            41.94720809
          ]
        ]
      },
      "properties": {
        "segment_id": "seg_0153",
        "corridor": "Blue",
        "is_loop": false,
        "lines": [
          "Blue"
        ]
      }
    },
    {
      "type": "Feature",
      "geometry": {
        "type": "LineString",
        "coordinates": [
          [
            -87.71972442,
            41.94784737
          ],
          [
            -87.71928401,
            41.94751977
          ]
        ]
      },
      "properties": {
        "segment_id": "seg_0154",
        "corridor": "Blue",
        "is_loop": false,
        "lines": [
          "Blue"
        ]
      }
    },
    {
      "type": "Feature",
      "geometry": {
        "type": "LineString",
        "coordinates": [
          [
            -87.71992539,
            41.94796368
          ],
          [
            -87.71972442,
            41.94784737
          ]
        ]
      },
      "properties": {
        "segment_id": "seg_0155",
        "corridor": "Blue",
        "is_loop": false,
        "lines": [
          "Blue"
        ]
      }
    },
    {
      "type": "Feature",
      "geometry": {
        "type": "LineString",
        "coordinates": [
          [
            -87.72043238,
            41.94821138
          ],
          [
            -87.71992539,
            41.94796368
          ]
        ]
      },
      "properties": {
        "segment_id": "seg_0156",
        "corridor": "Blue",
        "is_loop": false,
        "lines": [
          "Blue"
        ]
      }
    },
    {
      "type": "Feature",
      "geometry": {
        "type": "LineString",
        "coordinates": [
          [
            -87.72181384,
            41.94881652
          ],
          [
            -87.72043238,
            41.94821138
          ]
        ]
      },
      "properties": {
        "segment_id": "seg_0157",
        "corridor": "Blue",
        "is_loop": false,
        "lines": [
          "Blue"
        ]
      }
    },
    {
      "type": "Feature",
      "geometry": {
        "type": "LineString",
        "coordinates": [
          [
            -87.72240886,
            41.94910972
          ],
          [
            -87.72181384,
            41.94881652
          ]
        ]
      },
      "properties": {
        "segment_id": "seg_0158",
        "corridor": "Blue",
        "is_loop": false,
        "lines": [
          "Blue"
        ]
      }
    },
    {
      "type": "Feature",
      "geometry": {
        "type": "LineString",
        "coordinates": [
          [
            -87.72302235,
            41.94944403
          ],
          [
            -87.72240886,
            41.94910972
          ]
        ]
      },
      "properties": {
        "segment_id": "seg_0159",
        "corridor": "Blue",
        "is_loop": false,
        "lines": [
          "Blue"
        ]
      }
    },
    {
      "type": "Feature",
      "geometry": {
        "type": "LineString",
        "coordinates": [
          [
            -87.72548138,
            41.95085631
          ],
          [
            -87.72302235,
            41.94944403
          ]
        ]
      },
      "properties": {
        "segment_id": "seg_0160",
        "corridor": "Blue",
        "is_loop": false,
        "lines": [
          "Blue"
        ]
      }
    },
    {
      "type": "Feature",
      "geometry": {
        "type": "LineString",
        "coordinates": [
          [
            -87.73043696,
            41.9536503
          ],
          [
            -87.72548138,
            41.95085631
          ]
        ]
      },
      "properties": {
        "segment_id": "seg_0161",
        "corridor": "Blue",
        "is_loop": false,
        "lines": [
          "Blue"
        ]
      }
    },
    {
      "type": "Feature",
      "geometry": {
        "type": "LineString",
        "coordinates": [
          [
            -87.73447143,
            41.95595826
          ],
          [
            -87.73043696,
            41.9536503
          ]
        ]
      },
      "properties": {
        "segment_id": "seg_0162",
        "corridor": "Blue",
        "is_loop": false,
        "lines": [
          "Blue"
        ]
      }
    },
    {
      "type": "Feature",
      "geometry": {
        "type": "LineString",
        "coordinates": [
          [
            -87.73594838,
            41.95671156
          ],
          [
            -87.73447143,
            41.95595826
          ]
        ]
      },
      "properties": {
        "segment_id": "seg_0163",
        "corridor": "Blue",
        "is_loop": false,
        "lines": [
          "Blue"
        ]
      }
    },
    {
      "type": "Feature",
      "geometry": {
        "type": "LineString",
        "coordinates": [
          [
            -87.74074613,
            41.95941467
          ],
          [
            -87.73594838,
            41.95671156
          ]
        ]
      },
      "properties": {
        "segment_id": "seg_0164",
        "corridor": "Blue",
        "is_loop": false,
        "lines": [
          "Blue"
        ]
      }
    },
    {
      "type": "Feature",
      "geometry": {
        "type": "LineString",
        "coordinates": [
          [
            -87.74215129,
            41.96029066
          ],
          [
            -87.74074613,
            41.95941467
          ]
        ]
      },
      "properties": {
        "segment_id": "seg_0165",
        "corridor": "Blue",
        "is_loop": false,
        "lines": [
          "Blue"
        ]
      }
    },
    {
      "type": "Feature",
      "geometry": {
        "type": "LineString",
        "coordinates": [
          [
            -87.74251578,
            41.96056648
          ],
          [
            -87.74215129,
            41.96029066
          ]
        ]
      },
      "properties": {
        "segment_id": "seg_0166",
        "corridor": "Blue",
        "is_loop": false,
        "lines": [
          "Blue"
        ]
      }
    },
    {
      "type": "Feature",
      "geometry": {
        "type": "LineString",
        "coordinates": [
          [
            -87.74300663,
            41.96098349
          ],
          [
            -87.74251578,
            41.96056648
          ]
        ]
      },
      "properties": {
        "segment_id": "seg_0167",
        "corridor": "Blue",
        "is_loop": false,
        "lines": [
          "Blue"
        ]
      }
    },
    {
      "type": "Feature",
      "geometry": {
        "type": "LineString",
        "coordinates": [
          [
            -87.74326992,
            41.96118285
          ],
          [
            -87.74300663,
            41.96098349
          ]
        ]
      },
      "properties": {
        "segment_id": "seg_0168",
        "corridor": "Blue",
        "is_loop": false,
        "lines": [
          "Blue"
        ]
      }
    },
    {
      "type": "Feature",
      "geometry": {
        "type": "LineString",
        "coordinates": [
          [
            -87.74362277,
            41.9614945
          ],
          [
            -87.74326992,
            41.96118285
          ]
        ]
      },
      "properties": {
        "segment_id": "seg_0169",
        "corridor": "Blue",
        "is_loop": false,
        "lines": [
          "Blue"
        ]
      }
    },
    {
      "type": "Feature",
      "geometry": {
        "type": "LineString",
        "coordinates": [
          [
            -87.74410135,
            41.96185904
          ],
          [
            -87.74362277,
            41.9614945
          ]
        ]
      },
      "properties": {
        "segment_id": "seg_0170",
        "corridor": "Blue",
        "is_loop": false,
        "lines": [
          "Blue"
        ]
      }
    },
    {
      "type": "Feature",
      "geometry": {
        "type": "LineString",
        "coordinates": [
          [
            -87.74477391,
            41.9623008
          ],
          [
            -87.74410135,
            41.96185904
          ]
        ]
      },
      "properties": {
        "segment_id": "seg_0171",
        "corridor": "Blue",
        "is_loop": false,
        "lines": [
          "Blue"
        ]
      }
    },
    {
      "type": "Feature",
      "geometry": {
        "type": "LineString",
        "coordinates": [
          [
            -87.74526097,
            41.96256863
          ],
          [
            -87.74477391,
            41.9623008
          ]
        ]
      },
      "properties": {
        "segment_id": "seg_0172",
        "corridor": "Blue",
        "is_loop": false,
        "lines": [
          "Blue"
        ]
      }
    },
    {
      "type": "Feature",
      "geometry": {
        "type": "LineString",
        "coordinates": [
          [
            -87.74546951,
            41.96266883
          ],
          [
            -87.74526097,
            41.96256863
          ]
        ]
      },
      "properties": {
        "segment_id": "seg_0173",
        "corridor": "Blue",
        "is_loop": false,
        "lines": [
          "Blue"
        ]
      }
    },
    {
      "type": "Feature",
      "geometry": {
        "type": "LineString",
        "coordinates": [
          [
            -87.74611831,
            41.96291989
          ],
          [
            -87.74567123138748,
            41.96274688821754
          ]
        ]
      },
      "properties": {
        "segment_id": "seg_0174",
        "corridor": "Blue",
        "is_loop": false,
        "lines": [
          "Blue"
        ]
      }
    },
    {
      "type": "Feature",
      "geometry": {
        "type": "LineString",
        "coordinates": [
          [
            -87.74567123138748,
            41.96274688821754
          ],
          [
            -87.74546951,
            41.96266883
          ]
        ]
      },
      "properties": {
        "segment_id": "seg_0175",
        "corridor": "Blue",
        "is_loop": false,
        "lines": [
          "Blue"
        ]
      }
    },
    {
      "type": "Feature",
      "geometry": {
        "type": "LineString",
        "coordinates": [
          [
            -87.7475952,
            41.96336336
          ],
          [
            -87.74611831,
            41.96291989
          ]
        ]
      },
      "properties": {
        "segment_id": "seg_0176",
        "corridor": "Blue",
        "is_loop": false,
        "lines": [
          "Blue"
        ]
      }
    },
    {
      "type": "Feature",
      "geometry": {
        "type": "LineString",
        "coordinates": [
          [
            -87.74870252,
            41.96373585
          ],
          [
            -87.7475952,
            41.96336336
          ]
        ]
      },
      "properties": {
        "segment_id": "seg_0177",
        "corridor": "Blue",
        "is_loop": false,
        "lines": [
          "Blue"
        ]
      }
    },
    {
      "type": "Feature",
      "geometry": {
        "type": "LineString",
        "coordinates": [
          [
            -87.74925262,
            41.96396257
          ],
          [
            -87.74870252,
            41.96373585
          ]
        ]
      },
      "properties": {
        "segment_id": "seg_0178",
        "corridor": "Blue",
        "is_loop": false,
        "lines": [
          "Blue"
        ]
      }
    },
    {
      "type": "Feature",
      "geometry": {
        "type": "LineString",
        "coordinates": [
          [
            -87.74975795,
            41.96419859
          ],
          [
            -87.74925262,
            41.96396257
          ]
        ]
      },
      "properties": {
        "segment_id": "seg_0179",
        "corridor": "Blue",
        "is_loop": false,
        "lines": [
          "Blue"
        ]
      }
    },
    {
      "type": "Feature",
      "geometry": {
        "type": "LineString",
        "coordinates": [
          [
            -87.75086409,
            41.9647841
          ],
          [
            -87.74975795,
            41.96419859
          ]
        ]
      },
      "properties": {
        "segment_id": "seg_0180",
        "corridor": "Blue",
        "is_loop": false,
        "lines": [
          "Blue"
        ]
      }
    },
    {
      "type": "Feature",
      "geometry": {
        "type": "LineString",
        "coordinates": [
          [
            -87.7516368,
            41.96537299
          ],
          [
            -87.75086409,
            41.9647841
          ]
        ]
      },
      "properties": {
        "segment_id": "seg_0181",
        "corridor": "Blue",
        "is_loop": false,
        "lines": [
          "Blue"
        ]
      }
    },
    {
      "type": "Feature",
      "geometry": {
        "type": "LineString",
        "coordinates": [
          [
            -87.75262036,
            41.96602352
          ],
          [
            -87.7516368,
            41.96537299
          ]
        ]
      },
      "properties": {
        "segment_id": "seg_0182",
        "corridor": "Blue",
        "is_loop": false,
        "lines": [
          "Blue"
        ]
      }
    },
    {
      "type": "Feature",
      "geometry": {
        "type": "LineString",
        "coordinates": [
          [
            -87.75332818,
            41.96646065
          ],
          [
            -87.75262036,
            41.96602352
          ]
        ]
      },
      "properties": {
        "segment_id": "seg_0183",
        "corridor": "Blue",
        "is_loop": false,
        "lines": [
          "Blue"
        ]
      }
    },
    {
      "type": "Feature",
      "geometry": {
        "type": "LineString",
        "coordinates": [
          [
            -87.75640593,
            41.96820321
          ],
          [
            -87.75332818,
            41.96646065
          ]
        ]
      },
      "properties": {
        "segment_id": "seg_0184",
        "corridor": "Blue",
        "is_loop": false,
        "lines": [
          "Blue"
        ]
      }
    },
    {
      "type": "Feature",
      "geometry": {
        "type": "LineString",
        "coordinates": [
          [
            -87.75918722,
            41.96980125
          ],
          [
            -87.75640593,
            41.96820321
          ]
        ]
      },
      "properties": {
        "segment_id": "seg_0185",
        "corridor": "Blue",
        "is_loop": false,
        "lines": [
          "Blue"
        ]
      }
    },
    {
      "type": "Feature",
      "geometry": {
        "type": "LineString",
        "coordinates": [
          [
            -87.76013208,
            41.97031374
          ],
          [
            -87.75918722,
            41.96980125
          ]
        ]
      },
      "properties": {
        "segment_id": "seg_0186",
        "corridor": "Blue",
        "is_loop": false,
        "lines": [
          "Blue"
        ]
      }
    },
    {
      "type": "Feature",
      "geometry": {
        "type": "LineString",
        "coordinates": [
          [
            -87.76149561,
            41.97088641
          ],
          [
            -87.76013208,
            41.97031374
          ]
        ]
      },
      "properties": {
        "segment_id": "seg_0187",
        "corridor": "Blue",
        "is_loop": false,
        "lines": [
          "Blue"
        ]
      }
    },
    {
      "type": "Feature",
      "geometry": {
        "type": "LineString",
        "coordinates": [
          [
            -87.76210065,
            41.97108171
          ],
          [
            -87.76149561,
            41.97088641
          ]
        ]
      },
      "properties": {
        "segment_id": "seg_0188",
        "corridor": "Blue",
        "is_loop": false,
        "lines": [
          "Blue"
        ]
      }
    },
    {
      "type": "Feature",
      "geometry": {
        "type": "LineString",
        "coordinates": [
          [
            -87.76371541,
            41.97146315
          ],
          [
            -87.76210065,
            41.97108171
          ]
        ]
      },
      "properties": {
        "segment_id": "seg_0189",
        "corridor": "Blue",
        "is_loop": false,
        "lines": [
          "Blue"
        ]
      }
    },
    {
      "type": "Feature",
      "geometry": {
        "type": "LineString",
        "coordinates": [
          [
            -87.76430296,
            41.97162234
          ],
          [
            -87.76371541,
            41.97146315
          ]
        ]
      },
      "properties": {
        "segment_id": "seg_0190",
        "corridor": "Blue",
        "is_loop": false,
        "lines": [
          "Blue"
        ]
      }
    },
    {
      "type": "Feature",
      "geometry": {
        "type": "LineString",
        "coordinates": [
          [
            -87.7651354,
            41.97192176
          ],
          [
            -87.76430296,
            41.97162234
          ]
        ]
      },
      "properties": {
        "segment_id": "seg_0191",
        "corridor": "Blue",
        "is_loop": false,
        "lines": [
          "Blue"
        ]
      }
    },
    {
      "type": "Feature",
      "geometry": {
        "type": "LineString",
        "coordinates": [
          [
            -87.76572334,
            41.97217278
          ],
          [
            -87.7651354,
            41.97192176
          ]
        ]
      },
      "properties": {
        "segment_id": "seg_0192",
        "corridor": "Blue",
        "is_loop": false,
        "lines": [
          "Blue"
        ]
      }
    },
    {
      "type": "Feature",
      "geometry": {
        "type": "LineString",
        "coordinates": [
          [
            -87.76624462,
            41.97244208
          ],
          [
            -87.76572334,
            41.97217278
          ]
        ]
      },
      "properties": {
        "segment_id": "seg_0193",
        "corridor": "Blue",
        "is_loop": false,
        "lines": [
          "Blue"
        ]
      }
    },
    {
      "type": "Feature",
      "geometry": {
        "type": "LineString",
        "coordinates": [
          [
            -87.76944578,
            41.97421948
          ],
          [
            -87.76624462,
            41.97244208
          ]
        ]
      },
      "properties": {
        "segment_id": "seg_0194",
        "corridor": "Blue",
        "is_loop": false,
        "lines": [
          "Blue"
        ]
      }
    },
    {
      "type": "Feature",
      "geometry": {
        "type": "LineString",
        "coordinates": [
          [
            -87.77702067,
            41.97853273
          ],
          [
            -87.76944578,
            41.97421948
          ]
        ]
      },
      "properties": {
        "segment_id": "seg_0195",
        "corridor": "Blue",
        "is_loop": false,
        "lines": [
          "Blue"
        ]
      }
    },
    {
      "type": "Feature",
      "geometry": {
        "type": "LineString",
        "coordinates": [
          [
            -87.77838758,
            41.9792874
          ],
          [
            -87.77702067,
            41.97853273
          ]
        ]
      },
      "properties": {
        "segment_id": "seg_0196",
        "corridor": "Blue",
        "is_loop": false,
        "lines": [
          "Blue"
        ]
      }
    },
    {
      "type": "Feature",
      "geometry": {
        "type": "LineString",
        "coordinates": [
          [
            -87.78252849,
            41.98164674
          ],
          [
            -87.77838758,
            41.9792874
          ]
        ]
      },
      "properties": {
        "segment_id": "seg_0197",
        "corridor": "Blue",
        "is_loop": false,
        "lines": [
          "Blue"
        ]
      }
    },
    {
      "type": "Feature",
      "geometry": {
        "type": "LineString",
        "coordinates": [
          [
            -87.78307306,
            41.98189948
          ],
          [
            -87.78252849,
            41.98164674
          ]
        ]
      },
      "properties": {
        "segment_id": "seg_0198",
        "corridor": "Blue",
        "is_loop": false,
        "lines": [
          "Blue"
        ]
      }
    },
    {
      "type": "Feature",
      "geometry": {
        "type": "LineString",
        "coordinates": [
          [
            -87.78364978,
            41.98212556
          ],
          [
            -87.78307306,
            41.98189948
          ]
        ]
      },
      "properties": {
        "segment_id": "seg_0199",
        "corridor": "Blue",
        "is_loop": false,
        "lines": [
          "Blue"
        ]
      }
    },
    {
      "type": "Feature",
      "geometry": {
        "type": "LineString",
        "coordinates": [
          [
            -87.7842072,
            41.98227711
          ],
          [
            -87.78364978,
            41.98212556
          ]
        ]
      },
      "properties": {
        "segment_id": "seg_0200",
        "corridor": "Blue",
        "is_loop": false,
        "lines": [
          "Blue"
        ]
      }
    },
    {
      "type": "Feature",
      "geometry": {
        "type": "LineString",
        "coordinates": [
          [
            -87.78469317,
            41.98238365
          ],
          [
            -87.7842072,
            41.98227711
          ]
        ]
      },
      "properties": {
        "segment_id": "seg_0201",
        "corridor": "Blue",
        "is_loop": false,
        "lines": [
          "Blue"
        ]
      }
    },
    {
      "type": "Feature",
      "geometry": {
        "type": "LineString",
        "coordinates": [
          [
            -87.78516747,
            41.98245441
          ],
          [
            -87.78469317,
            41.98238365
          ]
        ]
      },
      "properties": {
        "segment_id": "seg_0202",
        "corridor": "Blue",
        "is_loop": false,
        "lines": [
          "Blue"
        ]
      }
    },
    {
      "type": "Feature",
      "geometry": {
        "type": "LineString",
        "coordinates": [
          [
            -87.78598513,
            41.98250893
          ],
          [
            -87.78516747,
            41.98245441
          ]
        ]
      },
      "properties": {
        "segment_id": "seg_0203",
        "corridor": "Blue",
        "is_loop": false,
        "lines": [
          "Blue"
        ]
      }
    },
    {
      "type": "Feature",
      "geometry": {
        "type": "LineString",
        "coordinates": [
          [
            -87.80719031,
            41.98234783
          ],
          [
            -87.78598513,
            41.98250893
          ]
        ]
      },
      "properties": {
        "segment_id": "seg_0204",
        "corridor": "Blue",
        "is_loop": false,
        "lines": [
          "Blue"
        ]
      }
    },
    {
      "type": "Feature",
      "geometry": {
        "type": "LineString",
        "coordinates": [
          [
            -87.81112869,
            41.98229774
          ],
          [
            -87.80719031,
            41.98234783
          ]
        ]
      },
      "properties": {
        "segment_id": "seg_0205",
        "corridor": "Blue",
        "is_loop": false,
        "lines": [
          "Blue"
        ]
      }
    },
    {
      "type": "Feature",
      "geometry": {
        "type": "LineString",
        "coordinates": [
          [
            -87.81248659,
            41.98229012
          ],
          [
            -87.81112869,
            41.98229774
          ]
        ]
      },
      "properties": {
        "segment_id": "seg_0206",
        "corridor": "Blue",
        "is_loop": false,
        "lines": [
          "Blue"
        ]
      }
    },
    {
      "type": "Feature",
      "geometry": {
        "type": "LineString",
        "coordinates": [
          [
            -87.81304061,
            41.98231561
          ],
          [
            -87.81248659,
            41.98229012
          ]
        ]
      },
      "properties": {
        "segment_id": "seg_0207",
        "corridor": "Blue",
        "is_loop": false,
        "lines": [
          "Blue"
        ]
      }
    },
    {
      "type": "Feature",
      "geometry": {
        "type": "LineString",
        "coordinates": [
          [
            -87.81355755,
            41.98235701
          ],
          [
            -87.81304061,
            41.98231561
          ]
        ]
      },
      "properties": {
        "segment_id": "seg_0208",
        "corridor": "Blue",
        "is_loop": false,
        "lines": [
          "Blue"
        ]
      }
    },
    {
      "type": "Feature",
      "geometry": {
        "type": "LineString",
        "coordinates": [
          [
            -87.8147045,
            41.98254368
          ],
          [
            -87.81355755,
            41.98235701
          ]
        ]
      },
      "properties": {
        "segment_id": "seg_0209",
        "corridor": "Blue",
        "is_loop": false,
        "lines": [
          "Blue"
        ]
      }
    },
    {
      "type": "Feature",
      "geometry": {
        "type": "LineString",
        "coordinates": [
          [
            -87.81528545,
            41.98266576
          ],
          [
            -87.8147045,
            41.98254368
          ]
        ]
      },
      "properties": {
        "segment_id": "seg_0210",
        "corridor": "Blue",
        "is_loop": false,
        "lines": [
          "Blue"
        ]
      }
    },
    {
      "type": "Feature",
      "geometry": {
        "type": "LineString",
        "coordinates": [
          [
            -87.81685439,
            41.98306426
          ],
          [
            -87.81528545,
            41.98266576
          ]
        ]
      },
      "properties": {
        "segment_id": "seg_0211",
        "corridor": "Blue",
        "is_loop": false,
        "lines": [
          "Blue"
        ]
      }
    },
    {
      "type": "Feature",
      "geometry": {
        "type": "LineString",
        "coordinates": [
          [
            -87.81773353,
            41.98326748
          ],
          [
            -87.81685439,
            41.98306426
          ]
        ]
      },
      "properties": {
        "segment_id": "seg_0212",
        "corridor": "Blue",
        "is_loop": false,
        "lines": [
          "Blue"
        ]
      }
    },
    {
      "type": "Feature",
      "geometry": {
        "type": "LineString",
        "coordinates": [
          [
            -87.81861285,
            41.9834495
          ],
          [
            -87.81773353,
            41.98326748
          ]
        ]
      },
      "properties": {
        "segment_id": "seg_0213",
        "corridor": "Blue",
        "is_loop": false,
        "lines": [
          "Blue"
        ]
      }
    },
    {
      "type": "Feature",
      "geometry": {
        "type": "LineString",
        "coordinates": [
          [
            -87.82179544,
            41.98389645
          ],
          [
            -87.81861285,
            41.9834495
          ]
        ]
      },
      "properties": {
        "segment_id": "seg_0214",
        "corridor": "Blue",
        "is_loop": false,
        "lines": [
          "Blue"
        ]
      }
    },
    {
      "type": "Feature",
      "geometry": {
        "type": "LineString",
        "coordinates": [
          [
            -87.82528222,
            41.98432086
          ],
          [
            -87.82179544,
            41.98389645
          ]
        ]
      },
      "properties": {
        "segment_id": "seg_0215",
        "corridor": "Blue",
        "is_loop": false,
        "lines": [
          "Blue"
        ]
      }
    },
    {
      "type": "Feature",
      "geometry": {
        "type": "LineString",
        "coordinates": [
          [
            -87.82685006,
            41.98444265
          ],
          [
            -87.82528222,
            41.98432086
          ]
        ]
      },
      "properties": {
        "segment_id": "seg_0216",
        "corridor": "Blue",
        "is_loop": false,
        "lines": [
          "Blue"
        ]
      }
    },
    {
      "type": "Feature",
      "geometry": {
        "type": "LineString",
        "coordinates": [
          [
            -87.82959728,
            41.98455582
          ],
          [
            -87.82685006,
            41.98444265
          ]
        ]
      },
      "properties": {
        "segment_id": "seg_0217",
        "corridor": "Blue",
        "is_loop": false,
        "lines": [
          "Blue"
        ]
      }
    },
    {
      "type": "Feature",
      "geometry": {
        "type": "LineString",
        "coordinates": [
          [
            -87.83116435,
            41.98458106
          ],
          [
            -87.82959728,
            41.98455582
          ]
        ]
      },
      "properties": {
        "segment_id": "seg_0218",
        "corridor": "Blue",
        "is_loop": false,
        "lines": [
          "Blue"
        ]
      }
    },
    {
      "type": "Feature",
      "geometry": {
        "type": "LineString",
        "coordinates": [
          [
            -87.83276117,
            41.98454439
          ],
          [
            -87.83116435,
            41.98458106
          ]
        ]
      },
      "properties": {
        "segment_id": "seg_0219",
        "corridor": "Blue",
        "is_loop": false,
        "lines": [
          "Blue"
        ]
      }
    },
    {
      "type": "Feature",
      "geometry": {
        "type": "LineString",
        "coordinates": [
          [
            -87.84022411,
            41.98419713
          ],
          [
            -87.83276117,
            41.98454439
          ]
        ]
      },
      "properties": {
        "segment_id": "seg_0220",
        "corridor": "Blue",
        "is_loop": false,
        "lines": [
          "Blue"
        ]
      }
    },
    {
      "type": "Feature",
      "geometry": {
        "type": "LineString",
        "coordinates": [
          [
            -87.84186275,
            41.9841023
          ],
          [
            -87.84022411,
            41.98419713
          ]
        ]
      },
      "properties": {
        "segment_id": "seg_0221",
        "corridor": "Blue",
        "is_loop": false,
        "lines": [
          "Blue"
        ]
      }
    },
    {
      "type": "Feature",
      "geometry": {
        "type": "LineString",
        "coordinates": [
          [
            -87.84477951,
            41.98398586
          ],
          [
            -87.84186275,
            41.9841023
          ]
        ]
      },
      "properties": {
        "segment_id": "seg_0222",
        "corridor": "Blue",
        "is_loop": false,
        "lines": [
          "Blue"
        ]
      }
    },
    {
      "type": "Feature",
      "geometry": {
        "type": "LineString",
        "coordinates": [
          [
            -87.84568178,
            41.98398383
          ],
          [
            -87.84477951,
            41.98398586
          ]
        ]
      },
      "properties": {
        "segment_id": "seg_0223",
        "corridor": "Blue",
        "is_loop": false,
        "lines": [
          "Blue"
        ]
      }
    },
    {
      "type": "Feature",
      "geometry": {
        "type": "LineString",
        "coordinates": [
          [
            -87.85067317,
            41.98379619
          ],
          [
            -87.84568178,
            41.98398383
          ]
        ]
      },
      "properties": {
        "segment_id": "seg_0224",
        "corridor": "Blue",
        "is_loop": false,
        "lines": [
          "Blue"
        ]
      }
    },
    {
      "type": "Feature",
      "geometry": {
        "type": "LineString",
        "coordinates": [
          [
            -87.85360215,
            41.98375356
          ],
          [
            -87.85067317,
            41.98379619
          ]
        ]
      },
      "properties": {
        "segment_id": "seg_0225",
        "corridor": "Blue",
        "is_loop": false,
        "lines": [
          "Blue"
        ]
      }
    },
    {
      "type": "Feature",
      "geometry": {
        "type": "LineString",
        "coordinates": [
          [
            -87.85939353,
            41.98351515
          ],
          [
            -87.85360215,
            41.98375356
          ]
        ]
      },
      "properties": {
        "segment_id": "seg_0226",
        "corridor": "Blue",
        "is_loop": false,
        "lines": [
          "Blue"
        ]
      }
    },
    {
      "type": "Feature",
      "geometry": {
        "type": "LineString",
        "coordinates": [
          [
            -87.86395971,
            41.98335779
          ],
          [
            -87.85939353,
            41.98351515
          ]
        ]
      },
      "properties": {
        "segment_id": "seg_0227",
        "corridor": "Blue",
        "is_loop": false,
        "lines": [
          "Blue"
        ]
      }
    },
    {
      "type": "Feature",
      "geometry": {
        "type": "LineString",
        "coordinates": [
          [
            -87.87033177,
            41.98324131
          ],
          [
            -87.86395971,
            41.98335779
          ]
        ]
      },
      "properties": {
        "segment_id": "seg_0228",
        "corridor": "Blue",
        "is_loop": false,
        "lines": [
          "Blue"
        ]
      }
    },
    {
      "type": "Feature",
      "geometry": {
        "type": "LineString",
        "coordinates": [
          [
            -87.87194147,
            41.98319827
          ],
          [
            -87.87078963235237,
            41.98322906772153
          ]
        ]
      },
      "properties": {
        "segment_id": "seg_0229",
        "corridor": "Blue",
        "is_loop": false,
        "lines": [
          "Blue"
        ]
      }
    },
    {
      "type": "Feature",
      "geometry": {
        "type": "LineString",
        "coordinates": [
          [
            -87.87078963235237,
            41.98322906772153
          ],
          [
            -87.87033177,
            41.98324131
          ]
        ]
      },
      "properties": {
        "segment_id": "seg_0230",
        "corridor": "Blue",
        "is_loop": false,
        "lines": [
          "Blue"
        ]
      }
    },
    {
      "type": "Feature",
      "geometry": {
        "type": "LineString",
        "coordinates": [
          [
            -87.87276323,
            41.98313349
          ],
          [
            -87.87194147,
            41.98319827
          ]
        ]
      },
      "properties": {
        "segment_id": "seg_0231",
        "corridor": "Blue",
        "is_loop": false,
        "lines": [
          "Blue"
        ]
      }
    },
    {
      "type": "Feature",
      "geometry": {
        "type": "LineString",
        "coordinates": [
          [
            -87.87317845,
            41.98307326
          ],
          [
            -87.87276323,
            41.98313349
          ]
        ]
      },
      "properties": {
        "segment_id": "seg_0232",
        "corridor": "Blue",
        "is_loop": false,
        "lines": [
          "Blue"
        ]
      }
    },
    {
      "type": "Feature",
      "geometry": {
        "type": "LineString",
        "coordinates": [
          [
            -87.87364367,
            41.98298228
          ],
          [
            -87.87317845,
            41.98307326
          ]
        ]
      },
      "properties": {
        "segment_id": "seg_0233",
        "corridor": "Blue",
        "is_loop": false,
        "lines": [
          "Blue"
        ]
      }
    },
    {
      "type": "Feature",
      "geometry": {
        "type": "LineString",
        "coordinates": [
          [
            -87.87435026,
            41.98278085
          ],
          [
            -87.87364367,
            41.98298228
          ]
        ]
      },
      "properties": {
        "segment_id": "seg_0234",
        "corridor": "Blue",
        "is_loop": false,
        "lines": [
          "Blue"
        ]
      }
    },
    {
      "type": "Feature",
      "geometry": {
        "type": "LineString",
        "coordinates": [
          [
            -87.87570634,
            41.98224157
          ],
          [
            -87.87435026,
            41.98278085
          ]
        ]
      },
      "properties": {
        "segment_id": "seg_0235",
        "corridor": "Blue",
        "is_loop": false,
        "lines": [
          "Blue"
        ]
      }
    },
    {
      "type": "Feature",
      "geometry": {
        "type": "LineString",
        "coordinates": [
          [
            -87.87874421,
            41.98098848
          ],
          [
            -87.87570634,
            41.98224157
          ]
        ]
      },
      "properties": {
        "segment_id": "seg_0236",
        "corridor": "Blue",
        "is_loop": false,
        "lines": [
          "Blue"
        ]
      }
    },
    {
      "type": "Feature",
      "geometry": {
        "type": "LineString",
        "coordinates": [
          [
            -87.88551367,
            41.97823734
          ],
          [
            -87.87874421,
            41.98098848
          ]
        ]
      },
      "properties": {
        "segment_id": "seg_0237",
        "corridor": "Blue",
        "is_loop": false,
        "lines": [
          "Blue"
        ]
      }
    },
    {
      "type": "Feature",
      "geometry": {
        "type": "LineString",
        "coordinates": [
          [
            -87.88747802,
            41.97737546
          ],
          [
            -87.88551367,
            41.97823734
          ]
        ]
      },
      "properties": {
        "segment_id": "seg_0238",
        "corridor": "Blue",
        "is_loop": false,
        "lines": [
          "Blue"
        ]
      }
    },
    {
      "type": "Feature",
      "geometry": {
        "type": "LineString",
        "coordinates": [
          [
            -87.88805525,
            41.97717854
          ],
          [
            -87.88747802,
            41.97737546
          ]
        ]
      },
      "properties": {
        "segment_id": "seg_0239",
        "corridor": "Blue",
        "is_loop": false,
        "lines": [
          "Blue"
        ]
      }
    },
    {
      "type": "Feature",
      "geometry": {
        "type": "LineString",
        "coordinates": [
          [
            -87.88840658,
            41.97710172
          ],
          [
            -87.88805525,
            41.97717854
          ]
        ]
      },
      "properties": {
        "segment_id": "seg_0240",
        "corridor": "Blue",
        "is_loop": false,
        "lines": [
          "Blue"
        ]
      }
    },
    {
      "type": "Feature",
      "geometry": {
        "type": "LineString",
        "coordinates": [
          [
            -87.88875317,
            41.97705207
          ],
          [
            -87.88840658,
            41.97710172
          ]
        ]
      },
      "properties": {
        "segment_id": "seg_0241",
        "corridor": "Blue",
        "is_loop": false,
        "lines": [
          "Blue"
        ]
      }
    },
    {
      "type": "Feature",
      "geometry": {
        "type": "LineString",
        "coordinates": [
          [
            -87.88901295,
            41.97703947
          ],
          [
            -87.88875317,
            41.97705207
          ]
        ]
      },
      "properties": {
        "segment_id": "seg_0242",
        "corridor": "Blue",
        "is_loop": false,
        "lines": [
          "Blue"
        ]
      }
    },
    {
      "type": "Feature",
      "geometry": {
        "type": "LineString",
        "coordinates": [
          [
            -87.88960061,
            41.97704515
          ],
          [
            -87.88901295,
            41.97703947
          ]
        ]
      },
      "properties": {
        "segment_id": "seg_0243",
        "corridor": "Blue",
        "is_loop": false,
        "lines": [
          "Blue"
        ]
      }
    },
    {
      "type": "Feature",
      "geometry": {
        "type": "LineString",
        "coordinates": [
          [
            -87.88993743,
            41.97709064
          ],
          [
            -87.88960061,
            41.97704515
          ]
        ]
      },
      "properties": {
        "segment_id": "seg_0244",
        "corridor": "Blue",
        "is_loop": false,
        "lines": [
          "Blue"
        ]
      }
    },
    {
      "type": "Feature",
      "geometry": {
        "type": "LineString",
        "coordinates": [
          [
            -87.89031507,
            41.97716349
          ],
          [
            -87.88993743,
            41.97709064
          ]
        ]
      },
      "properties": {
        "segment_id": "seg_0245",
        "corridor": "Blue",
        "is_loop": false,
        "lines": [
          "Blue"
        ]
      }
    },
    {
      "type": "Feature",
      "geometry": {
        "type": "LineString",
        "coordinates": [
          [
            -87.89066071,
            41.97724981
          ],
          [
            -87.89031507,
            41.97716349
          ]
        ]
      },
      "properties": {
        "segment_id": "seg_0246",
        "corridor": "Blue",
        "is_loop": false,
        "lines": [
          "Blue"
        ]
      }
    },
    {
      "type": "Feature",
      "geometry": {
        "type": "LineString",
        "coordinates": [
          [
            -87.89095606,
            41.97736313
          ],
          [
            -87.89066071,
            41.97724981
          ]
        ]
      },
      "properties": {
        "segment_id": "seg_0247",
        "corridor": "Blue",
        "is_loop": false,
        "lines": [
          "Blue"
        ]
      }
    },
    {
      "type": "Feature",
      "geometry": {
        "type": "LineString",
        "coordinates": [
          [
            -87.89124216,
            41.97749682
          ],
          [
            -87.89095606,
            41.97736313
          ]
        ]
      },
      "properties": {
        "segment_id": "seg_0248",
        "corridor": "Blue",
        "is_loop": false,
        "lines": [
          "Blue"
        ]
      }
    },
    {
      "type": "Feature",
      "geometry": {
        "type": "LineString",
        "coordinates": [
          [
            -87.89148723,
            41.97763374
          ],
          [
            -87.89124216,
            41.97749682
          ]
        ]
      },
      "properties": {
        "segment_id": "seg_0249",
        "corridor": "Blue",
        "is_loop": false,
        "lines": [
          "Blue"
        ]
      }
    },
    {
      "type": "Feature",
      "geometry": {
        "type": "LineString",
        "coordinates": [
          [
            -87.89170936,
            41.97779437
          ],
          [
            -87.89148723,
            41.97763374
          ]
        ]
      },
      "properties": {
        "segment_id": "seg_0250",
        "corridor": "Blue",
        "is_loop": false,
        "lines": [
          "Blue"
        ]
      }
    },
    {
      "type": "Feature",
      "geometry": {
        "type": "LineString",
        "coordinates": [
          [
            -87.89279619,
            41.9787141
          ],
          [
            -87.89170936,
            41.97779437
          ]
        ]
      },
      "properties": {
        "segment_id": "seg_0251",
        "corridor": "Blue",
        "is_loop": false,
        "lines": [
          "Blue"
        ]
      }
    },
    {
      "type": "Feature",
      "geometry": {
        "type": "LineString",
        "coordinates": [
          [
            -87.89383222,
            41.97965497
          ],
          [
            -87.89279619,
            41.9787141
          ]
        ]
      },
      "properties": {
        "segment_id": "seg_0252",
        "corridor": "Blue",
        "is_loop": false,
        "lines": [
          "Blue"
        ]
      }
    },
    {
      "type": "Feature",
      "geometry": {
        "type": "LineString",
        "coordinates": [
          [
            -87.89576815,
            41.98132633
          ],
          [
            -87.89383222,
            41.97965497
          ]
        ]
      },
      "properties": {
        "segment_id": "seg_0253",
        "corridor": "Blue",
        "is_loop": false,
        "lines": [
          "Blue"
        ]
      }
    },
    {
      "type": "Feature",
      "geometry": {
        "type": "LineString",
        "coordinates": [
          [
            -87.89601852,
            41.98147528
          ],
          [
            -87.89576815,
            41.98132633
          ]
        ]
      },
      "properties": {
        "segment_id": "seg_0254",
        "corridor": "Blue",
        "is_loop": false,
        "lines": [
          "Blue"
        ]
      }
    },
    {
      "type": "Feature",
      "geometry": {
        "type": "LineString",
        "coordinates": [
          [
            -87.89627925,
            41.9815941
          ],
          [
            -87.89601852,
            41.98147528
          ]
        ]
      },
      "properties": {
        "segment_id": "seg_0255",
        "corridor": "Blue",
        "is_loop": false,
        "lines": [
          "Blue"
        ]
      }
    },
    {
      "type": "Feature",
      "geometry": {
        "type": "LineString",
        "coordinates": [
          [
            -87.89658984,
            41.98168175
          ],
          [
            -87.89627925,
            41.9815941
          ]
        ]
      },
      "properties": {
        "segment_id": "seg_0256",
        "corridor": "Blue",
        "is_loop": false,
        "lines": [
          "Blue"
        ]
      }
    },
    {
      "type": "Feature",
      "geometry": {
        "type": "LineString",
        "coordinates": [
          [
            -87.89713871,
            41.98174609
          ],
          [
            -87.89658984,
            41.98168175
          ]
        ]
      },
      "properties": {
        "segment_id": "seg_0257",
        "corridor": "Blue",
        "is_loop": false,
        "lines": [
          "Blue"
        ]
      }
    },
    {
      "type": "Feature",
      "geometry": {
        "type": "LineString",
        "coordinates": [
          [
            -87.89778347,
            41.98176359
          ],
          [
            -87.89713871,
            41.98174609
          ]
        ]
      },
      "properties": {
        "segment_id": "seg_0258",
        "corridor": "Blue",
        "is_loop": false,
        "lines": [
          "Blue"
        ]
      }
    },
    {
      "type": "Feature",
      "geometry": {
        "type": "LineString",
        "coordinates": [
          [
            -87.89842627,
            41.98181708
          ],
          [
            -87.89778347,
            41.98176359
          ]
        ]
      },
      "properties": {
        "segment_id": "seg_0259",
        "corridor": "Blue",
        "is_loop": false,
        "lines": [
          "Blue"
        ]
      }
    },
    {
      "type": "Feature",
      "geometry": {
        "type": "LineString",
        "coordinates": [
          [
            -87.89916521,
            41.98181988
          ],
          [
            -87.89842627,
            41.98181708
          ]
        ]
      },
      "properties": {
        "segment_id": "seg_0260",
        "corridor": "Blue",
        "is_loop": false,
        "lines": [
          "Blue"
        ]
      }
    },
    {
      "type": "Feature",
      "geometry": {
        "type": "LineString",
        "coordinates": [
          [
            -87.89994645,
            41.98163904
          ],
          [
            -87.89916521,
            41.98181988
          ]
        ]
      },
      "properties": {
        "segment_id": "seg_0261",
        "corridor": "Blue",
        "is_loop": false,
        "lines": [
          "Blue"
        ]
      }
    },
    {
      "type": "Feature",
      "geometry": {
        "type": "LineString",
        "coordinates": [
          [
            -87.90057847,
            41.98126365
          ],
          [
            -87.89994645,
            41.98163904
          ]
        ]
      },
      "properties": {
        "segment_id": "seg_0262",
        "corridor": "Blue",
        "is_loop": false,
        "lines": [
          "Blue"
        ]
      }
    },
    {
      "type": "Feature",
      "geometry": {
        "type": "LineString",
        "coordinates": [
          [
            -87.9012957,
            41.9804291
          ],
          [
            -87.90057847,
            41.98126365
          ]
        ]
      },
      "properties": {
        "segment_id": "seg_0263",
        "corridor": "Blue",
        "is_loop": false,
        "lines": [
          "Blue"
        ]
      }
    },
    {
      "type": "Feature",
      "geometry": {
        "type": "LineString",
        "coordinates": [
          [
            -87.90422891,
            41.97767312
          ],
          [
            -87.9012957,
            41.9804291
          ]
        ]
      },
      "properties": {
        "segment_id": "seg_0264",
        "corridor": "Blue",
        "is_loop": false,
        "lines": [
          "Blue"
        ]
      }
    },
    {
      "type": "Feature",
      "geometry": {
        "type": "LineString",
        "coordinates": [
          [
            -87.76089808,
            41.970642
          ],
          [
            -87.76013208,
            41.97031374
          ]
        ]
      },
      "properties": {
        "segment_id": "seg_0265",
        "corridor": "Blue",
        "is_loop": false,
        "lines": [
          "Blue"
        ]
      }
    },
    {
      "type": "Feature",
      "geometry": {
        "type": "LineString",
        "coordinates": [
          [
            -87.74611831,
            41.96291989
          ],
          [
            -87.74577478,
            41.96279188
          ]
        ]
      },
      "properties": {
        "segment_id": "seg_0266",
        "corridor": "Blue",
        "is_loop": false,
        "lines": [
          "Blue"
        ]
      }
    },
    {
      "type": "Feature",
      "geometry": {
        "type": "LineString",
        "coordinates": [
          [
            -87.74577478,
            41.96279188
          ],
          [
            -87.74567123138748,
            41.96274688821754
          ]
        ]
      },
      "properties": {
        "segment_id": "seg_0267",
        "corridor": "Blue",
        "is_loop": false,
        "lines": [
          "Blue"
        ]
      }
    },
    {
      "type": "Feature",
      "geometry": {
        "type": "LineString",
        "coordinates": [
          [
            -87.74567123138748,
            41.96274688821754
          ],
          [
            -87.74526097,
            41.96256863
          ]
        ]
      },
      "properties": {
        "segment_id": "seg_0268",
        "corridor": "Blue",
        "is_loop": false,
        "lines": [
          "Blue"
        ]
      }
    },
    {
      "type": "Feature",
      "geometry": {
        "type": "LineString",
        "coordinates": [
          [
            -87.62977874391476,
            41.885740279322036
          ],
          [
            -87.62971012,
            41.8857308
          ]
        ]
      },
      "properties": {
        "segment_id": "seg_0269",
        "corridor": "Blue",
        "is_loop": false,
        "lines": [
          "Blue"
        ]
      }
    },
    {
      "type": "Feature",
      "geometry": {
        "type": "LineString",
        "coordinates": [
          [
            -87.87139598,
            41.98321764
          ],
          [
            -87.87078963235237,
            41.98322906772153
          ]
        ]
      },
      "properties": {
        "segment_id": "seg_0270",
        "corridor": "Blue",
        "is_loop": false,
        "lines": [
          "Blue"
        ]
      }
    },
    {
      "type": "Feature",
      "geometry": {
        "type": "LineString",
        "coordinates": [
          [
            -87.87078963235237,
            41.98322906772153
          ],
          [
            -87.86395971,
            41.98335779
          ]
        ]
      },
      "properties": {
        "segment_id": "seg_0271",
        "corridor": "Blue",
        "is_loop": false,
        "lines": [
          "Blue"
        ]
      }
    },
    {
      "type": "Feature",
      "geometry": {
        "type": "LineString",
        "coordinates": [
          [
            -87.87194147,
            41.98319827
          ],
          [
            -87.87139598,
            41.98321764
          ]
        ]
      },
      "properties": {
        "segment_id": "seg_0272",
        "corridor": "Blue",
        "is_loop": false,
        "lines": [
          "Blue"
        ]
      }
    },
    {
      "type": "Feature",
      "geometry": {
        "type": "LineString",
        "coordinates": [
          [
            -87.65946127,
            41.87589349
          ],
          [
            -87.65786863,
            41.8759082
          ]
        ]
      },
      "properties": {
        "segment_id": "seg_0273",
        "corridor": "Blue",
        "is_loop": false,
        "lines": [
          "Blue"
        ]
      }
    },
    {
      "type": "Feature",
      "geometry": {
        "type": "LineString",
        "coordinates": [
          [
            -87.65786863,
            41.8759082
          ],
          [
            -87.65739138,
            41.87588398
          ]
        ]
      },
      "properties": {
        "segment_id": "seg_0274",
        "corridor": "Blue",
        "is_loop": false,
        "lines": [
          "Blue"
        ]
      }
    },
    {
      "type": "Feature",
      "geometry": {
        "type": "LineString",
        "coordinates": [
          [
            -87.65739138,
            41.87588398
          ],
          [
            -87.6558483,
            41.87578711
          ]
        ]
      },
      "properties": {
        "segment_id": "seg_0275",
        "corridor": "Blue",
        "is_loop": false,
        "lines": [
          "Blue"
        ]
      }
    },
    {
      "type": "Feature",
      "geometry": {
        "type": "LineString",
        "coordinates": [
          [
            -87.67289823,
            42.0190711
          ],
          [
            -87.66988791,
            42.01658467
          ]
        ]
      },
      "properties": {
        "segment_id": "seg_0276",
        "corridor": "Shared",
        "is_loop": false,
        "lines": [
          "Red",
          "Purple"
        ]
      }
    },
    {
      "type": "Feature",
      "geometry": {
        "type": "LineString",
        "coordinates": [
          [
            -87.66988791,
            42.01658467
          ],
          [
            -87.66718909,
            42.01422277
          ]
        ]
      },
      "properties": {
        "segment_id": "seg_0277",
        "corridor": "Shared",
        "is_loop": false,
        "lines": [
          "Red",
          "Purple"
        ]
      }
    },
    {
      "type": "Feature",
      "geometry": {
        "type": "LineString",
        "coordinates": [
          [
            -87.66718909,
            42.01422277
          ],
          [
            -87.66689628,
            42.01388965
          ]
        ]
      },
      "properties": {
        "segment_id": "seg_0278",
        "corridor": "North Main",
        "is_loop": false,
        "lines": [
          "Red",
          "Purple"
        ]
      }
    },
    {
      "type": "Feature",
      "geometry": {
        "type": "LineString",
        "coordinates": [
          [
            -87.66689628,
            42.01388965
          ],
          [
            -87.66664051,
            42.01355674
          ]
        ]
      },
      "properties": {
        "segment_id": "seg_0279",
        "corridor": "North Main",
        "is_loop": false,
        "lines": [
          "Red",
          "Purple"
        ]
      }
    },
    {
      "type": "Feature",
      "geometry": {
        "type": "LineString",
        "coordinates": [
          [
            -87.66664051,
            42.01355674
          ],
          [
            -87.66630395,
            42.0129817
          ]
        ]
      },
      "properties": {
        "segment_id": "seg_0280",
        "corridor": "North Main",
        "is_loop": false,
        "lines": [
          "Red",
          "Purple"
        ]
      }
    },
    {
      "type": "Feature",
      "geometry": {
        "type": "LineString",
        "coordinates": [
          [
            -87.66630395,
            42.0129817
          ],
          [
            -87.66613201,
            42.01260094
          ]
        ]
      },
      "properties": {
        "segment_id": "seg_0281",
        "corridor": "North Main",
        "is_loop": false,
        "lines": [
          "Red",
          "Purple"
        ]
      }
    },
    {
      "type": "Feature",
      "geometry": {
        "type": "LineString",
        "coordinates": [
          [
            -87.66613201,
            42.01260094
          ],
          [
            -87.66606134,
            42.012276
          ]
        ]
      },
      "properties": {
        "segment_id": "seg_0282",
        "corridor": "North Main",
        "is_loop": false,
        "lines": [
          "Red",
          "Purple"
        ]
      }
    },
    {
      "type": "Feature",
      "geometry": {
        "type": "LineString",
        "coordinates": [
          [
            -87.66606134,
            42.012276
          ],
          [
            -87.6660196,
            42.01184076
          ]
        ]
      },
      "properties": {
        "segment_id": "seg_0283",
        "corridor": "North Main",
        "is_loop": false,
        "lines": [
          "Red",
          "Purple"
        ]
      }
    },
    {
      "type": "Feature",
      "geometry": {
        "type": "LineString",
        "coordinates": [
          [
            -87.6660196,
            42.01184076
          ],
          [
            -87.66591486,
            42.00836969
          ]
        ]
      },
      "properties": {
        "segment_id": "seg_0284",
        "corridor": "North Main",
        "is_loop": false,
        "lines": [
          "Red",
          "Purple"
        ]
      }
    },
    {
      "type": "Feature",
      "geometry": {
        "type": "LineString",
        "coordinates": [
          [
            -87.66591486,
            42.00836969
          ],
          [
            -87.66583738,
            42.00687393
          ]
        ]
      },
      "properties": {
        "segment_id": "seg_0285",
        "corridor": "North Main",
        "is_loop": false,
        "lines": [
          "Red",
          "Purple"
        ]
      }
    },
    {
      "type": "Feature",
      "geometry": {
        "type": "LineString",
        "coordinates": [
          [
            -87.66583738,
            42.00687393
          ],
          [
            -87.66577548,
            42.00619233
          ]
        ]
      },
      "properties": {
        "segment_id": "seg_0286",
        "corridor": "North Main",
        "is_loop": false,
        "lines": [
          "Red",
          "Purple"
        ]
      }
    },
    {
      "type": "Feature",
      "geometry": {
        "type": "LineString",
        "coordinates": [
          [
            -87.66577548,
            42.00619233
          ],
          [
            -87.66571824,
            42.00586755
          ]
        ]
      },
      "properties": {
        "segment_id": "seg_0287",
        "corridor": "North Main",
        "is_loop": false,
        "lines": [
          "Red",
          "Purple"
        ]
      }
    },
    {
      "type": "Feature",
      "geometry": {
        "type": "LineString",
        "coordinates": [
          [
            -87.66571824,
            42.00586755
          ],
          [
            -87.66553138,
            42.00525755
          ]
        ]
      },
      "properties": {
        "segment_id": "seg_0288",
        "corridor": "North Main",
        "is_loop": false,
        "lines": [
          "Red",
          "Purple"
        ]
      }
    },
    {
      "type": "Feature",
      "geometry": {
        "type": "LineString",
        "coordinates": [
          [
            -87.66553138,
            42.00525755
          ],
          [
            -87.66527697,
            42.00467313
          ]
        ]
      },
      "properties": {
        "segment_id": "seg_0289",
        "corridor": "North Main",
        "is_loop": false,
        "lines": [
          "Red",
          "Purple"
        ]
      }
    },
    {
      "type": "Feature",
      "geometry": {
        "type": "LineString",
        "coordinates": [
          [
            -87.66527697,
            42.00467313
          ],
          [
            -87.66500487,
            42.00415573
          ]
        ]
      },
      "properties": {
        "segment_id": "seg_0290",
        "corridor": "North Main",
        "is_loop": false,
        "lines": [
          "Red",
          "Purple"
        ]
      }
    },
    {
      "type": "Feature",
      "geometry": {
        "type": "LineString",
        "coordinates": [
          [
            -87.66500487,
            42.00415573
          ],
          [
            -87.66477402,
            42.00382323
          ]
        ]
      },
      "properties": {
        "segment_id": "seg_0291",
        "corridor": "North Main",
        "is_loop": false,
        "lines": [
          "Red",
          "Purple"
        ]
      }
    },
    {
      "type": "Feature",
      "geometry": {
        "type": "LineString",
        "coordinates": [
          [
            -87.66477402,
            42.00382323
          ],
          [
            -87.6644812,
            42.00348793
          ]
        ]
      },
      "properties": {
        "segment_id": "seg_0292",
        "corridor": "North Main",
        "is_loop": false,
        "lines": [
          "Red",
          "Purple"
        ]
      }
    },
    {
      "type": "Feature",
      "geometry": {
        "type": "LineString",
        "coordinates": [
          [
            -87.6644812,
            42.00348793
          ],
          [
            -87.66404806,
            42.00308916
          ]
        ]
      },
      "properties": {
        "segment_id": "seg_0293",
        "corridor": "North Main",
        "is_loop": false,
        "lines": [
          "Red",
          "Purple"
        ]
      }
    },
    {
      "type": "Feature",
      "geometry": {
        "type": "LineString",
        "coordinates": [
          [
            -87.66404806,
            42.00308916
          ],
          [
            -87.66346757,
            42.00264578
          ]
        ]
      },
      "properties": {
        "segment_id": "seg_0294",
        "corridor": "North Main",
        "is_loop": false,
        "lines": [
          "Red",
          "Purple"
        ]
      }
    },
    {
      "type": "Feature",
      "geometry": {
        "type": "LineString",
        "coordinates": [
          [
            -87.66346757,
            42.00264578
          ],
          [
            -87.66225499,
            42.00187675
          ]
        ]
      },
      "properties": {
        "segment_id": "seg_0295",
        "corridor": "North Main",
        "is_loop": false,
        "lines": [
          "Red",
          "Purple"
        ]
      }
    },
    {
      "type": "Feature",
      "geometry": {
        "type": "LineString",
        "coordinates": [
          [
            -87.66225499,
            42.00187675
          ],
          [
            -87.66166325,
            42.00153284
          ]
        ]
      },
      "properties": {
        "segment_id": "seg_0296",
        "corridor": "North Main",
        "is_loop": false,
        "lines": [
          "Red",
          "Purple"
        ]
      }
    },
    {
      "type": "Feature",
      "geometry": {
        "type": "LineString",
        "coordinates": [
          [
            -87.66166325,
            42.00153284
          ],
          [
            -87.66142601,
            42.00137464
          ]
        ]
      },
      "properties": {
        "segment_id": "seg_0297",
        "corridor": "North Main",
        "is_loop": false,
        "lines": [
          "Red",
          "Purple"
        ]
      }
    },
    {
      "type": "Feature",
      "geometry": {
        "type": "LineString",
        "coordinates": [
          [
            -87.66142601,
            42.00137464
          ],
          [
            -87.66083355,
            42.00090723
          ]
        ]
      },
      "properties": {
        "segment_id": "seg_0298",
        "corridor": "North Main",
        "is_loop": false,
        "lines": [
          "Red",
          "Purple"
        ]
      }
    },
    {
      "type": "Feature",
      "geometry": {
        "type": "LineString",
        "coordinates": [
          [
            -87.66083355,
            42.00090723
          ],
          [
            -87.66049767,
            42.0005971
          ]
        ]
      },
      "properties": {
        "segment_id": "seg_0299",
        "corridor": "North Main",
        "is_loop": false,
        "lines": [
          "Red",
          "Purple"
        ]
      }
    },
    {
      "type": "Feature",
      "geometry": {
        "type": "LineString",
        "coordinates": [
          [
            -87.66049767,
            42.0005971
          ],
          [
            -87.66005286,
            42.00009317
          ]
        ]
      },
      "properties": {
        "segment_id": "seg_0300",
        "corridor": "North Main",
        "is_loop": false,
        "lines": [
          "Red",
          "Purple"
        ]
      }
    },
    {
      "type": "Feature",
      "geometry": {
        "type": "LineString",
        "coordinates": [
          [
            -87.66005286,
            42.00009317
          ],
          [
            -87.6599008,
            41.99989451
          ]
        ]
      },
      "properties": {
        "segment_id": "seg_0301",
        "corridor": "North Main",
        "is_loop": false,
        "lines": [
          "Red",
          "Purple"
        ]
      }
    },
    {
      "type": "Feature",
      "geometry": {
        "type": "LineString",
        "coordinates": [
          [
            -87.6599008,
            41.99989451
          ],
          [
            -87.65978574,
            41.99969606
          ]
        ]
      },
      "properties": {
        "segment_id": "seg_0302",
        "corridor": "North Main",
        "is_loop": false,
        "lines": [
          "Red",
          "Purple"
        ]
      }
    },
    {
      "type": "Feature",
      "geometry": {
        "type": "LineString",
        "coordinates": [
          [
            -87.65978574,
            41.99969606
          ],
          [
            -87.65965276,
            41.99944232
          ]
        ]
      },
      "properties": {
        "segment_id": "seg_0303",
        "corridor": "North Main",
        "is_loop": false,
        "lines": [
          "Red",
          "Purple"
        ]
      }
    },
    {
      "type": "Feature",
      "geometry": {
        "type": "LineString",
        "coordinates": [
          [
            -87.65965276,
            41.99944232
          ],
          [
            -87.65956256,
            41.99922562
          ]
        ]
      },
      "properties": {
        "segment_id": "seg_0304",
        "corridor": "North Main",
        "is_loop": false,
        "lines": [
          "Red",
          "Purple"
        ]
      }
    },
    {
      "type": "Feature",
      "geometry": {
        "type": "LineString",
        "coordinates": [
          [
            -87.65956256,
            41.99922562
          ],
          [
            -87.65948474,
            41.99900439
          ]
        ]
      },
      "properties": {
        "segment_id": "seg_0305",
        "corridor": "North Main",
        "is_loop": false,
        "lines": [
          "Red",
          "Purple"
        ]
      }
    },
    {
      "type": "Feature",
      "geometry": {
        "type": "LineString",
        "coordinates": [
          [
            -87.65948474,
            41.99900439
          ],
          [
            -87.65936055,
            41.99850233
          ]
        ]
      },
      "properties": {
        "segment_id": "seg_0306",
        "corridor": "North Main",
        "is_loop": false,
        "lines": [
          "Red",
          "Purple"
        ]
      }
    },
    {
      "type": "Feature",
      "geometry": {
        "type": "LineString",
        "coordinates": [
          [
            -87.65936055,
            41.99850233
          ],
          [
            -87.65927345,
            41.9979913
          ]
        ]
      },
      "properties": {
        "segment_id": "seg_0307",
        "corridor": "North Main",
        "is_loop": false,
        "lines": [
          "Red",
          "Purple"
        ]
      }
    },
    {
      "type": "Feature",
      "geometry": {
        "type": "LineString",
        "coordinates": [
          [
            -87.65927345,
            41.9979913
          ],
          [
            -87.65926296,
            41.99723234
          ]
        ]
      },
      "properties": {
        "segment_id": "seg_0308",
        "corridor": "North Main",
        "is_loop": false,
        "lines": [
          "Red",
          "Purple"
        ]
      }
    },
    {
      "type": "Feature",
      "geometry": {
        "type": "LineString",
        "coordinates": [
          [
            -87.65926296,
            41.99723234
          ],
          [
            -87.65921699,
            41.9963306
          ]
        ]
      },
      "properties": {
        "segment_id": "seg_0309",
        "corridor": "North Main",
        "is_loop": false,
        "lines": [
          "Red",
          "Purple"
        ]
      }
    },
    {
      "type": "Feature",
      "geometry": {
        "type": "LineString",
        "coordinates": [
          [
            -87.65921699,
            41.9963306
          ],
          [
            -87.6591889,
            41.99464248
          ]
        ]
      },
      "properties": {
        "segment_id": "seg_0310",
        "corridor": "North Main",
        "is_loop": false,
        "lines": [
          "Red",
          "Purple"
        ]
      }
    },
    {
      "type": "Feature",
      "geometry": {
        "type": "LineString",
        "coordinates": [
          [
            -87.65920805,
            41.99367213
          ],
          [
            -87.6591889,
            41.99464248
          ]
        ]
      },
      "properties": {
        "segment_id": "seg_0311",
        "corridor": "North Main",
        "is_loop": false,
        "lines": [
          "Red",
          "Purple"
        ]
      }
    },
    {
      "type": "Feature",
      "geometry": {
        "type": "LineString",
        "coordinates": [
          [
            -87.65920805,
            41.99367213
          ],
          [
            -87.65913626,
            41.9923609
          ]
        ]
      },
      "properties": {
        "segment_id": "seg_0312",
        "corridor": "North Main",
        "is_loop": false,
        "lines": [
          "Red",
          "Purple"
        ]
      }
    },
    {
      "type": "Feature",
      "geometry": {
        "type": "LineString",
        "coordinates": [
          [
            -87.65913626,
            41.9923609
          ],
          [
            -87.65908655,
            41.99083976
          ]
        ]
      },
      "properties": {
        "segment_id": "seg_0313",
        "corridor": "North Main",
        "is_loop": false,
        "lines": [
          "Red",
          "Purple"
        ]
      }
    },
    {
      "type": "Feature",
      "geometry": {
        "type": "LineString",
        "coordinates": [
          [
            -87.65908655,
            41.99083976
          ],
          [
            -87.65908163,
            41.99026737
          ]
        ]
      },
      "properties": {
        "segment_id": "seg_0314",
        "corridor": "North Main",
        "is_loop": false,
        "lines": [
          "Red",
          "Purple"
        ]
      }
    },
    {
      "type": "Feature",
      "geometry": {
        "type": "LineString",
        "coordinates": [
          [
            -87.65908163,
            41.99026737
          ],
          [
            -87.65902018,
            41.98881974
          ]
        ]
      },
      "properties": {
        "segment_id": "seg_0315",
        "corridor": "North Main",
        "is_loop": false,
        "lines": [
          "Red",
          "Purple"
        ]
      }
    },
    {
      "type": "Feature",
      "geometry": {
        "type": "LineString",
        "coordinates": [
          [
            -87.65902018,
            41.98881974
          ],
          [
            -87.65872216,
            41.97967653
          ]
        ]
      },
      "properties": {
        "segment_id": "seg_0316",
        "corridor": "North Main",
        "is_loop": false,
        "lines": [
          "Red",
          "Purple"
        ]
      }
    },
    {
      "type": "Feature",
      "geometry": {
        "type": "LineString",
        "coordinates": [
          [
            -87.65872216,
            41.97967653
          ],
          [
            -87.65853573,
            41.97346119
          ]
        ]
      },
      "properties": {
        "segment_id": "seg_0317",
        "corridor": "North Main",
        "is_loop": false,
        "lines": [
          "Red",
          "Purple"
        ]
      }
    },
    {
      "type": "Feature",
      "geometry": {
        "type": "LineString",
        "coordinates": [
          [
            -87.65853573,
            41.97346119
          ],
          [
            -87.65849398,
            41.97118784
          ]
        ]
      },
      "properties": {
        "segment_id": "seg_0318",
        "corridor": "North Main",
        "is_loop": false,
        "lines": [
          "Red",
          "Purple"
        ]
      }
    },
    {
      "type": "Feature",
      "geometry": {
        "type": "LineString",
        "coordinates": [
          [
            -87.65849873,
            41.96914681
          ],
          [
            -87.65849398,
            41.97118784
          ]
        ]
      },
      "properties": {
        "segment_id": "seg_0319",
        "corridor": "North Main",
        "is_loop": false,
        "lines": [
          "Red",
          "Purple"
        ]
      }
    },
    {
      "type": "Feature",
      "geometry": {
        "type": "LineString",
        "coordinates": [
          [
            -87.65849873,
            41.96914681
          ],
          [
            -87.65839005,
            41.96688937
          ]
        ]
      },
      "properties": {
        "segment_id": "seg_0320",
        "corridor": "North Main",
        "is_loop": false,
        "lines": [
          "Red",
          "Purple"
        ]
      }
    },
    {
      "type": "Feature",
      "geometry": {
        "type": "LineString",
        "coordinates": [
          [
            -87.65839005,
            41.96688937
          ],
          [
            -87.65832475,
            41.9665115
          ]
        ]
      },
      "properties": {
        "segment_id": "seg_0321",
        "corridor": "North Main",
        "is_loop": false,
        "lines": [
          "Red",
          "Purple"
        ]
      }
    },
    {
      "type": "Feature",
      "geometry": {
        "type": "LineString",
        "coordinates": [
          [
            -87.65832475,
            41.9665115
          ],
          [
            -87.6580271,
            41.96582716
          ]
        ]
      },
      "properties": {
        "segment_id": "seg_0322",
        "corridor": "North Main",
        "is_loop": false,
        "lines": [
          "Red",
          "Purple"
        ]
      }
    },
    {
      "type": "Feature",
      "geometry": {
        "type": "LineString",
        "coordinates": [
          [
            -87.6580271,
            41.96582716
          ],
          [
            -87.65759328,
            41.96428056
          ]
        ]
      },
      "properties": {
        "segment_id": "seg_0323",
        "corridor": "North Main",
        "is_loop": false,
        "lines": [
          "Red",
          "Purple"
        ]
      }
    },
    {
      "type": "Feature",
      "geometry": {
        "type": "LineString",
        "coordinates": [
          [
            -87.65759328,
            41.96428056
          ],
          [
            -87.65756924,
            41.96397833
          ]
        ]
      },
      "properties": {
        "segment_id": "seg_0324",
        "corridor": "North Main",
        "is_loop": false,
        "lines": [
          "Red",
          "Purple"
        ]
      }
    },
    {
      "type": "Feature",
      "geometry": {
        "type": "LineString",
        "coordinates": [
          [
            -87.65756924,
            41.96397833
          ],
          [
            -87.65700442,
            41.96182205
          ]
        ]
      },
      "properties": {
        "segment_id": "seg_0325",
        "corridor": "North Main",
        "is_loop": false,
        "lines": [
          "Red",
          "Purple"
        ]
      }
    },
    {
      "type": "Feature",
      "geometry": {
        "type": "LineString",
        "coordinates": [
          [
            -87.65700442,
            41.96182205
          ],
          [
            -87.65677479,
            41.95491444
          ]
        ]
      },
      "properties": {
        "segment_id": "seg_0326",
        "corridor": "North Main",
        "is_loop": false,
        "lines": [
          "Red",
          "Purple"
        ]
      }
    },
    {
      "type": "Feature",
      "geometry": {
        "type": "LineString",
        "coordinates": [
          [
            -87.65677479,
            41.95491444
          ],
          [
            -87.6567456,
            41.95430736
          ]
        ]
      },
      "properties": {
        "segment_id": "seg_0327",
        "corridor": "North Main",
        "is_loop": false,
        "lines": [
          "Red",
          "Purple"
        ]
      }
    },
    {
      "type": "Feature",
      "geometry": {
        "type": "LineString",
        "coordinates": [
          [
            -87.6567456,
            41.95430736
          ],
          [
            -87.65672327,
            41.95417434
          ]
        ]
      },
      "properties": {
        "segment_id": "seg_0328",
        "corridor": "North Main",
        "is_loop": false,
        "lines": [
          "Red",
          "Purple"
        ]
      }
    },
    {
      "type": "Feature",
      "geometry": {
        "type": "LineString",
        "coordinates": [
          [
            -87.65672327,
            41.95417434
          ],
          [
            -87.65665337,
            41.95404989
          ]
        ]
      },
      "properties": {
        "segment_id": "seg_0329",
        "corridor": "North Main",
        "is_loop": false,
        "lines": [
          "Red",
          "Purple"
        ]
      }
    },
    {
      "type": "Feature",
      "geometry": {
        "type": "LineString",
        "coordinates": [
          [
            -87.65665337,
            41.95404989
          ],
          [
            -87.65647114,
            41.95388491
          ]
        ]
      },
      "properties": {
        "segment_id": "seg_0330",
        "corridor": "North Main",
        "is_loop": false,
        "lines": [
          "Red",
          "Purple"
        ]
      }
    },
    {
      "type": "Feature",
      "geometry": {
        "type": "LineString",
        "coordinates": [
          [
            -87.65647114,
            41.95388491
          ],
          [
            -87.65635326,
            41.9538089
          ]
        ]
      },
      "properties": {
        "segment_id": "seg_0331",
        "corridor": "North Main",
        "is_loop": false,
        "lines": [
          "Red",
          "Purple"
        ]
      }
    },
    {
      "type": "Feature",
      "geometry": {
        "type": "LineString",
        "coordinates": [
          [
            -87.65635326,
            41.9538089
          ],
          [
            -87.65624079,
            41.95378166
          ]
        ]
      },
      "properties": {
        "segment_id": "seg_0332",
        "corridor": "North Main",
        "is_loop": false,
        "lines": [
          "Red",
          "Purple"
        ]
      }
    },
    {
      "type": "Feature",
      "geometry": {
        "type": "LineString",
        "coordinates": [
          [
            -87.65624079,
            41.95378166
          ],
          [
            -87.65606879,
            41.95377178
          ]
        ]
      },
      "properties": {
        "segment_id": "seg_0333",
        "corridor": "North Main",
        "is_loop": false,
        "lines": [
          "Red",
          "Purple"
        ]
      }
    },
    {
      "type": "Feature",
      "geometry": {
        "type": "LineString",
        "coordinates": [
          [
            -87.65606879,
            41.95377178
          ],
          [
            -87.65493516,
            41.95378281
          ]
        ]
      },
      "properties": {
        "segment_id": "seg_0334",
        "corridor": "North Main",
        "is_loop": false,
        "lines": [
          "Red",
          "Purple"
        ]
      }
    },
    {
      "type": "Feature",
      "geometry": {
        "type": "LineString",
        "coordinates": [
          [
            -87.65493516,
            41.95378281
          ],
          [
            -87.65408439,
            41.9537419
          ]
        ]
      },
      "properties": {
        "segment_id": "seg_0335",
        "corridor": "North Main",
        "is_loop": false,
        "lines": [
          "Red",
          "Purple"
        ]
      }
    },
    {
      "type": "Feature",
      "geometry": {
        "type": "LineString",
        "coordinates": [
          [
            -87.65408439,
            41.9537419
          ],
          [
            -87.65394484,
            41.95371051
          ]
        ]
      },
      "properties": {
        "segment_id": "seg_0336",
        "corridor": "North Main",
        "is_loop": false,
        "lines": [
          "Red",
          "Purple"
        ]
      }
    },
    {
      "type": "Feature",
      "geometry": {
        "type": "LineString",
        "coordinates": [
          [
            -87.65394484,
            41.95371051
          ],
          [
            -87.65385644,
            41.95365239
          ]
        ]
      },
      "properties": {
        "segment_id": "seg_0337",
        "corridor": "North Main",
        "is_loop": false,
        "lines": [
          "Red",
          "Purple"
        ]
      }
    },
    {
      "type": "Feature",
      "geometry": {
        "type": "LineString",
        "coordinates": [
          [
            -87.65385644,
            41.95365239
          ],
          [
            -87.65373912,
            41.95352323
          ]
        ]
      },
      "properties": {
        "segment_id": "seg_0338",
        "corridor": "North Main",
        "is_loop": false,
        "lines": [
          "Red",
          "Purple"
        ]
      }
    },
    {
      "type": "Feature",
      "geometry": {
        "type": "LineString",
        "coordinates": [
          [
            -87.65373912,
            41.95352323
          ],
          [
            -87.65369848,
            41.95343882
          ]
        ]
      },
      "properties": {
        "segment_id": "seg_0339",
        "corridor": "North Main",
        "is_loop": false,
        "lines": [
          "Red",
          "Purple"
        ]
      }
    },
    {
      "type": "Feature",
      "geometry": {
        "type": "LineString",
        "coordinates": [
          [
            -87.65369848,
            41.95343882
          ],
          [
            -87.65363169,
            41.95246384
          ]
        ]
      },
      "properties": {
        "segment_id": "seg_0340",
        "corridor": "North Main",
        "is_loop": false,
        "lines": [
          "Red",
          "Purple"
        ]
      }
    },
    {
      "type": "Feature",
      "geometry": {
        "type": "LineString",
        "coordinates": [
          [
            -87.65366625,
            41.95200333
          ],
          [
            -87.65363169,
            41.95246384
          ]
        ]
      },
      "properties": {
        "segment_id": "seg_0341",
        "corridor": "North Main",
        "is_loop": false,
        "lines": [
          "Red",
          "Purple"
        ]
      }
    },
    {
      "type": "Feature",
      "geometry": {
        "type": "LineString",
        "coordinates": [
          [
            -87.65366625,
            41.95200333
          ],
          [
            -87.65362552,
            41.9468998
          ]
        ]
      },
      "properties": {
        "segment_id": "seg_0342",
        "corridor": "North Main",
        "is_loop": false,
        "lines": [
          "Red",
          "Purple"
        ]
      }
    },
    {
      "type": "Feature",
      "geometry": {
        "type": "LineString",
        "coordinates": [
          [
            -87.65362552,
            41.9468998
          ],
          [
            -87.6535406,
            41.94539755
          ]
        ]
      },
      "properties": {
        "segment_id": "seg_0343",
        "corridor": "North Main",
        "is_loop": false,
        "lines": [
          "Red",
          "Purple"
        ]
      }
    },
    {
      "type": "Feature",
      "geometry": {
        "type": "LineString",
        "coordinates": [
          [
            -87.6535406,
            41.94539755
          ],
          [
            -87.65352063,
            41.94448486
          ]
        ]
      },
      "properties": {
        "segment_id": "seg_0344",
        "corridor": "North Main",
        "is_loop": false,
        "lines": [
          "Red",
          "Purple"
        ]
      }
    },
    {
      "type": "Feature",
      "geometry": {
        "type": "LineString",
        "coordinates": [
          [
            -87.65352063,
            41.94448486
          ],
          [
            -87.65342852,
            41.94421852
          ]
        ]
      },
      "properties": {
        "segment_id": "seg_0345",
        "corridor": "North Main",
        "is_loop": false,
        "lines": [
          "Red",
          "Purple"
        ]
      }
    },
    {
      "type": "Feature",
      "geometry": {
        "type": "LineString",
        "coordinates": [
          [
            -87.65342852,
            41.94421852
          ],
          [
            -87.65336833,
            41.94318156
          ]
        ]
      },
      "properties": {
        "segment_id": "seg_0346",
        "corridor": "North Main",
        "is_loop": false,
        "lines": [
          "Red",
          "Purple"
        ]
      }
    },
    {
      "type": "Feature",
      "geometry": {
        "type": "LineString",
        "coordinates": [
          [
            -87.6533833,
            41.94288927
          ],
          [
            -87.65336833,
            41.94318156
          ]
        ]
      },
      "properties": {
        "segment_id": "seg_0347",
        "corridor": "North Main",
        "is_loop": false,
        "lines": [
          "Red",
          "Purple"
        ]
      }
    },
    {
      "type": "Feature",
      "geometry": {
        "type": "LineString",
        "coordinates": [
          [
            -87.65345968,
            41.94218468
          ],
          [
            -87.6533833,
            41.94288927
          ]
        ]
      },
      "properties": {
        "segment_id": "seg_0348",
        "corridor": "North Main",
        "is_loop": false,
        "lines": [
          "Red",
          "Purple"
        ]
      }
    },
    {
      "type": "Feature",
      "geometry": {
        "type": "LineString",
        "coordinates": [
          [
            -87.65345968,
            41.94218468
          ],
          [
            -87.65340284,
            41.94084027
          ]
        ]
      },
      "properties": {
        "segment_id": "seg_0349",
        "corridor": "North Main",
        "is_loop": false,
        "lines": [
          "Red",
          "Purple"
        ]
      }
    },
    {
      "type": "Feature",
      "geometry": {
        "type": "LineString",
        "coordinates": [
          [
            -87.65340284,
            41.94084027
          ],
          [
            -87.65338625853872,
            41.93975889211242
          ]
        ]
      },
      "properties": {
        "segment_id": "seg_0350",
        "corridor": "North Main",
        "is_loop": false,
        "lines": [
          "Red",
          "Purple"
        ]
      }
    },
    {
      "type": "Feature",
      "geometry": {
        "type": "LineString",
        "coordinates": [
          [
            -87.65338625853872,
            41.93975889211242
          ],
          [
            -87.65336938,
            41.93865814
          ]
        ]
      },
      "properties": {
        "segment_id": "seg_0351",
        "corridor": "North Main",
        "is_loop": false,
        "lines": [
          "Red",
          "Brown",
          "Purple"
        ]
      }
    },
    {
      "type": "Feature",
      "geometry": {
        "type": "LineString",
        "coordinates": [
          [
            -87.65336938,
            41.93865814
          ],
          [
            -87.65296799,
            41.92871064
          ]
        ]
      },
      "properties": {
        "segment_id": "seg_0352",
        "corridor": "North Main",
        "is_loop": false,
        "lines": [
          "Red",
          "Brown",
          "Purple"
        ]
      }
    },
    {
      "type": "Feature",
      "geometry": {
        "type": "LineString",
        "coordinates": [
          [
            -87.65296799,
            41.92871064
          ],
          [
            -87.6528716,
            41.92505923
          ]
        ]
      },
      "properties": {
        "segment_id": "seg_0353",
        "corridor": "North Main",
        "is_loop": false,
        "lines": [
          "Red",
          "Brown",
          "Purple"
        ]
      }
    },
    {
      "type": "Feature",
      "geometry": {
        "type": "LineString",
        "coordinates": [
          [
            -87.6528716,
            41.92505923
          ],
          [
            -87.65250619,
            41.91406733
          ]
        ]
      },
      "properties": {
        "segment_id": "seg_0354",
        "corridor": "North Main",
        "is_loop": false,
        "lines": [
          "Red",
          "Brown",
          "Purple"
        ]
      }
    },
    {
      "type": "Feature",
      "geometry": {
        "type": "LineString",
        "coordinates": [
          [
            -87.65250619,
            41.91406733
          ],
          [
            -87.65249158,
            41.91308909
          ]
        ]
      },
      "properties": {
        "segment_id": "seg_0355",
        "corridor": "North Main",
        "is_loop": false,
        "lines": [
          "Red",
          "Purple"
        ]
      }
    },
    {
      "type": "Feature",
      "geometry": {
        "type": "LineString",
        "coordinates": [
          [
            -87.65249158,
            41.91308909
          ],
          [
            -87.65243015,
            41.91299535
          ]
        ]
      },
      "properties": {
        "segment_id": "seg_0356",
        "corridor": "North Main",
        "is_loop": false,
        "lines": [
          "Red",
          "Purple"
        ]
      }
    },
    {
      "type": "Feature",
      "geometry": {
        "type": "LineString",
        "coordinates": [
          [
            -87.65243015,
            41.91299535
          ],
          [
            -87.65235859,
            41.91294141
          ]
        ]
      },
      "properties": {
        "segment_id": "seg_0357",
        "corridor": "North Main",
        "is_loop": false,
        "lines": [
          "Red",
          "Purple"
        ]
      }
    },
    {
      "type": "Feature",
      "geometry": {
        "type": "LineString",
        "coordinates": [
          [
            -87.65235859,
            41.91294141
          ],
          [
            -87.65070378,
            41.91175337
          ]
        ]
      },
      "properties": {
        "segment_id": "seg_0358",
        "corridor": "Red",
        "is_loop": false,
        "lines": [
          "Red"
        ]
      }
    },
    {
      "type": "Feature",
      "geometry": {
        "type": "LineString",
        "coordinates": [
          [
            -87.65070378,
            41.91175337
          ],
          [
            -87.63993979,
            41.90404864
          ]
        ]
      },
      "properties": {
        "segment_id": "seg_0359",
        "corridor": "Red",
        "is_loop": false,
        "lines": [
          "Red"
        ]
      }
    },
    {
      "type": "Feature",
      "geometry": {
        "type": "LineString",
        "coordinates": [
          [
            -87.63993979,
            41.90404864
          ],
          [
            -87.63971786,
            41.90392543
          ]
        ]
      },
      "properties": {
        "segment_id": "seg_0360",
        "corridor": "Red",
        "is_loop": false,
        "lines": [
          "Red"
        ]
      }
    },
    {
      "type": "Feature",
      "geometry": {
        "type": "LineString",
        "coordinates": [
          [
            -87.63971786,
            41.90392543
          ],
          [
            -87.63951128,
            41.90384152
          ]
        ]
      },
      "properties": {
        "segment_id": "seg_0361",
        "corridor": "Red",
        "is_loop": false,
        "lines": [
          "Red"
        ]
      }
    },
    {
      "type": "Feature",
      "geometry": {
        "type": "LineString",
        "coordinates": [
          [
            -87.63951128,
            41.90384152
          ],
          [
            -87.63926276,
            41.90379868
          ]
        ]
      },
      "properties": {
        "segment_id": "seg_0362",
        "corridor": "Red",
        "is_loop": false,
        "lines": [
          "Red"
        ]
      }
    },
    {
      "type": "Feature",
      "geometry": {
        "type": "LineString",
        "coordinates": [
          [
            -87.63926276,
            41.90379868
          ],
          [
            -87.63896239,
            41.90379837
          ]
        ]
      },
      "properties": {
        "segment_id": "seg_0363",
        "corridor": "Red",
        "is_loop": false,
        "lines": [
          "Red"
        ]
      }
    },
    {
      "type": "Feature",
      "geometry": {
        "type": "LineString",
        "coordinates": [
          [
            -87.63896239,
            41.90379837
          ],
          [
            -87.63702199392972,
            41.9038317544193
          ]
        ]
      },
      "properties": {
        "segment_id": "seg_0364",
        "corridor": "Red",
        "is_loop": false,
        "lines": [
          "Red"
        ]
      }
    },
    {
      "type": "Feature",
      "geometry": {
        "type": "LineString",
        "coordinates": [
          [
            -87.63702199392972,
            41.9038317544193
          ],
          [
            -87.63141805,
            41.90392817
          ]
        ]
      },
      "properties": {
        "segment_id": "seg_0365",
        "corridor": "Red",
        "is_loop": false,
        "lines": [
          "Red"
        ]
      }
    },
    {
      "type": "Feature",
      "geometry": {
        "type": "LineString",
        "coordinates": [
          [
            -87.63141805,
            41.90392817
          ],
          [
            -87.62908286,
            41.9039531
          ]
        ]
      },
      "properties": {
        "segment_id": "seg_0366",
        "corridor": "Red",
        "is_loop": false,
        "lines": [
          "Red"
        ]
      }
    },
    {
      "type": "Feature",
      "geometry": {
        "type": "LineString",
        "coordinates": [
          [
            -87.62908286,
            41.9039531
          ],
          [
            -87.62892006,
            41.90394399
          ]
        ]
      },
      "properties": {
        "segment_id": "seg_0367",
        "corridor": "Red",
        "is_loop": false,
        "lines": [
          "Red"
        ]
      }
    },
    {
      "type": "Feature",
      "geometry": {
        "type": "LineString",
        "coordinates": [
          [
            -87.62892006,
            41.90394399
          ],
          [
            -87.62875064,
            41.90387805
          ]
        ]
      },
      "properties": {
        "segment_id": "seg_0368",
        "corridor": "Red",
        "is_loop": false,
        "lines": [
          "Red"
        ]
      }
    },
    {
      "type": "Feature",
      "geometry": {
        "type": "LineString",
        "coordinates": [
          [
            -87.62875064,
            41.90387805
          ],
          [
            -87.62870053,
            41.90382636
          ]
        ]
      },
      "properties": {
        "segment_id": "seg_0369",
        "corridor": "Red",
        "is_loop": false,
        "lines": [
          "Red"
        ]
      }
    },
    {
      "type": "Feature",
      "geometry": {
        "type": "LineString",
        "coordinates": [
          [
            -87.62870053,
            41.90382636
          ],
          [
            -87.62867225,
            41.90376398
          ]
        ]
      },
      "properties": {
        "segment_id": "seg_0370",
        "corridor": "Red",
        "is_loop": false,
        "lines": [
          "Red"
        ]
      }
    },
    {
      "type": "Feature",
      "geometry": {
        "type": "LineString",
        "coordinates": [
          [
            -87.62867225,
            41.90376398
          ],
          [
            -87.62864816,
            41.90365025
          ]
        ]
      },
      "properties": {
        "segment_id": "seg_0371",
        "corridor": "Red",
        "is_loop": false,
        "lines": [
          "Red"
        ]
      }
    },
    {
      "type": "Feature",
      "geometry": {
        "type": "LineString",
        "coordinates": [
          [
            -87.62864816,
            41.90365025
          ],
          [
            -87.62862588,
            41.90317122
          ]
        ]
      },
      "properties": {
        "segment_id": "seg_0372",
        "corridor": "Red",
        "is_loop": false,
        "lines": [
          "Red"
        ]
      }
    },
    {
      "type": "Feature",
      "geometry": {
        "type": "LineString",
        "coordinates": [
          [
            -87.62862588,
            41.90317122
          ],
          [
            -87.6283537,
            41.90212819
          ]
        ]
      },
      "properties": {
        "segment_id": "seg_0373",
        "corridor": "Red",
        "is_loop": false,
        "lines": [
          "Red"
        ]
      }
    },
    {
      "type": "Feature",
      "geometry": {
        "type": "LineString",
        "coordinates": [
          [
            -87.6283537,
            41.90212819
          ],
          [
            -87.6282699,
            41.89914434
          ]
        ]
      },
      "properties": {
        "segment_id": "seg_0374",
        "corridor": "Red",
        "is_loop": false,
        "lines": [
          "Red"
        ]
      }
    },
    {
      "type": "Feature",
      "geometry": {
        "type": "LineString",
        "coordinates": [
          [
            -87.6282699,
            41.89914434
          ],
          [
            -87.62813494,
            41.89563081
          ]
        ]
      },
      "properties": {
        "segment_id": "seg_0375",
        "corridor": "Red",
        "is_loop": false,
        "lines": [
          "Red"
        ]
      }
    },
    {
      "type": "Feature",
      "geometry": {
        "type": "LineString",
        "coordinates": [
          [
            -87.62813494,
            41.89563081
          ],
          [
            -87.62800109,
            41.89072257
          ]
        ]
      },
      "properties": {
        "segment_id": "seg_0376",
        "corridor": "Red",
        "is_loop": false,
        "lines": [
          "Red"
        ]
      }
    },
    {
      "type": "Feature",
      "geometry": {
        "type": "LineString",
        "coordinates": [
          [
            -87.62800109,
            41.89072257
          ],
          [
            -87.62799508,
            41.88965646
          ]
        ]
      },
      "properties": {
        "segment_id": "seg_0377",
        "corridor": "Red",
        "is_loop": false,
        "lines": [
          "Red"
        ]
      }
    },
    {
      "type": "Feature",
      "geometry": {
        "type": "LineString",
        "coordinates": [
          [
            -87.62799508,
            41.88965646
          ],
          [
            -87.62794073,
            41.88784034
          ]
        ]
      },
      "properties": {
        "segment_id": "seg_0378",
        "corridor": "Red",
        "is_loop": false,
        "lines": [
          "Red"
        ]
      }
    },
    {
      "type": "Feature",
      "geometry": {
        "type": "LineString",
        "coordinates": [
          [
            -87.62794073,
            41.88784034
          ],
          [
            -87.6278366,
            41.88596891
          ]
        ]
      },
      "properties": {
        "segment_id": "seg_0379",
        "corridor": "Red",
        "is_loop": false,
        "lines": [
          "Red"
        ]
      }
    },
    {
      "type": "Feature",
      "geometry": {
        "type": "LineString",
        "coordinates": [
          [
            -87.6278366,
            41.88596891
          ],
          [
            -87.62784094,
            41.88574827
          ]
        ]
      },
      "properties": {
        "segment_id": "seg_0380",
        "corridor": "Red",
        "is_loop": false,
        "lines": [
          "Red"
        ]
      }
    },
    {
      "type": "Feature",
      "geometry": {
        "type": "LineString",
        "coordinates": [
          [
            -87.62784094,
            41.88574827
          ],
          [
            -87.62781913,
            41.88481672
          ]
        ]
      },
      "properties": {
        "segment_id": "seg_0381",
        "corridor": "Red",
        "is_loop": false,
        "lines": [
          "Red"
        ]
      }
    },
    {
      "type": "Feature",
      "geometry": {
        "type": "LineString",
        "coordinates": [
          [
            -87.62781913,
            41.88481672
          ],
          [
            -87.62775412,
            41.88322256
          ]
        ]
      },
      "properties": {
        "segment_id": "seg_0382",
        "corridor": "Red",
        "is_loop": false,
        "lines": [
          "Red"
        ]
      }
    },
    {
      "type": "Feature",
      "geometry": {
        "type": "LineString",
        "coordinates": [
          [
            -87.62775412,
            41.88322256
          ],
          [
            -87.62770221,
            41.88075241
          ]
        ]
      },
      "properties": {
        "segment_id": "seg_0383",
        "corridor": "Red",
        "is_loop": false,
        "lines": [
          "Red"
        ]
      }
    },
    {
      "type": "Feature",
      "geometry": {
        "type": "LineString",
        "coordinates": [
          [
            -87.62770221,
            41.88075241
          ],
          [
            -87.62760185,
            41.87816061
          ]
        ]
      },
      "properties": {
        "segment_id": "seg_0384",
        "corridor": "Red",
        "is_loop": false,
        "lines": [
          "Red"
        ]
      }
    },
    {
      "type": "Feature",
      "geometry": {
        "type": "LineString",
        "coordinates": [
          [
            -87.62760185,
            41.87816061
          ],
          [
            -87.62757176698285,
            41.87693573070882
          ]
        ]
      },
      "properties": {
        "segment_id": "seg_0385",
        "corridor": "Red",
        "is_loop": false,
        "lines": [
          "Red"
        ]
      }
    },
    {
      "type": "Feature",
      "geometry": {
        "type": "LineString",
        "coordinates": [
          [
            -87.62757176698285,
            41.87693573070882
          ],
          [
            -87.6275174,
            41.87472209
          ]
        ]
      },
      "properties": {
        "segment_id": "seg_0386",
        "corridor": "Red",
        "is_loop": false,
        "lines": [
          "Red"
        ]
      }
    },
    {
      "type": "Feature",
      "geometry": {
        "type": "LineString",
        "coordinates": [
          [
            -87.6275174,
            41.87472209
          ],
          [
            -87.62748487,
            41.8740471
          ]
        ]
      },
      "properties": {
        "segment_id": "seg_0387",
        "corridor": "Red",
        "is_loop": false,
        "lines": [
          "Red"
        ]
      }
    },
    {
      "type": "Feature",
      "geometry": {
        "type": "LineString",
        "coordinates": [
          [
            -87.62749291,
            41.8730651
          ],
          [
            -87.62748487,
            41.8740471
          ]
        ]
      },
      "properties": {
        "segment_id": "seg_0388",
        "corridor": "Red",
        "is_loop": false,
        "lines": [
          "Red"
        ]
      }
    },
    {
      "type": "Feature",
      "geometry": {
        "type": "LineString",
        "coordinates": [
          [
            -87.62749291,
            41.8730651
          ],
          [
            -87.6274624,
            41.87189859
          ]
        ]
      },
      "properties": {
        "segment_id": "seg_0389",
        "corridor": "Red",
        "is_loop": false,
        "lines": [
          "Red"
        ]
      }
    },
    {
      "type": "Feature",
      "geometry": {
        "type": "LineString",
        "coordinates": [
          [
            -87.6274748,
            41.87077122
          ],
          [
            -87.6274624,
            41.87189859
          ]
        ]
      },
      "properties": {
        "segment_id": "seg_0390",
        "corridor": "Red",
        "is_loop": false,
        "lines": [
          "Red"
        ]
      }
    },
    {
      "type": "Feature",
      "geometry": {
        "type": "LineString",
        "coordinates": [
          [
            -87.6274748,
            41.87077122
          ],
          [
            -87.62745716,
            41.8692225
          ]
        ]
      },
      "properties": {
        "segment_id": "seg_0391",
        "corridor": "Red",
        "is_loop": false,
        "lines": [
          "Red"
        ]
      }
    },
    {
      "type": "Feature",
      "geometry": {
        "type": "LineString",
        "coordinates": [
          [
            -87.62745716,
            41.8692225
          ],
          [
            -87.62731475,
            41.86404445
          ]
        ]
      },
      "properties": {
        "segment_id": "seg_0392",
        "corridor": "Red",
        "is_loop": false,
        "lines": [
          "Red"
        ]
      }
    },
    {
      "type": "Feature",
      "geometry": {
        "type": "LineString",
        "coordinates": [
          [
            -87.62739805,
            41.86364067
          ],
          [
            -87.62731475,
            41.86404445
          ]
        ]
      },
      "properties": {
        "segment_id": "seg_0393",
        "corridor": "Red",
        "is_loop": false,
        "lines": [
          "Red"
        ]
      }
    },
    {
      "type": "Feature",
      "geometry": {
        "type": "LineString",
        "coordinates": [
          [
            -87.62756137,
            41.86338132
          ],
          [
            -87.62739805,
            41.86364067
          ]
        ]
      },
      "properties": {
        "segment_id": "seg_0394",
        "corridor": "Red",
        "is_loop": false,
        "lines": [
          "Red"
        ]
      }
    },
    {
      "type": "Feature",
      "geometry": {
        "type": "LineString",
        "coordinates": [
          [
            -87.62778683,
            41.86316354
          ],
          [
            -87.62756137,
            41.86338132
          ]
        ]
      },
      "properties": {
        "segment_id": "seg_0395",
        "corridor": "Red",
        "is_loop": false,
        "lines": [
          "Red"
        ]
      }
    },
    {
      "type": "Feature",
      "geometry": {
        "type": "LineString",
        "coordinates": [
          [
            -87.62804069,
            41.86297215
          ],
          [
            -87.62778683,
            41.86316354
          ]
        ]
      },
      "properties": {
        "segment_id": "seg_0396",
        "corridor": "Red",
        "is_loop": false,
        "lines": [
          "Red"
        ]
      }
    },
    {
      "type": "Feature",
      "geometry": {
        "type": "LineString",
        "coordinates": [
          [
            -87.62849626,
            41.86269385
          ],
          [
            -87.62804069,
            41.86297215
          ]
        ]
      },
      "properties": {
        "segment_id": "seg_0397",
        "corridor": "Red",
        "is_loop": false,
        "lines": [
          "Red"
        ]
      }
    },
    {
      "type": "Feature",
      "geometry": {
        "type": "LineString",
        "coordinates": [
          [
            -87.629347,
            41.86212258
          ],
          [
            -87.62849626,
            41.86269385
          ]
        ]
      },
      "properties": {
        "segment_id": "seg_0398",
        "corridor": "Red",
        "is_loop": false,
        "lines": [
          "Red"
        ]
      }
    },
    {
      "type": "Feature",
      "geometry": {
        "type": "LineString",
        "coordinates": [
          [
            -87.63018358,
            41.86138924
          ],
          [
            -87.629347,
            41.86212258
          ]
        ]
      },
      "properties": {
        "segment_id": "seg_0399",
        "corridor": "Red",
        "is_loop": false,
        "lines": [
          "Red"
        ]
      }
    },
    {
      "type": "Feature",
      "geometry": {
        "type": "LineString",
        "coordinates": [
          [
            -87.63058735,
            41.86093622
          ],
          [
            -87.63018358,
            41.86138924
          ]
        ]
      },
      "properties": {
        "segment_id": "seg_0400",
        "corridor": "Red",
        "is_loop": false,
        "lines": [
          "Red"
        ]
      }
    },
    {
      "type": "Feature",
      "geometry": {
        "type": "LineString",
        "coordinates": [
          [
            -87.63095015,
            41.86035292
          ],
          [
            -87.63058735,
            41.86093622
          ]
        ]
      },
      "properties": {
        "segment_id": "seg_0401",
        "corridor": "Red",
        "is_loop": false,
        "lines": [
          "Red"
        ]
      }
    },
    {
      "type": "Feature",
      "geometry": {
        "type": "LineString",
        "coordinates": [
          [
            -87.63112778,
            41.86013723
          ],
          [
            -87.63095015,
            41.86035292
          ]
        ]
      },
      "properties": {
        "segment_id": "seg_0402",
        "corridor": "Red",
        "is_loop": false,
        "lines": [
          "Red"
        ]
      }
    },
    {
      "type": "Feature",
      "geometry": {
        "type": "LineString",
        "coordinates": [
          [
            -87.63130067,
            41.85977144
          ],
          [
            -87.63112778,
            41.86013723
          ]
        ]
      },
      "properties": {
        "segment_id": "seg_0403",
        "corridor": "Red",
        "is_loop": false,
        "lines": [
          "Red"
        ]
      }
    },
    {
      "type": "Feature",
      "geometry": {
        "type": "LineString",
        "coordinates": [
          [
            -87.63137026,
            41.8595265
          ],
          [
            -87.63130067,
            41.85977144
          ]
        ]
      },
      "properties": {
        "segment_id": "seg_0404",
        "corridor": "Red",
        "is_loop": false,
        "lines": [
          "Red"
        ]
      }
    },
    {
      "type": "Feature",
      "geometry": {
        "type": "LineString",
        "coordinates": [
          [
            -87.6314244,
            41.85923859
          ],
          [
            -87.63137026,
            41.8595265
          ]
        ]
      },
      "properties": {
        "segment_id": "seg_0405",
        "corridor": "Red",
        "is_loop": false,
        "lines": [
          "Red"
        ]
      }
    },
    {
      "type": "Feature",
      "geometry": {
        "type": "LineString",
        "coordinates": [
          [
            -87.63144621,
            41.85870035
          ],
          [
            -87.6314244,
            41.85923859
          ]
        ]
      },
      "properties": {
        "segment_id": "seg_0406",
        "corridor": "Red",
        "is_loop": false,
        "lines": [
          "Red"
        ]
      }
    },
    {
      "type": "Feature",
      "geometry": {
        "type": "LineString",
        "coordinates": [
          [
            -87.63144621,
            41.85870035
          ],
          [
            -87.63142638904894,
            41.857579510709826
          ]
        ]
      },
      "properties": {
        "segment_id": "seg_0407",
        "corridor": "Red",
        "is_loop": false,
        "lines": [
          "Red"
        ]
      }
    },
    {
      "type": "Feature",
      "geometry": {
        "type": "LineString",
        "coordinates": [
          [
            -87.63142638904894,
            41.857579510709826
          ],
          [
            -87.63142443,
            41.85746873
          ]
        ]
      },
      "properties": {
        "segment_id": "seg_0408",
        "corridor": "Red",
        "is_loop": false,
        "lines": [
          "Red"
        ]
      }
    },
    {
      "type": "Feature",
      "geometry": {
        "type": "LineString",
        "coordinates": [
          [
            -87.63142443,
            41.85746873
          ],
          [
            -87.63136697,
            41.85575976
          ]
        ]
      },
      "properties": {
        "segment_id": "seg_0409",
        "corridor": "Red",
        "is_loop": false,
        "lines": [
          "Red"
        ]
      }
    },
    {
      "type": "Feature",
      "geometry": {
        "type": "LineString",
        "coordinates": [
          [
            -87.63136697,
            41.85575976
          ],
          [
            -87.63128301,
            41.85454796
          ]
        ]
      },
      "properties": {
        "segment_id": "seg_0410",
        "corridor": "Red",
        "is_loop": false,
        "lines": [
          "Red"
        ]
      }
    },
    {
      "type": "Feature",
      "geometry": {
        "type": "LineString",
        "coordinates": [
          [
            -87.63128301,
            41.85454796
          ],
          [
            -87.63116095,
            41.85390093
          ]
        ]
      },
      "properties": {
        "segment_id": "seg_0411",
        "corridor": "Red",
        "is_loop": false,
        "lines": [
          "Red"
        ]
      }
    },
    {
      "type": "Feature",
      "geometry": {
        "type": "LineString",
        "coordinates": [
          [
            -87.63116095,
            41.85390093
          ],
          [
            -87.63097357,
            41.85321365
          ]
        ]
      },
      "properties": {
        "segment_id": "seg_0412",
        "corridor": "Red",
        "is_loop": false,
        "lines": [
          "Red"
        ]
      }
    },
    {
      "type": "Feature",
      "geometry": {
        "type": "LineString",
        "coordinates": [
          [
            -87.63097357,
            41.85321365
          ],
          [
            -87.63085563,
            41.85268415
          ]
        ]
      },
      "properties": {
        "segment_id": "seg_0413",
        "corridor": "Red",
        "is_loop": false,
        "lines": [
          "Red"
        ]
      }
    },
    {
      "type": "Feature",
      "geometry": {
        "type": "LineString",
        "coordinates": [
          [
            -87.63085563,
            41.85268415
          ],
          [
            -87.63074063,
            41.85179905
          ]
        ]
      },
      "properties": {
        "segment_id": "seg_0414",
        "corridor": "Red",
        "is_loop": false,
        "lines": [
          "Red"
        ]
      }
    },
    {
      "type": "Feature",
      "geometry": {
        "type": "LineString",
        "coordinates": [
          [
            -87.63074063,
            41.85179905
          ],
          [
            -87.6306945,
            41.85108007
          ]
        ]
      },
      "properties": {
        "segment_id": "seg_0415",
        "corridor": "Red",
        "is_loop": false,
        "lines": [
          "Red"
        ]
      }
    },
    {
      "type": "Feature",
      "geometry": {
        "type": "LineString",
        "coordinates": [
          [
            -87.6306945,
            41.85108007
          ],
          [
            -87.63069173,
            41.84961016
          ]
        ]
      },
      "properties": {
        "segment_id": "seg_0416",
        "corridor": "Red",
        "is_loop": false,
        "lines": [
          "Red"
        ]
      }
    },
    {
      "type": "Feature",
      "geometry": {
        "type": "LineString",
        "coordinates": [
          [
            -87.63073052,
            41.84897674
          ],
          [
            -87.63069173,
            41.84961016
          ]
        ]
      },
      "properties": {
        "segment_id": "seg_0417",
        "corridor": "Red",
        "is_loop": false,
        "lines": [
          "Red"
        ]
      }
    },
    {
      "type": "Feature",
      "geometry": {
        "type": "LineString",
        "coordinates": [
          [
            -87.63101765,
            41.84748487
          ],
          [
            -87.63073052,
            41.84897674
          ]
        ]
      },
      "properties": {
        "segment_id": "seg_0418",
        "corridor": "Red",
        "is_loop": false,
        "lines": [
          "Red"
        ]
      }
    },
    {
      "type": "Feature",
      "geometry": {
        "type": "LineString",
        "coordinates": [
          [
            -87.63115509,
            41.84686158
          ],
          [
            -87.63101765,
            41.84748487
          ]
        ]
      },
      "properties": {
        "segment_id": "seg_0419",
        "corridor": "Red",
        "is_loop": false,
        "lines": [
          "Red"
        ]
      }
    },
    {
      "type": "Feature",
      "geometry": {
        "type": "LineString",
        "coordinates": [
          [
            -87.63127751,
            41.8458642
          ],
          [
            -87.63115509,
            41.84686158
          ]
        ]
      },
      "properties": {
        "segment_id": "seg_0420",
        "corridor": "Red",
        "is_loop": false,
        "lines": [
          "Red"
        ]
      }
    },
    {
      "type": "Feature",
      "geometry": {
        "type": "LineString",
        "coordinates": [
          [
            -87.63128497,
            41.84547944
          ],
          [
            -87.63127751,
            41.8458642
          ]
        ]
      },
      "properties": {
        "segment_id": "seg_0421",
        "corridor": "Red",
        "is_loop": false,
        "lines": [
          "Red"
        ]
      }
    },
    {
      "type": "Feature",
      "geometry": {
        "type": "LineString",
        "coordinates": [
          [
            -87.63128497,
            41.84547944
          ],
          [
            -87.63126228,
            41.84459102
          ]
        ]
      },
      "properties": {
        "segment_id": "seg_0422",
        "corridor": "Red",
        "is_loop": false,
        "lines": [
          "Red"
        ]
      }
    },
    {
      "type": "Feature",
      "geometry": {
        "type": "LineString",
        "coordinates": [
          [
            -87.63126228,
            41.84459102
          ],
          [
            -87.63114151,
            41.84285945
          ]
        ]
      },
      "properties": {
        "segment_id": "seg_0423",
        "corridor": "Red",
        "is_loop": false,
        "lines": [
          "Red"
        ]
      }
    },
    {
      "type": "Feature",
      "geometry": {
        "type": "LineString",
        "coordinates": [
          [
            -87.63114151,
            41.84285945
          ],
          [
            -87.63103737,
            41.84184509
          ]
        ]
      },
      "properties": {
        "segment_id": "seg_0424",
        "corridor": "Red",
        "is_loop": false,
        "lines": [
          "Red"
        ]
      }
    },
    {
      "type": "Feature",
      "geometry": {
        "type": "LineString",
        "coordinates": [
          [
            -87.63103737,
            41.84184509
          ],
          [
            -87.63087273,
            41.83953315
          ]
        ]
      },
      "properties": {
        "segment_id": "seg_0425",
        "corridor": "Red",
        "is_loop": false,
        "lines": [
          "Red"
        ]
      }
    },
    {
      "type": "Feature",
      "geometry": {
        "type": "LineString",
        "coordinates": [
          [
            -87.63087273,
            41.83953315
          ],
          [
            -87.63064204,
            41.83119841
          ]
        ]
      },
      "properties": {
        "segment_id": "seg_0426",
        "corridor": "Red",
        "is_loop": false,
        "lines": [
          "Red"
        ]
      }
    },
    {
      "type": "Feature",
      "geometry": {
        "type": "LineString",
        "coordinates": [
          [
            -87.63064204,
            41.83119841
          ],
          [
            -87.63056472,
            41.82749159
          ]
        ]
      },
      "properties": {
        "segment_id": "seg_0427",
        "corridor": "Red",
        "is_loop": false,
        "lines": [
          "Red"
        ]
      }
    },
    {
      "type": "Feature",
      "geometry": {
        "type": "LineString",
        "coordinates": [
          [
            -87.63056472,
            41.82749159
          ],
          [
            -87.63019204,
            41.81281868
          ]
        ]
      },
      "properties": {
        "segment_id": "seg_0428",
        "corridor": "Red",
        "is_loop": false,
        "lines": [
          "Red"
        ]
      }
    },
    {
      "type": "Feature",
      "geometry": {
        "type": "LineString",
        "coordinates": [
          [
            -87.63022426,
            41.8121462
          ],
          [
            -87.63019204,
            41.81281868
          ]
        ]
      },
      "properties": {
        "segment_id": "seg_0429",
        "corridor": "Red",
        "is_loop": false,
        "lines": [
          "Red"
        ]
      }
    },
    {
      "type": "Feature",
      "geometry": {
        "type": "LineString",
        "coordinates": [
          [
            -87.6302777,
            41.81182652
          ],
          [
            -87.63022426,
            41.8121462
          ]
        ]
      },
      "properties": {
        "segment_id": "seg_0430",
        "corridor": "Red",
        "is_loop": false,
        "lines": [
          "Red"
        ]
      }
    },
    {
      "type": "Feature",
      "geometry": {
        "type": "LineString",
        "coordinates": [
          [
            -87.63038506,
            41.81148021
          ],
          [
            -87.6302777,
            41.81182652
          ]
        ]
      },
      "properties": {
        "segment_id": "seg_0431",
        "corridor": "Red",
        "is_loop": false,
        "lines": [
          "Red"
        ]
      }
    },
    {
      "type": "Feature",
      "geometry": {
        "type": "LineString",
        "coordinates": [
          [
            -87.63056305,
            41.81109387
          ],
          [
            -87.63038506,
            41.81148021
          ]
        ]
      },
      "properties": {
        "segment_id": "seg_0432",
        "corridor": "Red",
        "is_loop": false,
        "lines": [
          "Red"
        ]
      }
    },
    {
      "type": "Feature",
      "geometry": {
        "type": "LineString",
        "coordinates": [
          [
            -87.63134186,
            41.8098554
          ],
          [
            -87.63056305,
            41.81109387
          ]
        ]
      },
      "properties": {
        "segment_id": "seg_0433",
        "corridor": "Red",
        "is_loop": false,
        "lines": [
          "Red"
        ]
      }
    },
    {
      "type": "Feature",
      "geometry": {
        "type": "LineString",
        "coordinates": [
          [
            -87.63152208,
            41.8094751
          ],
          [
            -87.63134186,
            41.8098554
          ]
        ]
      },
      "properties": {
        "segment_id": "seg_0434",
        "corridor": "Red",
        "is_loop": false,
        "lines": [
          "Red"
        ]
      }
    },
    {
      "type": "Feature",
      "geometry": {
        "type": "LineString",
        "coordinates": [
          [
            -87.63170145,
            41.80896134
          ],
          [
            -87.63152208,
            41.8094751
          ]
        ]
      },
      "properties": {
        "segment_id": "seg_0435",
        "corridor": "Red",
        "is_loop": false,
        "lines": [
          "Red"
        ]
      }
    },
    {
      "type": "Feature",
      "geometry": {
        "type": "LineString",
        "coordinates": [
          [
            -87.63177742,
            41.80853735
          ],
          [
            -87.63170145,
            41.80896134
          ]
        ]
      },
      "properties": {
        "segment_id": "seg_0436",
        "corridor": "Red",
        "is_loop": false,
        "lines": [
          "Red"
        ]
      }
    },
    {
      "type": "Feature",
      "geometry": {
        "type": "LineString",
        "coordinates": [
          [
            -87.63181247,
            41.80805364
          ],
          [
            -87.63177742,
            41.80853735
          ]
        ]
      },
      "properties": {
        "segment_id": "seg_0437",
        "corridor": "Red",
        "is_loop": false,
        "lines": [
          "Red"
        ]
      }
    },
    {
      "type": "Feature",
      "geometry": {
        "type": "LineString",
        "coordinates": [
          [
            -87.63181247,
            41.80805364
          ],
          [
            -87.63146761,
            41.80306098
          ]
        ]
      },
      "properties": {
        "segment_id": "seg_0438",
        "corridor": "Red",
        "is_loop": false,
        "lines": [
          "Red"
        ]
      }
    },
    {
      "type": "Feature",
      "geometry": {
        "type": "LineString",
        "coordinates": [
          [
            -87.63146761,
            41.80306098
          ],
          [
            -87.6313508,
            41.80189742
          ]
        ]
      },
      "properties": {
        "segment_id": "seg_0439",
        "corridor": "Red",
        "is_loop": false,
        "lines": [
          "Red"
        ]
      }
    },
    {
      "type": "Feature",
      "geometry": {
        "type": "LineString",
        "coordinates": [
          [
            -87.6313508,
            41.80189742
          ],
          [
            -87.63117491,
            41.7954261
          ]
        ]
      },
      "properties": {
        "segment_id": "seg_0440",
        "corridor": "Red",
        "is_loop": false,
        "lines": [
          "Red"
        ]
      }
    },
    {
      "type": "Feature",
      "geometry": {
        "type": "LineString",
        "coordinates": [
          [
            -87.63117491,
            41.7954261
          ],
          [
            -87.63110491,
            41.79168028
          ]
        ]
      },
      "properties": {
        "segment_id": "seg_0441",
        "corridor": "Red",
        "is_loop": false,
        "lines": [
          "Red"
        ]
      }
    },
    {
      "type": "Feature",
      "geometry": {
        "type": "LineString",
        "coordinates": [
          [
            -87.63110491,
            41.79168028
          ],
          [
            -87.63100953,
            41.78772964
          ]
        ]
      },
      "properties": {
        "segment_id": "seg_0442",
        "corridor": "Red",
        "is_loop": false,
        "lines": [
          "Red"
        ]
      }
    },
    {
      "type": "Feature",
      "geometry": {
        "type": "LineString",
        "coordinates": [
          [
            -87.63112781,
            41.78559009
          ],
          [
            -87.63106264239337,
            41.78676889751386
          ]
        ]
      },
      "properties": {
        "segment_id": "seg_0443",
        "corridor": "Red",
        "is_loop": false,
        "lines": [
          "Red"
        ]
      }
    },
    {
      "type": "Feature",
      "geometry": {
        "type": "LineString",
        "coordinates": [
          [
            -87.63106264239337,
            41.78676889751386
          ],
          [
            -87.63100953,
            41.78772964
          ]
        ]
      },
      "properties": {
        "segment_id": "seg_0444",
        "corridor": "Red",
        "is_loop": false,
        "lines": [
          "Red"
        ]
      }
    },
    {
      "type": "Feature",
      "geometry": {
        "type": "LineString",
        "coordinates": [
          [
            -87.63112781,
            41.78559009
          ],
          [
            -87.63100619,
            41.78054217
          ]
        ]
      },
      "properties": {
        "segment_id": "seg_0445",
        "corridor": "Red",
        "is_loop": false,
        "lines": [
          "Red"
        ]
      }
    },
    {
      "type": "Feature",
      "geometry": {
        "type": "LineString",
        "coordinates": [
          [
            -87.63100619,
            41.78054217
          ],
          [
            -87.63097705,
            41.77983006
          ]
        ]
      },
      "properties": {
        "segment_id": "seg_0446",
        "corridor": "Red",
        "is_loop": false,
        "lines": [
          "Red"
        ]
      }
    },
    {
      "type": "Feature",
      "geometry": {
        "type": "LineString",
        "coordinates": [
          [
            -87.63097705,
            41.77983006
          ],
          [
            -87.63093779,
            41.77942927
          ]
        ]
      },
      "properties": {
        "segment_id": "seg_0447",
        "corridor": "Red",
        "is_loop": false,
        "lines": [
          "Red"
        ]
      }
    },
    {
      "type": "Feature",
      "geometry": {
        "type": "LineString",
        "coordinates": [
          [
            -87.63093779,
            41.77942927
          ],
          [
            -87.63077259,
            41.77874993
          ]
        ]
      },
      "properties": {
        "segment_id": "seg_0448",
        "corridor": "Red",
        "is_loop": false,
        "lines": [
          "Red"
        ]
      }
    },
    {
      "type": "Feature",
      "geometry": {
        "type": "LineString",
        "coordinates": [
          [
            -87.63077259,
            41.77874993
          ],
          [
            -87.63065223,
            41.77847605
          ]
        ]
      },
      "properties": {
        "segment_id": "seg_0449",
        "corridor": "Red",
        "is_loop": false,
        "lines": [
          "Red"
        ]
      }
    },
    {
      "type": "Feature",
      "geometry": {
        "type": "LineString",
        "coordinates": [
          [
            -87.63065223,
            41.77847605
          ],
          [
            -87.63048961,
            41.77815639
          ]
        ]
      },
      "properties": {
        "segment_id": "seg_0450",
        "corridor": "Red",
        "is_loop": false,
        "lines": [
          "Red"
        ]
      }
    },
    {
      "type": "Feature",
      "geometry": {
        "type": "LineString",
        "coordinates": [
          [
            -87.63048961,
            41.77815639
          ],
          [
            -87.63004525,
            41.777497
          ]
        ]
      },
      "properties": {
        "segment_id": "seg_0451",
        "corridor": "Red",
        "is_loop": false,
        "lines": [
          "Red"
        ]
      }
    },
    {
      "type": "Feature",
      "geometry": {
        "type": "LineString",
        "coordinates": [
          [
            -87.63004525,
            41.777497
          ],
          [
            -87.62954513,
            41.77698739
          ]
        ]
      },
      "properties": {
        "segment_id": "seg_0452",
        "corridor": "Red",
        "is_loop": false,
        "lines": [
          "Red"
        ]
      }
    },
    {
      "type": "Feature",
      "geometry": {
        "type": "LineString",
        "coordinates": [
          [
            -87.62954513,
            41.77698739
          ],
          [
            -87.62853207,
            41.7762407
          ]
        ]
      },
      "properties": {
        "segment_id": "seg_0453",
        "corridor": "Red",
        "is_loop": false,
        "lines": [
          "Red"
        ]
      }
    },
    {
      "type": "Feature",
      "geometry": {
        "type": "LineString",
        "coordinates": [
          [
            -87.62853207,
            41.7762407
          ],
          [
            -87.62750943,
            41.77541666
          ]
        ]
      },
      "properties": {
        "segment_id": "seg_0454",
        "corridor": "Red",
        "is_loop": false,
        "lines": [
          "Red"
        ]
      }
    },
    {
      "type": "Feature",
      "geometry": {
        "type": "LineString",
        "coordinates": [
          [
            -87.62750943,
            41.77541666
          ],
          [
            -87.62712505,
            41.77501422
          ]
        ]
      },
      "properties": {
        "segment_id": "seg_0455",
        "corridor": "Red",
        "is_loop": false,
        "lines": [
          "Red"
        ]
      }
    },
    {
      "type": "Feature",
      "geometry": {
        "type": "LineString",
        "coordinates": [
          [
            -87.62712505,
            41.77501422
          ],
          [
            -87.62670496,
            41.7744583
          ]
        ]
      },
      "properties": {
        "segment_id": "seg_0456",
        "corridor": "Red",
        "is_loop": false,
        "lines": [
          "Red"
        ]
      }
    },
    {
      "type": "Feature",
      "geometry": {
        "type": "LineString",
        "coordinates": [
          [
            -87.62670496,
            41.7744583
          ],
          [
            -87.62642081,
            41.77398205
          ]
        ]
      },
      "properties": {
        "segment_id": "seg_0457",
        "corridor": "Red",
        "is_loop": false,
        "lines": [
          "Red"
        ]
      }
    },
    {
      "type": "Feature",
      "geometry": {
        "type": "LineString",
        "coordinates": [
          [
            -87.62642081,
            41.77398205
          ],
          [
            -87.62619976,
            41.77349661
          ]
        ]
      },
      "properties": {
        "segment_id": "seg_0458",
        "corridor": "Red",
        "is_loop": false,
        "lines": [
          "Red"
        ]
      }
    },
    {
      "type": "Feature",
      "geometry": {
        "type": "LineString",
        "coordinates": [
          [
            -87.62619976,
            41.77349661
          ],
          [
            -87.62601272,
            41.77287213
          ]
        ]
      },
      "properties": {
        "segment_id": "seg_0459",
        "corridor": "Red",
        "is_loop": false,
        "lines": [
          "Red"
        ]
      }
    },
    {
      "type": "Feature",
      "geometry": {
        "type": "LineString",
        "coordinates": [
          [
            -87.62601272,
            41.77287213
          ],
          [
            -87.62592574,
            41.77218895
          ]
        ]
      },
      "properties": {
        "segment_id": "seg_0460",
        "corridor": "Red",
        "is_loop": false,
        "lines": [
          "Red"
        ]
      }
    },
    {
      "type": "Feature",
      "geometry": {
        "type": "LineString",
        "coordinates": [
          [
            -87.62592574,
            41.77218895
          ],
          [
            -87.62590355,
            41.77187936
          ]
        ]
      },
      "properties": {
        "segment_id": "seg_0461",
        "corridor": "Red",
        "is_loop": false,
        "lines": [
          "Red"
        ]
      }
    },
    {
      "type": "Feature",
      "geometry": {
        "type": "LineString",
        "coordinates": [
          [
            -87.62590355,
            41.77187936
          ],
          [
            -87.62581509,
            41.7683757
          ]
        ]
      },
      "properties": {
        "segment_id": "seg_0462",
        "corridor": "Red",
        "is_loop": false,
        "lines": [
          "Red"
        ]
      }
    },
    {
      "type": "Feature",
      "geometry": {
        "type": "LineString",
        "coordinates": [
          [
            -87.62581509,
            41.7683757
          ],
          [
            -87.62569682,
            41.76542351
          ]
        ]
      },
      "properties": {
        "segment_id": "seg_0463",
        "corridor": "Red",
        "is_loop": false,
        "lines": [
          "Red"
        ]
      }
    },
    {
      "type": "Feature",
      "geometry": {
        "type": "LineString",
        "coordinates": [
          [
            -87.62569682,
            41.76542351
          ],
          [
            -87.62567791,
            41.76290358
          ]
        ]
      },
      "properties": {
        "segment_id": "seg_0464",
        "corridor": "Red",
        "is_loop": false,
        "lines": [
          "Red"
        ]
      }
    },
    {
      "type": "Feature",
      "geometry": {
        "type": "LineString",
        "coordinates": [
          [
            -87.62567791,
            41.76290358
          ],
          [
            -87.62553864,
            41.75604717
          ]
        ]
      },
      "properties": {
        "segment_id": "seg_0465",
        "corridor": "Red",
        "is_loop": false,
        "lines": [
          "Red"
        ]
      }
    },
    {
      "type": "Feature",
      "geometry": {
        "type": "LineString",
        "coordinates": [
          [
            -87.62553864,
            41.75604717
          ],
          [
            -87.62550141,
            41.75516632
          ]
        ]
      },
      "properties": {
        "segment_id": "seg_0466",
        "corridor": "Red",
        "is_loop": false,
        "lines": [
          "Red"
        ]
      }
    },
    {
      "type": "Feature",
      "geometry": {
        "type": "LineString",
        "coordinates": [
          [
            -87.62550141,
            41.75516632
          ],
          [
            -87.62525582,
            41.75264779
          ]
        ]
      },
      "properties": {
        "segment_id": "seg_0467",
        "corridor": "Red",
        "is_loop": false,
        "lines": [
          "Red"
        ]
      }
    },
    {
      "type": "Feature",
      "geometry": {
        "type": "LineString",
        "coordinates": [
          [
            -87.62525582,
            41.75264779
          ],
          [
            -87.62521059,
            41.75189545
          ]
        ]
      },
      "properties": {
        "segment_id": "seg_0468",
        "corridor": "Red",
        "is_loop": false,
        "lines": [
          "Red"
        ]
      }
    },
    {
      "type": "Feature",
      "geometry": {
        "type": "LineString",
        "coordinates": [
          [
            -87.62521059,
            41.75189545
          ],
          [
            -87.62518409,
            41.75042018
          ]
        ]
      },
      "properties": {
        "segment_id": "seg_0469",
        "corridor": "Red",
        "is_loop": false,
        "lines": [
          "Red"
        ]
      }
    },
    {
      "type": "Feature",
      "geometry": {
        "type": "LineString",
        "coordinates": [
          [
            -87.62518409,
            41.75042018
          ],
          [
            -87.62500379,
            41.74460729
          ]
        ]
      },
      "properties": {
        "segment_id": "seg_0470",
        "corridor": "Red",
        "is_loop": false,
        "lines": [
          "Red"
        ]
      }
    },
    {
      "type": "Feature",
      "geometry": {
        "type": "LineString",
        "coordinates": [
          [
            -87.62500379,
            41.74460729
          ],
          [
            -87.62497273,
            41.74303762
          ]
        ]
      },
      "properties": {
        "segment_id": "seg_0471",
        "corridor": "Red",
        "is_loop": false,
        "lines": [
          "Red"
        ]
      }
    },
    {
      "type": "Feature",
      "geometry": {
        "type": "LineString",
        "coordinates": [
          [
            -87.62497273,
            41.74303762
          ],
          [
            -87.62482856,
            41.73949124
          ]
        ]
      },
      "properties": {
        "segment_id": "seg_0472",
        "corridor": "Red",
        "is_loop": false,
        "lines": [
          "Red"
        ]
      }
    },
    {
      "type": "Feature",
      "geometry": {
        "type": "LineString",
        "coordinates": [
          [
            -87.62482856,
            41.73949124
          ],
          [
            -87.62478962,
            41.73614271
          ]
        ]
      },
      "properties": {
        "segment_id": "seg_0473",
        "corridor": "Red",
        "is_loop": false,
        "lines": [
          "Red"
        ]
      }
    },
    {
      "type": "Feature",
      "geometry": {
        "type": "LineString",
        "coordinates": [
          [
            -87.62478962,
            41.73614271
          ],
          [
            -87.62464,
            41.73212529
          ]
        ]
      },
      "properties": {
        "segment_id": "seg_0474",
        "corridor": "Red",
        "is_loop": false,
        "lines": [
          "Red"
        ]
      }
    },
    {
      "type": "Feature",
      "geometry": {
        "type": "LineString",
        "coordinates": [
          [
            -87.62464,
            41.73212529
          ],
          [
            -87.62458982,
            41.72905256
          ]
        ]
      },
      "properties": {
        "segment_id": "seg_0475",
        "corridor": "Red",
        "is_loop": false,
        "lines": [
          "Red"
        ]
      }
    },
    {
      "type": "Feature",
      "geometry": {
        "type": "LineString",
        "coordinates": [
          [
            -87.62458982,
            41.72905256
          ],
          [
            -87.62454944,
            41.72800917
          ]
        ]
      },
      "properties": {
        "segment_id": "seg_0476",
        "corridor": "Red",
        "is_loop": false,
        "lines": [
          "Red"
        ]
      }
    },
    {
      "type": "Feature",
      "geometry": {
        "type": "LineString",
        "coordinates": [
          [
            -87.62454944,
            41.72800917
          ],
          [
            -87.62442048,
            41.72238381
          ]
        ]
      },
      "properties": {
        "segment_id": "seg_0477",
        "corridor": "Red",
        "is_loop": false,
        "lines": [
          "Red"
        ]
      }
    },
    {
      "type": "Feature",
      "geometry": {
        "type": "LineString",
        "coordinates": [
          [
            -87.6638506,
            41.77896124
          ],
          [
            -87.65709564,
            41.77908487
          ]
        ]
      },
      "properties": {
        "segment_id": "seg_0478",
        "corridor": "Green",
        "is_loop": false,
        "lines": [
          "Green"
        ]
      }
    },
    {
      "type": "Feature",
      "geometry": {
        "type": "LineString",
        "coordinates": [
          [
            -87.65709564,
            41.77908487
          ],
          [
            -87.64639263,
            41.779223
          ]
        ]
      },
      "properties": {
        "segment_id": "seg_0479",
        "corridor": "Green",
        "is_loop": false,
        "lines": [
          "Green"
        ]
      }
    },
    {
      "type": "Feature",
      "geometry": {
        "type": "LineString",
        "coordinates": [
          [
            -87.64639263,
            41.779223
          ],
          [
            -87.64541085,
            41.77903522
          ]
        ]
      },
      "properties": {
        "segment_id": "seg_0480",
        "corridor": "Green",
        "is_loop": false,
        "lines": [
          "Green"
        ]
      }
    },
    {
      "type": "Feature",
      "geometry": {
        "type": "LineString",
        "coordinates": [
          [
            -87.64541085,
            41.77903522
          ],
          [
            -87.64402887,
            41.7790357
          ]
        ]
      },
      "properties": {
        "segment_id": "seg_0481",
        "corridor": "Green",
        "is_loop": false,
        "lines": [
          "Green"
        ]
      }
    },
    {
      "type": "Feature",
      "geometry": {
        "type": "LineString",
        "coordinates": [
          [
            -87.64402887,
            41.7790357
          ],
          [
            -87.63960133,
            41.77908576
          ]
        ]
      },
      "properties": {
        "segment_id": "seg_0482",
        "corridor": "Green",
        "is_loop": false,
        "lines": [
          "Green"
        ]
      }
    },
    {
      "type": "Feature",
      "geometry": {
        "type": "LineString",
        "coordinates": [
          [
            -87.63960133,
            41.77908576
          ],
          [
            -87.6356538,
            41.77914952
          ]
        ]
      },
      "properties": {
        "segment_id": "seg_0483",
        "corridor": "Green",
        "is_loop": false,
        "lines": [
          "Green"
        ]
      }
    },
    {
      "type": "Feature",
      "geometry": {
        "type": "LineString",
        "coordinates": [
          [
            -87.6356538,
            41.77914952
          ],
          [
            -87.63353805,
            41.77931417
          ]
        ]
      },
      "properties": {
        "segment_id": "seg_0484",
        "corridor": "Green",
        "is_loop": false,
        "lines": [
          "Green"
        ]
      }
    },
    {
      "type": "Feature",
      "geometry": {
        "type": "LineString",
        "coordinates": [
          [
            -87.63353805,
            41.77931417
          ],
          [
            -87.63337955,
            41.77935046
          ]
        ]
      },
      "properties": {
        "segment_id": "seg_0485",
        "corridor": "Green",
        "is_loop": false,
        "lines": [
          "Green"
        ]
      }
    },
    {
      "type": "Feature",
      "geometry": {
        "type": "LineString",
        "coordinates": [
          [
            -87.63337955,
            41.77935046
          ],
          [
            -87.63310279,
            41.77949123
          ]
        ]
      },
      "properties": {
        "segment_id": "seg_0486",
        "corridor": "Green",
        "is_loop": false,
        "lines": [
          "Green"
        ]
      }
    },
    {
      "type": "Feature",
      "geometry": {
        "type": "LineString",
        "coordinates": [
          [
            -87.63310279,
            41.77949123
          ],
          [
            -87.63219032,
            41.78020231
          ]
        ]
      },
      "properties": {
        "segment_id": "seg_0487",
        "corridor": "Green",
        "is_loop": false,
        "lines": [
          "Green"
        ]
      }
    },
    {
      "type": "Feature",
      "geometry": {
        "type": "LineString",
        "coordinates": [
          [
            -87.63219032,
            41.78020231
          ],
          [
            -87.6320568,
            41.78036367
          ]
        ]
      },
      "properties": {
        "segment_id": "seg_0488",
        "corridor": "Green",
        "is_loop": false,
        "lines": [
          "Green"
        ]
      }
    },
    {
      "type": "Feature",
      "geometry": {
        "type": "LineString",
        "coordinates": [
          [
            -87.6320568,
            41.78036367
          ],
          [
            -87.63202057,
            41.78046426
          ]
        ]
      },
      "properties": {
        "segment_id": "seg_0489",
        "corridor": "Green",
        "is_loop": false,
        "lines": [
          "Green"
        ]
      }
    },
    {
      "type": "Feature",
      "geometry": {
        "type": "LineString",
        "coordinates": [
          [
            -87.63202057,
            41.78046426
          ],
          [
            -87.63200614,
            41.7807461
          ]
        ]
      },
      "properties": {
        "segment_id": "seg_0490",
        "corridor": "Green",
        "is_loop": false,
        "lines": [
          "Green"
        ]
      }
    },
    {
      "type": "Feature",
      "geometry": {
        "type": "LineString",
        "coordinates": [
          [
            -87.63203507,
            41.78155138
          ],
          [
            -87.63200614,
            41.7807461
          ]
        ]
      },
      "properties": {
        "segment_id": "seg_0491",
        "corridor": "Green",
        "is_loop": false,
        "lines": [
          "Green"
        ]
      }
    },
    {
      "type": "Feature",
      "geometry": {
        "type": "LineString",
        "coordinates": [
          [
            -87.63205697,
            41.78330369
          ],
          [
            -87.63203507,
            41.78155138
          ]
        ]
      },
      "properties": {
        "segment_id": "seg_0492",
        "corridor": "Green",
        "is_loop": false,
        "lines": [
          "Green"
        ]
      }
    },
    {
      "type": "Feature",
      "geometry": {
        "type": "LineString",
        "coordinates": [
          [
            -87.63205697,
            41.78330369
          ],
          [
            -87.63202159,
            41.78574489
          ]
        ]
      },
      "properties": {
        "segment_id": "seg_0493",
        "corridor": "Green",
        "is_loop": false,
        "lines": [
          "Green"
        ]
      }
    },
    {
      "type": "Feature",
      "geometry": {
        "type": "LineString",
        "coordinates": [
          [
            -87.63204069,
            41.78614169
          ],
          [
            -87.63202159,
            41.78574489
          ]
        ]
      },
      "properties": {
        "segment_id": "seg_0494",
        "corridor": "Green",
        "is_loop": false,
        "lines": [
          "Green"
        ]
      }
    },
    {
      "type": "Feature",
      "geometry": {
        "type": "LineString",
        "coordinates": [
          [
            -87.63204069,
            41.78614169
          ],
          [
            -87.63200721,
            41.78625764
          ]
        ]
      },
      "properties": {
        "segment_id": "seg_0495",
        "corridor": "Green",
        "is_loop": false,
        "lines": [
          "Green"
        ]
      }
    },
    {
      "type": "Feature",
      "geometry": {
        "type": "LineString",
        "coordinates": [
          [
            -87.63200721,
            41.78625764
          ],
          [
            -87.63190587,
            41.78642139
          ]
        ]
      },
      "properties": {
        "segment_id": "seg_0496",
        "corridor": "Green",
        "is_loop": false,
        "lines": [
          "Green"
        ]
      }
    },
    {
      "type": "Feature",
      "geometry": {
        "type": "LineString",
        "coordinates": [
          [
            -87.63190587,
            41.78642139
          ],
          [
            -87.6318554,
            41.78648464
          ]
        ]
      },
      "properties": {
        "segment_id": "seg_0497",
        "corridor": "Green",
        "is_loop": false,
        "lines": [
          "Green"
        ]
      }
    },
    {
      "type": "Feature",
      "geometry": {
        "type": "LineString",
        "coordinates": [
          [
            -87.6318554,
            41.78648464
          ],
          [
            -87.6317019,
            41.78659766
          ]
        ]
      },
      "properties": {
        "segment_id": "seg_0498",
        "corridor": "Green",
        "is_loop": false,
        "lines": [
          "Green"
        ]
      }
    },
    {
      "type": "Feature",
      "geometry": {
        "type": "LineString",
        "coordinates": [
          [
            -87.6317019,
            41.78659766
          ],
          [
            -87.63156644,
            41.78666696
          ]
        ]
      },
      "properties": {
        "segment_id": "seg_0499",
        "corridor": "Green",
        "is_loop": false,
        "lines": [
          "Green"
        ]
      }
    },
    {
      "type": "Feature",
      "geometry": {
        "type": "LineString",
        "coordinates": [
          [
            -87.63156644,
            41.78666696
          ],
          [
            -87.63121692,
            41.78676345
          ]
        ]
      },
      "properties": {
        "segment_id": "seg_0500",
        "corridor": "Green",
        "is_loop": false,
        "lines": [
          "Green"
        ]
      }
    },
    {
      "type": "Feature",
      "geometry": {
        "type": "LineString",
        "coordinates": [
          [
            -87.63121692,
            41.78676345
          ],
          [
            -87.63106264239337,
            41.78676889751386
          ]
        ]
      },
      "properties": {
        "segment_id": "seg_0501",
        "corridor": "Green",
        "is_loop": false,
        "lines": [
          "Green"
        ]
      }
    },
    {
      "type": "Feature",
      "geometry": {
        "type": "LineString",
        "coordinates": [
          [
            -87.63106264239337,
            41.78676889751386
          ],
          [
            -87.62941827,
            41.78682696
          ]
        ]
      },
      "properties": {
        "segment_id": "seg_0502",
        "corridor": "Green",
        "is_loop": false,
        "lines": [
          "Green"
        ]
      }
    },
    {
      "type": "Feature",
      "geometry": {
        "type": "LineString",
        "coordinates": [
          [
            -87.62941827,
            41.78682696
          ],
          [
            -87.62571013,
            41.78691375
          ]
        ]
      },
      "properties": {
        "segment_id": "seg_0503",
        "corridor": "Green",
        "is_loop": false,
        "lines": [
          "Green"
        ]
      }
    },
    {
      "type": "Feature",
      "geometry": {
        "type": "LineString",
        "coordinates": [
          [
            -87.62571013,
            41.78691375
          ],
          [
            -87.62470588,
            41.78690099
          ]
        ]
      },
      "properties": {
        "segment_id": "seg_0504",
        "corridor": "Green",
        "is_loop": false,
        "lines": [
          "Green"
        ]
      }
    },
    {
      "type": "Feature",
      "geometry": {
        "type": "LineString",
        "coordinates": [
          [
            -87.62470588,
            41.78690099
          ],
          [
            -87.61874013,
            41.786978
          ]
        ]
      },
      "properties": {
        "segment_id": "seg_0505",
        "corridor": "Green",
        "is_loop": false,
        "lines": [
          "Green"
        ]
      }
    },
    {
      "type": "Feature",
      "geometry": {
        "type": "LineString",
        "coordinates": [
          [
            -87.61874013,
            41.786978
          ],
          [
            -87.61855535,
            41.78700534
          ]
        ]
      },
      "properties": {
        "segment_id": "seg_0506",
        "corridor": "Green",
        "is_loop": false,
        "lines": [
          "Green"
        ]
      }
    },
    {
      "type": "Feature",
      "geometry": {
        "type": "LineString",
        "coordinates": [
          [
            -87.61855535,
            41.78700534
          ],
          [
            -87.61843774,
            41.78704844
          ]
        ]
      },
      "properties": {
        "segment_id": "seg_0507",
        "corridor": "Green",
        "is_loop": false,
        "lines": [
          "Green"
        ]
      }
    },
    {
      "type": "Feature",
      "geometry": {
        "type": "LineString",
        "coordinates": [
          [
            -87.61843774,
            41.78704844
          ],
          [
            -87.61832567,
            41.78712006
          ]
        ]
      },
      "properties": {
        "segment_id": "seg_0508",
        "corridor": "Green",
        "is_loop": false,
        "lines": [
          "Green"
        ]
      }
    },
    {
      "type": "Feature",
      "geometry": {
        "type": "LineString",
        "coordinates": [
          [
            -87.61832567,
            41.78712006
          ],
          [
            -87.61823387,
            41.78721154
          ]
        ]
      },
      "properties": {
        "segment_id": "seg_0509",
        "corridor": "Green",
        "is_loop": false,
        "lines": [
          "Green"
        ]
      }
    },
    {
      "type": "Feature",
      "geometry": {
        "type": "LineString",
        "coordinates": [
          [
            -87.61823387,
            41.78721154
          ],
          [
            -87.61818314,
            41.78729669
          ]
        ]
      },
      "properties": {
        "segment_id": "seg_0510",
        "corridor": "Green",
        "is_loop": false,
        "lines": [
          "Green"
        ]
      }
    },
    {
      "type": "Feature",
      "geometry": {
        "type": "LineString",
        "coordinates": [
          [
            -87.61818314,
            41.78729669
          ],
          [
            -87.61814894,
            41.78747619
          ]
        ]
      },
      "properties": {
        "segment_id": "seg_0511",
        "corridor": "Green",
        "is_loop": false,
        "lines": [
          "Green"
        ]
      }
    },
    {
      "type": "Feature",
      "geometry": {
        "type": "LineString",
        "coordinates": [
          [
            -87.61818208,
            41.78897325
          ],
          [
            -87.61814894,
            41.78747619
          ]
        ]
      },
      "properties": {
        "segment_id": "seg_0512",
        "corridor": "Green",
        "is_loop": false,
        "lines": [
          "Green"
        ]
      }
    },
    {
      "type": "Feature",
      "geometry": {
        "type": "LineString",
        "coordinates": [
          [
            -87.61818208,
            41.78897325
          ],
          [
            -87.61814607,
            41.78931491
          ]
        ]
      },
      "properties": {
        "segment_id": "seg_0513",
        "corridor": "Green",
        "is_loop": false,
        "lines": [
          "Green"
        ]
      }
    },
    {
      "type": "Feature",
      "geometry": {
        "type": "LineString",
        "coordinates": [
          [
            -87.6182326,
            41.7915421
          ],
          [
            -87.61814607,
            41.78931491
          ]
        ]
      },
      "properties": {
        "segment_id": "seg_0514",
        "corridor": "Green",
        "is_loop": false,
        "lines": [
          "Green"
        ]
      }
    },
    {
      "type": "Feature",
      "geometry": {
        "type": "LineString",
        "coordinates": [
          [
            -87.61837,
            41.79704338
          ],
          [
            -87.6182326,
            41.7915421
          ]
        ]
      },
      "properties": {
        "segment_id": "seg_0515",
        "corridor": "Green",
        "is_loop": false,
        "lines": [
          "Green"
        ]
      }
    },
    {
      "type": "Feature",
      "geometry": {
        "type": "LineString",
        "coordinates": [
          [
            -87.61845538,
            41.79933295
          ],
          [
            -87.61837,
            41.79704338
          ]
        ]
      },
      "properties": {
        "segment_id": "seg_0516",
        "corridor": "Green",
        "is_loop": false,
        "lines": [
          "Green"
        ]
      }
    },
    {
      "type": "Feature",
      "geometry": {
        "type": "LineString",
        "coordinates": [
          [
            -87.61850734,
            41.80209943
          ],
          [
            -87.61845538,
            41.79933295
          ]
        ]
      },
      "properties": {
        "segment_id": "seg_0517",
        "corridor": "Green",
        "is_loop": false,
        "lines": [
          "Green"
        ]
      }
    },
    {
      "type": "Feature",
      "geometry": {
        "type": "LineString",
        "coordinates": [
          [
            -87.6185865,
            41.80393238
          ],
          [
            -87.61850734,
            41.80209943
          ]
        ]
      },
      "properties": {
        "segment_id": "seg_0518",
        "corridor": "Green",
        "is_loop": false,
        "lines": [
          "Green"
        ]
      }
    },
    {
      "type": "Feature",
      "geometry": {
        "type": "LineString",
        "coordinates": [
          [
            -87.61860919,
            41.80580144
          ],
          [
            -87.6185865,
            41.80393238
          ]
        ]
      },
      "properties": {
        "segment_id": "seg_0519",
        "corridor": "Green",
        "is_loop": false,
        "lines": [
          "Green"
        ]
      }
    },
    {
      "type": "Feature",
      "geometry": {
        "type": "LineString",
        "coordinates": [
          [
            -87.61864276,
            41.80621853
          ],
          [
            -87.61860919,
            41.80580144
          ]
        ]
      },
      "properties": {
        "segment_id": "seg_0520",
        "corridor": "Green",
        "is_loop": false,
        "lines": [
          "Green"
        ]
      }
    },
    {
      "type": "Feature",
      "geometry": {
        "type": "LineString",
        "coordinates": [
          [
            -87.61877344,
            41.80675547
          ],
          [
            -87.61864276,
            41.80621853
          ]
        ]
      },
      "properties": {
        "segment_id": "seg_0521",
        "corridor": "Green",
        "is_loop": false,
        "lines": [
          "Green"
        ]
      }
    },
    {
      "type": "Feature",
      "geometry": {
        "type": "LineString",
        "coordinates": [
          [
            -87.61886398,
            41.81060334
          ],
          [
            -87.61877344,
            41.80675547
          ]
        ]
      },
      "properties": {
        "segment_id": "seg_0522",
        "corridor": "Green",
        "is_loop": false,
        "lines": [
          "Green"
        ]
      }
    },
    {
      "type": "Feature",
      "geometry": {
        "type": "LineString",
        "coordinates": [
          [
            -87.61904152,
            41.81647107
          ],
          [
            -87.61886398,
            41.81060334
          ]
        ]
      },
      "properties": {
        "segment_id": "seg_0523",
        "corridor": "Green",
        "is_loop": false,
        "lines": [
          "Green"
        ]
      }
    },
    {
      "type": "Feature",
      "geometry": {
        "type": "LineString",
        "coordinates": [
          [
            -87.61916731,
            41.82133912
          ],
          [
            -87.61904152,
            41.81647107
          ]
        ]
      },
      "properties": {
        "segment_id": "seg_0524",
        "corridor": "Green",
        "is_loop": false,
        "lines": [
          "Green"
        ]
      }
    },
    {
      "type": "Feature",
      "geometry": {
        "type": "LineString",
        "coordinates": [
          [
            -87.61920118,
            41.82147664
          ],
          [
            -87.61916731,
            41.82133912
          ]
        ]
      },
      "properties": {
        "segment_id": "seg_0525",
        "corridor": "Green",
        "is_loop": false,
        "lines": [
          "Green"
        ]
      }
    },
    {
      "type": "Feature",
      "geometry": {
        "type": "LineString",
        "coordinates": [
          [
            -87.61927275,
            41.82159467
          ],
          [
            -87.61920118,
            41.82147664
          ]
        ]
      },
      "properties": {
        "segment_id": "seg_0526",
        "corridor": "Green",
        "is_loop": false,
        "lines": [
          "Green"
        ]
      }
    },
    {
      "type": "Feature",
      "geometry": {
        "type": "LineString",
        "coordinates": [
          [
            -87.61936093,
            41.82168336
          ],
          [
            -87.61927275,
            41.82159467
          ]
        ]
      },
      "properties": {
        "segment_id": "seg_0527",
        "corridor": "Green",
        "is_loop": false,
        "lines": [
          "Green"
        ]
      }
    },
    {
      "type": "Feature",
      "geometry": {
        "type": "LineString",
        "coordinates": [
          [
            -87.61948431,
            41.82175797
          ],
          [
            -87.61936093,
            41.82168336
          ]
        ]
      },
      "properties": {
        "segment_id": "seg_0528",
        "corridor": "Green",
        "is_loop": false,
        "lines": [
          "Green"
        ]
      }
    },
    {
      "type": "Feature",
      "geometry": {
        "type": "LineString",
        "coordinates": [
          [
            -87.61975417,
            41.8218335
          ],
          [
            -87.61948431,
            41.82175797
          ]
        ]
      },
      "properties": {
        "segment_id": "seg_0529",
        "corridor": "Green",
        "is_loop": false,
        "lines": [
          "Green"
        ]
      }
    },
    {
      "type": "Feature",
      "geometry": {
        "type": "LineString",
        "coordinates": [
          [
            -87.62002787,
            41.82184949
          ],
          [
            -87.61975417,
            41.8218335
          ]
        ]
      },
      "properties": {
        "segment_id": "seg_0530",
        "corridor": "Green",
        "is_loop": false,
        "lines": [
          "Green"
        ]
      }
    },
    {
      "type": "Feature",
      "geometry": {
        "type": "LineString",
        "coordinates": [
          [
            -87.62354433,
            41.82179862
          ],
          [
            -87.62002787,
            41.82184949
          ]
        ]
      },
      "properties": {
        "segment_id": "seg_0531",
        "corridor": "Green",
        "is_loop": false,
        "lines": [
          "Green"
        ]
      }
    },
    {
      "type": "Feature",
      "geometry": {
        "type": "LineString",
        "coordinates": [
          [
            -87.62481222,
            41.82176356
          ],
          [
            -87.62354433,
            41.82179862
          ]
        ]
      },
      "properties": {
        "segment_id": "seg_0532",
        "corridor": "Green",
        "is_loop": false,
        "lines": [
          "Green"
        ]
      }
    },
    {
      "type": "Feature",
      "geometry": {
        "type": "LineString",
        "coordinates": [
          [
            -87.62516856,
            41.82179435
          ],
          [
            -87.62481222,
            41.82176356
          ]
        ]
      },
      "properties": {
        "segment_id": "seg_0533",
        "corridor": "Green",
        "is_loop": false,
        "lines": [
          "Green"
        ]
      }
    },
    {
      "type": "Feature",
      "geometry": {
        "type": "LineString",
        "coordinates": [
          [
            -87.62531773,
            41.82184053
          ],
          [
            -87.62516856,
            41.82179435
          ]
        ]
      },
      "properties": {
        "segment_id": "seg_0534",
        "corridor": "Green",
        "is_loop": false,
        "lines": [
          "Green"
        ]
      }
    },
    {
      "type": "Feature",
      "geometry": {
        "type": "LineString",
        "coordinates": [
          [
            -87.6254793,
            41.82191775
          ],
          [
            -87.62531773,
            41.82184053
          ]
        ]
      },
      "properties": {
        "segment_id": "seg_0535",
        "corridor": "Green",
        "is_loop": false,
        "lines": [
          "Green"
        ]
      }
    },
    {
      "type": "Feature",
      "geometry": {
        "type": "LineString",
        "coordinates": [
          [
            -87.6255517,
            41.82199443
          ],
          [
            -87.6254793,
            41.82191775
          ]
        ]
      },
      "properties": {
        "segment_id": "seg_0536",
        "corridor": "Green",
        "is_loop": false,
        "lines": [
          "Green"
        ]
      }
    },
    {
      "type": "Feature",
      "geometry": {
        "type": "LineString",
        "coordinates": [
          [
            -87.62564141,
            41.82215546
          ],
          [
            -87.6255517,
            41.82199443
          ]
        ]
      },
      "properties": {
        "segment_id": "seg_0537",
        "corridor": "Green",
        "is_loop": false,
        "lines": [
          "Green"
        ]
      }
    },
    {
      "type": "Feature",
      "geometry": {
        "type": "LineString",
        "coordinates": [
          [
            -87.62567386,
            41.82246924
          ],
          [
            -87.62564141,
            41.82215546
          ]
        ]
      },
      "properties": {
        "segment_id": "seg_0538",
        "corridor": "Green",
        "is_loop": false,
        "lines": [
          "Green"
        ]
      }
    },
    {
      "type": "Feature",
      "geometry": {
        "type": "LineString",
        "coordinates": [
          [
            -87.6257886,
            41.82785666
          ],
          [
            -87.62567386,
            41.82246924
          ]
        ]
      },
      "properties": {
        "segment_id": "seg_0539",
        "corridor": "Green",
        "is_loop": false,
        "lines": [
          "Green"
        ]
      }
    },
    {
      "type": "Feature",
      "geometry": {
        "type": "LineString",
        "coordinates": [
          [
            -87.62641264,
            41.85332663
          ],
          [
            -87.6257886,
            41.82785666
          ]
        ]
      },
      "properties": {
        "segment_id": "seg_0540",
        "corridor": "Green",
        "is_loop": false,
        "lines": [
          "Green"
        ]
      }
    },
    {
      "type": "Feature",
      "geometry": {
        "type": "LineString",
        "coordinates": [
          [
            -87.62649416,
            41.85807717
          ],
          [
            -87.62641264,
            41.85332663
          ]
        ]
      },
      "properties": {
        "segment_id": "seg_0541",
        "corridor": "Green",
        "is_loop": false,
        "lines": [
          "Green"
        ]
      }
    },
    {
      "type": "Feature",
      "geometry": {
        "type": "LineString",
        "coordinates": [
          [
            -87.62649416,
            41.85807717
          ],
          [
            -87.62647643165687,
            41.85825072499106
          ]
        ]
      },
      "properties": {
        "segment_id": "seg_0542",
        "corridor": "Green",
        "is_loop": false,
        "lines": [
          "Green"
        ]
      }
    },
    {
      "type": "Feature",
      "geometry": {
        "type": "LineString",
        "coordinates": [
          [
            -87.62647643165687,
            41.85825072499106
          ],
          [
            -87.62642374,
            41.85876656
          ]
        ]
      },
      "properties": {
        "segment_id": "seg_0543",
        "corridor": "Shared",
        "is_loop": false,
        "lines": [
          "Green",
          "Orange"
        ]
      }
    },
    {
      "type": "Feature",
      "geometry": {
        "type": "LineString",
        "coordinates": [
          [
            -87.62647842,
            41.86016949
          ],
          [
            -87.62642374,
            41.85876656
          ]
        ]
      },
      "properties": {
        "segment_id": "seg_0544",
        "corridor": "Shared",
        "is_loop": false,
        "lines": [
          "Green",
          "Orange"
        ]
      }
    },
    {
      "type": "Feature",
      "geometry": {
        "type": "LineString",
        "coordinates": [
          [
            -87.62659564,
            41.86741281
          ],
          [
            -87.62647842,
            41.86016949
          ]
        ]
      },
      "properties": {
        "segment_id": "seg_0545",
        "corridor": "Shared",
        "is_loop": false,
        "lines": [
          "Green",
          "Orange"
        ]
      }
    },
    {
      "type": "Feature",
      "geometry": {
        "type": "LineString",
        "coordinates": [
          [
            -87.62671674,
            41.86998258
          ],
          [
            -87.62659564,
            41.86741281
          ]
        ]
      },
      "properties": {
        "segment_id": "seg_0546",
        "corridor": "Shared",
        "is_loop": false,
        "lines": [
          "Green",
          "Orange"
        ]
      }
    },
    {
      "type": "Feature",
      "geometry": {
        "type": "LineString",
        "coordinates": [
          [
            -87.62681177,
            41.87390296
          ],
          [
            -87.62671674,
            41.86998258
          ]
        ]
      },
      "properties": {
        "segment_id": "seg_0547",
        "corridor": "Shared",
        "is_loop": false,
        "lines": [
          "Green",
          "Orange"
        ]
      }
    },
    {
      "type": "Feature",
      "geometry": {
        "type": "LineString",
        "coordinates": [
          [
            -87.62681177,
            41.87390296
          ],
          [
            -87.62678206,
            41.87410419
          ]
        ]
      },
      "properties": {
        "segment_id": "seg_0548",
        "corridor": "Shared",
        "is_loop": false,
        "lines": [
          "Green",
          "Orange"
        ]
      }
    },
    {
      "type": "Feature",
      "geometry": {
        "type": "LineString",
        "coordinates": [
          [
            -87.62678206,
            41.87410419
          ],
          [
            -87.62668608,
            41.87432967
          ]
        ]
      },
      "properties": {
        "segment_id": "seg_0549",
        "corridor": "Shared",
        "is_loop": false,
        "lines": [
          "Green",
          "Orange"
        ]
      }
    },
    {
      "type": "Feature",
      "geometry": {
        "type": "LineString",
        "coordinates": [
          [
            -87.62668608,
            41.87432967
          ],
          [
            -87.62651825,
            41.87458759
          ]
        ]
      },
      "properties": {
        "segment_id": "seg_0550",
        "corridor": "Shared",
        "is_loop": false,
        "lines": [
          "Green",
          "Orange"
        ]
      }
    },
    {
      "type": "Feature",
      "geometry": {
        "type": "LineString",
        "coordinates": [
          [
            -87.62651825,
            41.87458759
          ],
          [
            -87.62622875,
            41.87490642
          ]
        ]
      },
      "properties": {
        "segment_id": "seg_0551",
        "corridor": "Lake",
        "is_loop": false,
        "lines": [
          "Green",
          "Orange"
        ]
      }
    },
    {
      "type": "Feature",
      "geometry": {
        "type": "LineString",
        "coordinates": [
          [
            -87.62622875,
            41.87490642
          ],
          [
            -87.62602124,
            41.87527097
          ]
        ]
      },
      "properties": {
        "segment_id": "seg_0552",
        "corridor": "Lake",
        "is_loop": false,
        "lines": [
          "Green",
          "Orange"
        ]
      }
    },
    {
      "type": "Feature",
      "geometry": {
        "type": "LineString",
        "coordinates": [
          [
            -87.62602124,
            41.87527097
          ],
          [
            -87.62598439,
            41.87570137
          ]
        ]
      },
      "properties": {
        "segment_id": "seg_0553",
        "corridor": "Lake",
        "is_loop": false,
        "lines": [
          "Green",
          "Orange"
        ]
      }
    },
    {
      "type": "Feature",
      "geometry": {
        "type": "LineString",
        "coordinates": [
          [
            -87.62603967,
            41.87697364
          ],
          [
            -87.62598439,
            41.87570137
          ]
        ]
      },
      "properties": {
        "segment_id": "seg_0554",
        "corridor": "Lake",
        "is_loop": false,
        "lines": [
          "Green",
          "Orange"
        ]
      }
    },
    {
      "type": "Feature",
      "geometry": {
        "type": "LineString",
        "coordinates": [
          [
            -87.62605954,
            41.87831481
          ],
          [
            -87.62603967,
            41.87697364
          ]
        ]
      },
      "properties": {
        "segment_id": "seg_0555",
        "corridor": "Loop",
        "is_loop": true,
        "lines": [
          "Brown",
          "Green",
          "Orange",
          "Purple",
          "Pink"
        ]
      }
    },
    {
      "type": "Feature",
      "geometry": {
        "type": "LineString",
        "coordinates": [
          [
            -87.62610365,
            41.87951807
          ],
          [
            -87.62605954,
            41.87831481
          ]
        ]
      },
      "properties": {
        "segment_id": "seg_0556",
        "corridor": "Loop",
        "is_loop": true,
        "lines": [
          "Brown",
          "Green",
          "Orange",
          "Purple",
          "Pink"
        ]
      }
    },
    {
      "type": "Feature",
      "geometry": {
        "type": "LineString",
        "coordinates": [
          [
            -87.6262587,
            41.88557788
          ],
          [
            -87.62610365,
            41.87951807
          ]
        ]
      },
      "properties": {
        "segment_id": "seg_0557",
        "corridor": "Loop",
        "is_loop": true,
        "lines": [
          "Brown",
          "Green",
          "Orange",
          "Purple",
          "Pink"
        ]
      }
    },
    {
      "type": "Feature",
      "geometry": {
        "type": "LineString",
        "coordinates": [
          [
            -87.62627344,
            41.88562562
          ],
          [
            -87.6262587,
            41.88557788
          ]
        ]
      },
      "properties": {
        "segment_id": "seg_0558",
        "corridor": "Loop",
        "is_loop": true,
        "lines": [
          "Brown",
          "Green",
          "Orange",
          "Purple",
          "Pink"
        ]
      }
    },
    {
      "type": "Feature",
      "geometry": {
        "type": "LineString",
        "coordinates": [
          [
            -87.62630802,
            41.88566611
          ],
          [
            -87.62627344,
            41.88562562
          ]
        ]
      },
      "properties": {
        "segment_id": "seg_0559",
        "corridor": "Loop",
        "is_loop": true,
        "lines": [
          "Blue",
          "Brown",
          "Green",
          "Orange",
          "Purple",
          "Pink"
        ]
      }
    },
    {
      "type": "Feature",
      "geometry": {
        "type": "LineString",
        "coordinates": [
          [
            -87.62642642,
            41.88573037
          ],
          [
            -87.62633338301426,
            41.88567987543325
          ]
        ]
      },
      "properties": {
        "segment_id": "seg_0560",
        "corridor": "Loop",
        "is_loop": true,
        "lines": [
          "Blue",
          "Brown",
          "Green",
          "Orange",
          "Purple",
          "Pink"
        ]
      }
    },
    {
      "type": "Feature",
      "geometry": {
        "type": "LineString",
        "coordinates": [
          [
            -87.62661795,
            41.88574631
          ],
          [
            -87.62642642,
            41.88573037
          ]
        ]
      },
      "properties": {
        "segment_id": "seg_0561",
        "corridor": "Loop",
        "is_loop": true,
        "lines": [
          "Blue",
          "Brown",
          "Green",
          "Orange",
          "Purple",
          "Pink"
        ]
      }
    },
    {
      "type": "Feature",
      "geometry": {
        "type": "LineString",
        "coordinates": [
          [
            -87.63204551,
            41.88574451
          ],
          [
            -87.63012118312997,
            41.88574514818518
          ]
        ]
      },
      "properties": {
        "segment_id": "seg_0562",
        "corridor": "Loop",
        "is_loop": true,
        "lines": [
          "Blue",
          "Brown",
          "Green",
          "Orange",
          "Purple",
          "Pink"
        ]
      }
    },
    {
      "type": "Feature",
      "geometry": {
        "type": "LineString",
        "coordinates": [
          [
            -87.62982204,
            41.88574626
          ],
          [
            -87.62866122117364,
            41.88574563236804
          ]
        ]
      },
      "properties": {
        "segment_id": "seg_0563",
        "corridor": "Loop",
        "is_loop": true,
        "lines": [
          "Blue",
          "Brown",
          "Green",
          "Orange",
          "Purple",
          "Pink"
        ]
      }
    },
    {
      "type": "Feature",
      "geometry": {
        "type": "LineString",
        "coordinates": [
          [
            -87.62866122117364,
            41.88574563236804
          ],
          [
            -87.62784094,
            41.88574827
          ]
        ]
      },
      "properties": {
        "segment_id": "seg_0564",
        "corridor": "Loop",
        "is_loop": true,
        "lines": [
          "Blue",
          "Brown",
          "Green",
          "Orange",
          "Purple",
          "Pink"
        ]
      }
    },
    {
      "type": "Feature",
      "geometry": {
        "type": "LineString",
        "coordinates": [
          [
            -87.62784094,
            41.88574827
          ],
          [
            -87.62661795,
            41.88574631
          ]
        ]
      },
      "properties": {
        "segment_id": "seg_0565",
        "corridor": "Loop",
        "is_loop": true,
        "lines": [
          "Blue",
          "Brown",
          "Green",
          "Orange",
          "Purple",
          "Pink"
        ]
      }
    },
    {
      "type": "Feature",
      "geometry": {
        "type": "LineString",
        "coordinates": [
          [
            -87.63884382,
            41.88571289
          ],
          [
            -87.6339191207789,
            41.885738420732956
          ]
        ]
      },
      "properties": {
        "segment_id": "seg_0566",
        "corridor": "West Side",
        "is_loop": false,
        "lines": [
          "Green",
          "Pink"
        ]
      }
    },
    {
      "type": "Feature",
      "geometry": {
        "type": "LineString",
        "coordinates": [
          [
            -87.6339191207789,
            41.885738420732956
          ],
          [
            -87.63204551,
            41.88574451
          ]
        ]
      },
      "properties": {
        "segment_id": "seg_0567",
        "corridor": "Loop",
        "is_loop": true,
        "lines": [
          "Blue",
          "Brown",
          "Green",
          "Orange",
          "Purple",
          "Pink"
        ]
      }
    },
    {
      "type": "Feature",
      "geometry": {
        "type": "LineString",
        "coordinates": [
          [
            -87.64394707,
            41.88571471
          ],
          [
            -87.64148487736986,
            41.885713831894755
          ]
        ]
      },
      "properties": {
        "segment_id": "seg_0568",
        "corridor": "West Side",
        "is_loop": false,
        "lines": [
          "Green",
          "Pink"
        ]
      }
    },
    {
      "type": "Feature",
      "geometry": {
        "type": "LineString",
        "coordinates": [
          [
            -87.64148487736986,
            41.885713831894755
          ],
          [
            -87.63947124908752,
            41.88571311376347
          ]
        ]
      },
      "properties": {
        "segment_id": "seg_0569",
        "corridor": "West Side",
        "is_loop": false,
        "lines": [
          "Green",
          "Pink"
        ]
      }
    },
    {
      "type": "Feature",
      "geometry": {
        "type": "LineString",
        "coordinates": [
          [
            -87.63947124908752,
            41.88571311376347
          ],
          [
            -87.63884382,
            41.88571289
          ]
        ]
      },
      "properties": {
        "segment_id": "seg_0570",
        "corridor": "West Side",
        "is_loop": false,
        "lines": [
          "Green",
          "Pink"
        ]
      }
    },
    {
      "type": "Feature",
      "geometry": {
        "type": "LineString",
        "coordinates": [
          [
            -87.64851177,
            41.88565354
          ],
          [
            -87.64829109461164,
            41.8856564971962
          ]
        ]
      },
      "properties": {
        "segment_id": "seg_0571",
        "corridor": "West Side",
        "is_loop": false,
        "lines": [
          "Green",
          "Pink"
        ]
      }
    },
    {
      "type": "Feature",
      "geometry": {
        "type": "LineString",
        "coordinates": [
          [
            -87.64829109461164,
            41.8856564971962
          ],
          [
            -87.64606566112784,
            41.88568631947723
          ]
        ]
      },
      "properties": {
        "segment_id": "seg_0572",
        "corridor": "West Side",
        "is_loop": false,
        "lines": [
          "Green",
          "Pink"
        ]
      }
    },
    {
      "type": "Feature",
      "geometry": {
        "type": "LineString",
        "coordinates": [
          [
            -87.64606566112784,
            41.88568631947723
          ],
          [
            -87.64482191822799,
            41.885702986454945
          ]
        ]
      },
      "properties": {
        "segment_id": "seg_0573",
        "corridor": "West Side",
        "is_loop": false,
        "lines": [
          "Green",
          "Pink"
        ]
      }
    },
    {
      "type": "Feature",
      "geometry": {
        "type": "LineString",
        "coordinates": [
          [
            -87.64482191822799,
            41.885702986454945
          ],
          [
            -87.64394707,
            41.88571471
          ]
        ]
      },
      "properties": {
        "segment_id": "seg_0574",
        "corridor": "West Side",
        "is_loop": false,
        "lines": [
          "Green",
          "Pink"
        ]
      }
    },
    {
      "type": "Feature",
      "geometry": {
        "type": "LineString",
        "coordinates": [
          [
            -87.65311527,
            41.88556809
          ],
          [
            -87.65079331192285,
            41.88561119010159
          ]
        ]
      },
      "properties": {
        "segment_id": "seg_0575",
        "corridor": "West Side",
        "is_loop": false,
        "lines": [
          "Green",
          "Pink"
        ]
      }
    },
    {
      "type": "Feature",
      "geometry": {
        "type": "LineString",
        "coordinates": [
          [
            -87.65079331192285,
            41.88561119010159
          ],
          [
            -87.648797223812,
            41.885648241416696
          ]
        ]
      },
      "properties": {
        "segment_id": "seg_0576",
        "corridor": "West Side",
        "is_loop": false,
        "lines": [
          "Green",
          "Pink"
        ]
      }
    },
    {
      "type": "Feature",
      "geometry": {
        "type": "LineString",
        "coordinates": [
          [
            -87.648797223812,
            41.885648241416696
          ],
          [
            -87.64851177,
            41.88565354
          ]
        ]
      },
      "properties": {
        "segment_id": "seg_0577",
        "corridor": "West Side",
        "is_loop": false,
        "lines": [
          "Green",
          "Pink"
        ]
      }
    },
    {
      "type": "Feature",
      "geometry": {
        "type": "LineString",
        "coordinates": [
          [
            -87.6555924,
            41.88554267
          ],
          [
            -87.65472148300142,
            41.88555160724193
          ]
        ]
      },
      "properties": {
        "segment_id": "seg_0578",
        "corridor": "West Side",
        "is_loop": false,
        "lines": [
          "Green",
          "Pink"
        ]
      }
    },
    {
      "type": "Feature",
      "geometry": {
        "type": "LineString",
        "coordinates": [
          [
            -87.65472148300142,
            41.88555160724193
          ],
          [
            -87.6542167232043,
            41.88555678702419
          ]
        ]
      },
      "properties": {
        "segment_id": "seg_0579",
        "corridor": "West Side",
        "is_loop": false,
        "lines": [
          "Green",
          "Pink"
        ]
      }
    },
    {
      "type": "Feature",
      "geometry": {
        "type": "LineString",
        "coordinates": [
          [
            -87.6542167232043,
            41.88555678702419
          ],
          [
            -87.65311527,
            41.88556809
          ]
        ]
      },
      "properties": {
        "segment_id": "seg_0580",
        "corridor": "West Side",
        "is_loop": false,
        "lines": [
          "Green",
          "Pink"
        ]
      }
    },
    {
      "type": "Feature",
      "geometry": {
        "type": "LineString",
        "coordinates": [
          [
            -87.65673277,
            41.88551003
          ],
          [
            -87.65620072890616,
            41.88552525823408
          ]
        ]
      },
      "properties": {
        "segment_id": "seg_0581",
        "corridor": "West Side",
        "is_loop": false,
        "lines": [
          "Green",
          "Pink"
        ]
      }
    },
    {
      "type": "Feature",
      "geometry": {
        "type": "LineString",
        "coordinates": [
          [
            -87.65620072890616,
            41.88552525823408
          ],
          [
            -87.65602038692565,
            41.885530420034414
          ]
        ]
      },
      "properties": {
        "segment_id": "seg_0582",
        "corridor": "West Side",
        "is_loop": false,
        "lines": [
          "Green",
          "Pink"
        ]
      }
    },
    {
      "type": "Feature",
      "geometry": {
        "type": "LineString",
        "coordinates": [
          [
            -87.65602038692565,
            41.885530420034414
          ],
          [
            -87.6555924,
            41.88554267
          ]
        ]
      },
      "properties": {
        "segment_id": "seg_0583",
        "corridor": "West Side",
        "is_loop": false,
        "lines": [
          "Green",
          "Pink"
        ]
      }
    },
    {
      "type": "Feature",
      "geometry": {
        "type": "LineString",
        "coordinates": [
          [
            -87.66148521,
            41.88544128
          ],
          [
            -87.65673277,
            41.88551003
          ]
        ]
      },
      "properties": {
        "segment_id": "seg_0584",
        "corridor": "West Side",
        "is_loop": false,
        "lines": [
          "Green",
          "Pink"
        ]
      }
    },
    {
      "type": "Feature",
      "geometry": {
        "type": "LineString",
        "coordinates": [
          [
            -87.66414906,
            41.88538525
          ],
          [
            -87.66148521,
            41.88544128
          ]
        ]
      },
      "properties": {
        "segment_id": "seg_0585",
        "corridor": "West Side",
        "is_loop": false,
        "lines": [
          "Green",
          "Pink"
        ]
      }
    },
    {
      "type": "Feature",
      "geometry": {
        "type": "LineString",
        "coordinates": [
          [
            -87.67082431,
            41.88521191
          ],
          [
            -87.66944740243692,
            41.885247664939065
          ]
        ]
      },
      "properties": {
        "segment_id": "seg_0586",
        "corridor": "West Side",
        "is_loop": false,
        "lines": [
          "Green",
          "Pink"
        ]
      }
    },
    {
      "type": "Feature",
      "geometry": {
        "type": "LineString",
        "coordinates": [
          [
            -87.66944740243692,
            41.885247664939065
          ],
          [
            -87.66816484467412,
            41.88528096984339
          ]
        ]
      },
      "properties": {
        "segment_id": "seg_0587",
        "corridor": "West Side",
        "is_loop": false,
        "lines": [
          "Green",
          "Pink"
        ]
      }
    },
    {
      "type": "Feature",
      "geometry": {
        "type": "LineString",
        "coordinates": [
          [
            -87.66816484467412,
            41.88528096984339
          ],
          [
            -87.66507179556115,
            41.88536128880271
          ]
        ]
      },
      "properties": {
        "segment_id": "seg_0588",
        "corridor": "West Side",
        "is_loop": false,
        "lines": [
          "Green",
          "Pink"
        ]
      }
    },
    {
      "type": "Feature",
      "geometry": {
        "type": "LineString",
        "coordinates": [
          [
            -87.66507179556115,
            41.88536128880271
          ],
          [
            -87.66414906,
            41.88538525
          ]
        ]
      },
      "properties": {
        "segment_id": "seg_0589",
        "corridor": "West Side",
        "is_loop": false,
        "lines": [
          "Green",
          "Pink"
        ]
      }
    },
    {
      "type": "Feature",
      "geometry": {
        "type": "LineString",
        "coordinates": [
          [
            -87.67308642,
            41.88510921
          ],
          [
            -87.67082431,
            41.88521191
          ]
        ]
      },
      "properties": {
        "segment_id": "seg_0590",
        "corridor": "Green",
        "is_loop": false,
        "lines": [
          "Green"
        ]
      }
    },
    {
      "type": "Feature",
      "geometry": {
        "type": "LineString",
        "coordinates": [
          [
            -87.67665736,
            41.88498502
          ],
          [
            -87.67308642,
            41.88510921
          ]
        ]
      },
      "properties": {
        "segment_id": "seg_0591",
        "corridor": "Green",
        "is_loop": false,
        "lines": [
          "Green"
        ]
      }
    },
    {
      "type": "Feature",
      "geometry": {
        "type": "LineString",
        "coordinates": [
          [
            -87.69623999,
            41.88422738
          ],
          [
            -87.67665736,
            41.88498502
          ]
        ]
      },
      "properties": {
        "segment_id": "seg_0592",
        "corridor": "Green",
        "is_loop": false,
        "lines": [
          "Green"
        ]
      }
    },
    {
      "type": "Feature",
      "geometry": {
        "type": "LineString",
        "coordinates": [
          [
            -87.69787469,
            41.88413807
          ],
          [
            -87.69623999,
            41.88422738
          ]
        ]
      },
      "properties": {
        "segment_id": "seg_0593",
        "corridor": "Green",
        "is_loop": false,
        "lines": [
          "Green"
        ]
      }
    },
    {
      "type": "Feature",
      "geometry": {
        "type": "LineString",
        "coordinates": [
          [
            -87.69880405,
            41.88412007
          ],
          [
            -87.69787469,
            41.88413807
          ]
        ]
      },
      "properties": {
        "segment_id": "seg_0594",
        "corridor": "Green",
        "is_loop": false,
        "lines": [
          "Green"
        ]
      }
    },
    {
      "type": "Feature",
      "geometry": {
        "type": "LineString",
        "coordinates": [
          [
            -87.69953228,
            41.88408358
          ],
          [
            -87.69880405,
            41.88412007
          ]
        ]
      },
      "properties": {
        "segment_id": "seg_0595",
        "corridor": "Green",
        "is_loop": false,
        "lines": [
          "Green"
        ]
      }
    },
    {
      "type": "Feature",
      "geometry": {
        "type": "LineString",
        "coordinates": [
          [
            -87.7013179,
            41.8840293
          ],
          [
            -87.69953228,
            41.88408358
          ]
        ]
      },
      "properties": {
        "segment_id": "seg_0596",
        "corridor": "Green",
        "is_loop": false,
        "lines": [
          "Green"
        ]
      }
    },
    {
      "type": "Feature",
      "geometry": {
        "type": "LineString",
        "coordinates": [
          [
            -87.70858019,
            41.88447241
          ],
          [
            -87.7013179,
            41.8840293
          ]
        ]
      },
      "properties": {
        "segment_id": "seg_0597",
        "corridor": "Green",
        "is_loop": false,
        "lines": [
          "Green"
        ]
      }
    },
    {
      "type": "Feature",
      "geometry": {
        "type": "LineString",
        "coordinates": [
          [
            -87.71414814,
            41.88477292
          ],
          [
            -87.70858019,
            41.88447241
          ]
        ]
      },
      "properties": {
        "segment_id": "seg_0598",
        "corridor": "Green",
        "is_loop": false,
        "lines": [
          "Green"
        ]
      }
    },
    {
      "type": "Feature",
      "geometry": {
        "type": "LineString",
        "coordinates": [
          [
            -87.74054863,
            41.88628014
          ],
          [
            -87.71414814,
            41.88477292
          ]
        ]
      },
      "properties": {
        "segment_id": "seg_0599",
        "corridor": "Green",
        "is_loop": false,
        "lines": [
          "Green"
        ]
      }
    },
    {
      "type": "Feature",
      "geometry": {
        "type": "LineString",
        "coordinates": [
          [
            -87.74470418,
            41.8865272
          ],
          [
            -87.74054863,
            41.88628014
          ]
        ]
      },
      "properties": {
        "segment_id": "seg_0600",
        "corridor": "Green",
        "is_loop": false,
        "lines": [
          "Green"
        ]
      }
    },
    {
      "type": "Feature",
      "geometry": {
        "type": "LineString",
        "coordinates": [
          [
            -87.74547289,
            41.88660197
          ],
          [
            -87.74470418,
            41.8865272
          ]
        ]
      },
      "properties": {
        "segment_id": "seg_0601",
        "corridor": "Green",
        "is_loop": false,
        "lines": [
          "Green"
        ]
      }
    },
    {
      "type": "Feature",
      "geometry": {
        "type": "LineString",
        "coordinates": [
          [
            -87.7503563,
            41.88690461
          ],
          [
            -87.74547289,
            41.88660197
          ]
        ]
      },
      "properties": {
        "segment_id": "seg_0602",
        "corridor": "Green",
        "is_loop": false,
        "lines": [
          "Green"
        ]
      }
    },
    {
      "type": "Feature",
      "geometry": {
        "type": "LineString",
        "coordinates": [
          [
            -87.75327428,
            41.88705247
          ],
          [
            -87.7503563,
            41.88690461
          ]
        ]
      },
      "properties": {
        "segment_id": "seg_0603",
        "corridor": "Green",
        "is_loop": false,
        "lines": [
          "Green"
        ]
      }
    },
    {
      "type": "Feature",
      "geometry": {
        "type": "LineString",
        "coordinates": [
          [
            -87.75531739,
            41.88718429
          ],
          [
            -87.75327428,
            41.88705247
          ]
        ]
      },
      "properties": {
        "segment_id": "seg_0604",
        "corridor": "Green",
        "is_loop": false,
        "lines": [
          "Green"
        ]
      }
    },
    {
      "type": "Feature",
      "geometry": {
        "type": "LineString",
        "coordinates": [
          [
            -87.75615257,
            41.88731
          ],
          [
            -87.75531739,
            41.88718429
          ]
        ]
      },
      "properties": {
        "segment_id": "seg_0605",
        "corridor": "Green",
        "is_loop": false,
        "lines": [
          "Green"
        ]
      }
    },
    {
      "type": "Feature",
      "geometry": {
        "type": "LineString",
        "coordinates": [
          [
            -87.75650808,
            41.88738701
          ],
          [
            -87.75615257,
            41.88731
          ]
        ]
      },
      "properties": {
        "segment_id": "seg_0606",
        "corridor": "Green",
        "is_loop": false,
        "lines": [
          "Green"
        ]
      }
    },
    {
      "type": "Feature",
      "geometry": {
        "type": "LineString",
        "coordinates": [
          [
            -87.75677879,
            41.88742308
          ],
          [
            -87.75650808,
            41.88738701
          ]
        ]
      },
      "properties": {
        "segment_id": "seg_0607",
        "corridor": "Green",
        "is_loop": false,
        "lines": [
          "Green"
        ]
      }
    },
    {
      "type": "Feature",
      "geometry": {
        "type": "LineString",
        "coordinates": [
          [
            -87.75727383,
            41.88748343
          ],
          [
            -87.75677879,
            41.88742308
          ]
        ]
      },
      "properties": {
        "segment_id": "seg_0608",
        "corridor": "Green",
        "is_loop": false,
        "lines": [
          "Green"
        ]
      }
    },
    {
      "type": "Feature",
      "geometry": {
        "type": "LineString",
        "coordinates": [
          [
            -87.75781566,
            41.88750929
          ],
          [
            -87.75727383,
            41.88748343
          ]
        ]
      },
      "properties": {
        "segment_id": "seg_0609",
        "corridor": "Green",
        "is_loop": false,
        "lines": [
          "Green"
        ]
      }
    },
    {
      "type": "Feature",
      "geometry": {
        "type": "LineString",
        "coordinates": [
          [
            -87.75846397,
            41.88748325
          ],
          [
            -87.75781566,
            41.88750929
          ]
        ]
      },
      "properties": {
        "segment_id": "seg_0610",
        "corridor": "Green",
        "is_loop": false,
        "lines": [
          "Green"
        ]
      }
    },
    {
      "type": "Feature",
      "geometry": {
        "type": "LineString",
        "coordinates": [
          [
            -87.76078053,
            41.88744799
          ],
          [
            -87.75846397,
            41.88748325
          ]
        ]
      },
      "properties": {
        "segment_id": "seg_0611",
        "corridor": "Green",
        "is_loop": false,
        "lines": [
          "Green"
        ]
      }
    },
    {
      "type": "Feature",
      "geometry": {
        "type": "LineString",
        "coordinates": [
          [
            -87.76260178,
            41.88744638
          ],
          [
            -87.76078053,
            41.88744799
          ]
        ]
      },
      "properties": {
        "segment_id": "seg_0612",
        "corridor": "Green",
        "is_loop": false,
        "lines": [
          "Green"
        ]
      }
    },
    {
      "type": "Feature",
      "geometry": {
        "type": "LineString",
        "coordinates": [
          [
            -87.76513729,
            41.8873946
          ],
          [
            -87.76260178,
            41.88744638
          ]
        ]
      },
      "properties": {
        "segment_id": "seg_0613",
        "corridor": "Green",
        "is_loop": false,
        "lines": [
          "Green"
        ]
      }
    },
    {
      "type": "Feature",
      "geometry": {
        "type": "LineString",
        "coordinates": [
          [
            -87.76741882,
            41.88738921
          ],
          [
            -87.76513729,
            41.8873946
          ]
        ]
      },
      "properties": {
        "segment_id": "seg_0614",
        "corridor": "Green",
        "is_loop": false,
        "lines": [
          "Green"
        ]
      }
    },
    {
      "type": "Feature",
      "geometry": {
        "type": "LineString",
        "coordinates": [
          [
            -87.76803848,
            41.88736912
          ],
          [
            -87.76741882,
            41.88738921
          ]
        ]
      },
      "properties": {
        "segment_id": "seg_0615",
        "corridor": "Green",
        "is_loop": false,
        "lines": [
          "Green"
        ]
      }
    },
    {
      "type": "Feature",
      "geometry": {
        "type": "LineString",
        "coordinates": [
          [
            -87.77190279,
            41.88734179
          ],
          [
            -87.76803848,
            41.88736912
          ]
        ]
      },
      "properties": {
        "segment_id": "seg_0616",
        "corridor": "Green",
        "is_loop": false,
        "lines": [
          "Green"
        ]
      }
    },
    {
      "type": "Feature",
      "geometry": {
        "type": "LineString",
        "coordinates": [
          [
            -87.77857091,
            41.88724111
          ],
          [
            -87.77190279,
            41.88734179
          ]
        ]
      },
      "properties": {
        "segment_id": "seg_0617",
        "corridor": "Green",
        "is_loop": false,
        "lines": [
          "Green"
        ]
      }
    },
    {
      "type": "Feature",
      "geometry": {
        "type": "LineString",
        "coordinates": [
          [
            -87.78248176,
            41.88720207
          ],
          [
            -87.77857091,
            41.88724111
          ]
        ]
      },
      "properties": {
        "segment_id": "seg_0618",
        "corridor": "Green",
        "is_loop": false,
        "lines": [
          "Green"
        ]
      }
    },
    {
      "type": "Feature",
      "geometry": {
        "type": "LineString",
        "coordinates": [
          [
            -87.78366683,
            41.88716725
          ],
          [
            -87.78248176,
            41.88720207
          ]
        ]
      },
      "properties": {
        "segment_id": "seg_0619",
        "corridor": "Green",
        "is_loop": false,
        "lines": [
          "Green"
        ]
      }
    },
    {
      "type": "Feature",
      "geometry": {
        "type": "LineString",
        "coordinates": [
          [
            -87.78794181,
            41.88710662
          ],
          [
            -87.78366683,
            41.88716725
          ]
        ]
      },
      "properties": {
        "segment_id": "seg_0620",
        "corridor": "Green",
        "is_loop": false,
        "lines": [
          "Green"
        ]
      }
    },
    {
      "type": "Feature",
      "geometry": {
        "type": "LineString",
        "coordinates": [
          [
            -87.78860798,
            41.88708085
          ],
          [
            -87.78794181,
            41.88710662
          ]
        ]
      },
      "properties": {
        "segment_id": "seg_0621",
        "corridor": "Green",
        "is_loop": false,
        "lines": [
          "Green"
        ]
      }
    },
    {
      "type": "Feature",
      "geometry": {
        "type": "LineString",
        "coordinates": [
          [
            -87.79124882,
            41.88704705
          ],
          [
            -87.78860798,
            41.88708085
          ]
        ]
      },
      "properties": {
        "segment_id": "seg_0622",
        "corridor": "Green",
        "is_loop": false,
        "lines": [
          "Green"
        ]
      }
    },
    {
      "type": "Feature",
      "geometry": {
        "type": "LineString",
        "coordinates": [
          [
            -87.79450025,
            41.88698185
          ],
          [
            -87.79124882,
            41.88704705
          ]
        ]
      },
      "properties": {
        "segment_id": "seg_0623",
        "corridor": "Green",
        "is_loop": false,
        "lines": [
          "Green"
        ]
      }
    },
    {
      "type": "Feature",
      "geometry": {
        "type": "LineString",
        "coordinates": [
          [
            -87.79992677,
            41.88691917
          ],
          [
            -87.79450025,
            41.88698185
          ]
        ]
      },
      "properties": {
        "segment_id": "seg_0624",
        "corridor": "Green",
        "is_loop": false,
        "lines": [
          "Green"
        ]
      }
    },
    {
      "type": "Feature",
      "geometry": {
        "type": "LineString",
        "coordinates": [
          [
            -87.80318179,
            41.88685615
          ],
          [
            -87.79992677,
            41.88691917
          ]
        ]
      },
      "properties": {
        "segment_id": "seg_0625",
        "corridor": "Green",
        "is_loop": false,
        "lines": [
          "Green"
        ]
      }
    },
    {
      "type": "Feature",
      "geometry": {
        "type": "LineString",
        "coordinates": [
          [
            -87.60971146,
            41.78025249
          ],
          [
            -87.60586315,
            41.78031661
          ]
        ]
      },
      "properties": {
        "segment_id": "seg_0626",
        "corridor": "Green",
        "is_loop": false,
        "lines": [
          "Green"
        ]
      }
    },
    {
      "type": "Feature",
      "geometry": {
        "type": "LineString",
        "coordinates": [
          [
            -87.6122942,
            41.78018031
          ],
          [
            -87.60971146,
            41.78025249
          ]
        ]
      },
      "properties": {
        "segment_id": "seg_0627",
        "corridor": "Green",
        "is_loop": false,
        "lines": [
          "Green"
        ]
      }
    },
    {
      "type": "Feature",
      "geometry": {
        "type": "LineString",
        "coordinates": [
          [
            -87.61555162,
            41.78013756
          ],
          [
            -87.6122942,
            41.78018031
          ]
        ]
      },
      "properties": {
        "segment_id": "seg_0628",
        "corridor": "Green",
        "is_loop": false,
        "lines": [
          "Green"
        ]
      }
    },
    {
      "type": "Feature",
      "geometry": {
        "type": "LineString",
        "coordinates": [
          [
            -87.61709408,
            41.78009634
          ],
          [
            -87.61555162,
            41.78013756
          ]
        ]
      },
      "properties": {
        "segment_id": "seg_0629",
        "corridor": "Green",
        "is_loop": false,
        "lines": [
          "Green"
        ]
      }
    },
    {
      "type": "Feature",
      "geometry": {
        "type": "LineString",
        "coordinates": [
          [
            -87.61751173,
            41.78006345
          ],
          [
            -87.61709408,
            41.78009634
          ]
        ]
      },
      "properties": {
        "segment_id": "seg_0630",
        "corridor": "Green",
        "is_loop": false,
        "lines": [
          "Green"
        ]
      }
    },
    {
      "type": "Feature",
      "geometry": {
        "type": "LineString",
        "coordinates": [
          [
            -87.61769175,
            41.78007877
          ],
          [
            -87.61751173,
            41.78006345
          ]
        ]
      },
      "properties": {
        "segment_id": "seg_0631",
        "corridor": "Green",
        "is_loop": false,
        "lines": [
          "Green"
        ]
      }
    },
    {
      "type": "Feature",
      "geometry": {
        "type": "LineString",
        "coordinates": [
          [
            -87.61782372,
            41.78015058
          ],
          [
            -87.61769175,
            41.78007877
          ]
        ]
      },
      "properties": {
        "segment_id": "seg_0632",
        "corridor": "Green",
        "is_loop": false,
        "lines": [
          "Green"
        ]
      }
    },
    {
      "type": "Feature",
      "geometry": {
        "type": "LineString",
        "coordinates": [
          [
            -87.6179082,
            41.78022919
          ],
          [
            -87.61782372,
            41.78015058
          ]
        ]
      },
      "properties": {
        "segment_id": "seg_0633",
        "corridor": "Green",
        "is_loop": false,
        "lines": [
          "Green"
        ]
      }
    },
    {
      "type": "Feature",
      "geometry": {
        "type": "LineString",
        "coordinates": [
          [
            -87.61794463,
            41.78036429
          ],
          [
            -87.6179082,
            41.78022919
          ]
        ]
      },
      "properties": {
        "segment_id": "seg_0634",
        "corridor": "Green",
        "is_loop": false,
        "lines": [
          "Green"
        ]
      }
    },
    {
      "type": "Feature",
      "geometry": {
        "type": "LineString",
        "coordinates": [
          [
            -87.61801988,
            41.78477406
          ],
          [
            -87.61794463,
            41.78036429
          ]
        ]
      },
      "properties": {
        "segment_id": "seg_0635",
        "corridor": "Green",
        "is_loop": false,
        "lines": [
          "Green"
        ]
      }
    },
    {
      "type": "Feature",
      "geometry": {
        "type": "LineString",
        "coordinates": [
          [
            -87.61814894,
            41.78747619
          ],
          [
            -87.61801988,
            41.78477406
          ]
        ]
      },
      "properties": {
        "segment_id": "seg_0636",
        "corridor": "Green",
        "is_loop": false,
        "lines": [
          "Green"
        ]
      }
    },
    {
      "type": "Feature",
      "geometry": {
        "type": "LineString",
        "coordinates": [
          [
            -87.62633338301426,
            41.88567987543325
          ],
          [
            -87.62627344,
            41.88562562
          ]
        ]
      },
      "properties": {
        "segment_id": "seg_0637",
        "corridor": "Loop",
        "is_loop": true,
        "lines": [
          "Blue",
          "Brown",
          "Green",
          "Orange",
          "Purple",
          "Pink"
        ]
      }
    },
    {
      "type": "Feature",
      "geometry": {
        "type": "LineString",
        "coordinates": [
          [
            -87.62642642,
            41.88573037
          ],
          [
            -87.62635259,
            41.88569726
          ]
        ]
      },
      "properties": {
        "segment_id": "seg_0638",
        "corridor": "Loop",
        "is_loop": true,
        "lines": [
          "Blue",
          "Brown",
          "Green",
          "Orange",
          "Purple",
          "Pink"
        ]
      }
    },
    {
      "type": "Feature",
      "geometry": {
        "type": "LineString",
        "coordinates": [
          [
            -87.63884382,
            41.88571289
          ],
          [
            -87.63852268535933,
            41.88571392261542
          ]
        ]
      },
      "properties": {
        "segment_id": "seg_0639",
        "corridor": "West Side",
        "is_loop": false,
        "lines": [
          "Green",
          "Pink"
        ]
      }
    },
    {
      "type": "Feature",
      "geometry": {
        "type": "LineString",
        "coordinates": [
          [
            -87.6339191207789,
            41.885738420732956
          ],
          [
            -87.63205828562418,
            41.88573794862403
          ]
        ]
      },
      "properties": {
        "segment_id": "seg_0640",
        "corridor": "Loop",
        "is_loop": true,
        "lines": [
          "Blue",
          "Brown",
          "Green",
          "Orange",
          "Purple",
          "Pink"
        ]
      }
    },
    {
      "type": "Feature",
      "geometry": {
        "type": "LineString",
        "coordinates": [
          [
            -87.63205828562418,
            41.88573794862403
          ],
          [
            -87.63112447876115,
            41.88573771170968
          ]
        ]
      },
      "properties": {
        "segment_id": "seg_0641",
        "corridor": "Loop",
        "is_loop": true,
        "lines": [
          "Blue",
          "Brown",
          "Green",
          "Orange",
          "Purple",
          "Pink"
        ]
      }
    },
    {
      "type": "Feature",
      "geometry": {
        "type": "LineString",
        "coordinates": [
          [
            -87.63112447876115,
            41.88573771170968
          ],
          [
            -87.62980016265452,
            41.885741970076936
          ]
        ]
      },
      "properties": {
        "segment_id": "seg_0642",
        "corridor": "Loop",
        "is_loop": true,
        "lines": [
          "Blue",
          "Brown",
          "Green",
          "Orange",
          "Purple",
          "Pink"
        ]
      }
    },
    {
      "type": "Feature",
      "geometry": {
        "type": "LineString",
        "coordinates": [
          [
            -87.62980016265452,
            41.885741970076936
          ],
          [
            -87.62866122117364,
            41.88574563236804
          ]
        ]
      },
      "properties": {
        "segment_id": "seg_0643",
        "corridor": "Loop",
        "is_loop": true,
        "lines": [
          "Blue",
          "Brown",
          "Green",
          "Orange",
          "Purple",
          "Pink"
        ]
      }
    },
    {
      "type": "Feature",
      "geometry": {
        "type": "LineString",
        "coordinates": [
          [
            -87.71314782,
            41.96793602
          ],
          [
            -87.71311606,
            41.96644218
          ]
        ]
      },
      "properties": {
        "segment_id": "seg_0644",
        "corridor": "Brown",
        "is_loop": false,
        "lines": [
          "Brown"
        ]
      }
    },
    {
      "type": "Feature",
      "geometry": {
        "type": "LineString",
        "coordinates": [
          [
            -87.71311606,
            41.96644218
          ],
          [
            -87.71309315,
            41.96630312
          ]
        ]
      },
      "properties": {
        "segment_id": "seg_0645",
        "corridor": "Brown",
        "is_loop": false,
        "lines": [
          "Brown"
        ]
      }
    },
    {
      "type": "Feature",
      "geometry": {
        "type": "LineString",
        "coordinates": [
          [
            -87.71309315,
            41.96630312
          ],
          [
            -87.71298514,
            41.9661582
          ]
        ]
      },
      "properties": {
        "segment_id": "seg_0646",
        "corridor": "Brown",
        "is_loop": false,
        "lines": [
          "Brown"
        ]
      }
    },
    {
      "type": "Feature",
      "geometry": {
        "type": "LineString",
        "coordinates": [
          [
            -87.71298514,
            41.9661582
          ],
          [
            -87.71280828,
            41.96607948
          ]
        ]
      },
      "properties": {
        "segment_id": "seg_0647",
        "corridor": "Brown",
        "is_loop": false,
        "lines": [
          "Brown"
        ]
      }
    },
    {
      "type": "Feature",
      "geometry": {
        "type": "LineString",
        "coordinates": [
          [
            -87.71280828,
            41.96607948
          ],
          [
            -87.71268686,
            41.96605479
          ]
        ]
      },
      "properties": {
        "segment_id": "seg_0648",
        "corridor": "Brown",
        "is_loop": false,
        "lines": [
          "Brown"
        ]
      }
    },
    {
      "type": "Feature",
      "geometry": {
        "type": "LineString",
        "coordinates": [
          [
            -87.71268686,
            41.96605479
          ],
          [
            -87.70763388,
            41.966116
          ]
        ]
      },
      "properties": {
        "segment_id": "seg_0649",
        "corridor": "Brown",
        "is_loop": false,
        "lines": [
          "Brown"
        ]
      }
    },
    {
      "type": "Feature",
      "geometry": {
        "type": "LineString",
        "coordinates": [
          [
            -87.70763388,
            41.966116
          ],
          [
            -87.69954206,
            41.96615976
          ]
        ]
      },
      "properties": {
        "segment_id": "seg_0650",
        "corridor": "Brown",
        "is_loop": false,
        "lines": [
          "Brown"
        ]
      }
    },
    {
      "type": "Feature",
      "geometry": {
        "type": "LineString",
        "coordinates": [
          [
            -87.69954206,
            41.96615976
          ],
          [
            -87.6967551,
            41.96620627
          ]
        ]
      },
      "properties": {
        "segment_id": "seg_0651",
        "corridor": "Brown",
        "is_loop": false,
        "lines": [
          "Brown"
        ]
      }
    },
    {
      "type": "Feature",
      "geometry": {
        "type": "LineString",
        "coordinates": [
          [
            -87.6967551,
            41.96620627
          ],
          [
            -87.68850838,
            41.96625791
          ]
        ]
      },
      "properties": {
        "segment_id": "seg_0652",
        "corridor": "Brown",
        "is_loop": false,
        "lines": [
          "Brown"
        ]
      }
    },
    {
      "type": "Feature",
      "geometry": {
        "type": "LineString",
        "coordinates": [
          [
            -87.68850838,
            41.96625791
          ],
          [
            -87.68272047,
            41.96636104
          ]
        ]
      },
      "properties": {
        "segment_id": "seg_0653",
        "corridor": "Brown",
        "is_loop": false,
        "lines": [
          "Brown"
        ]
      }
    },
    {
      "type": "Feature",
      "geometry": {
        "type": "LineString",
        "coordinates": [
          [
            -87.68272047,
            41.96636104
          ],
          [
            -87.67767021,
            41.96642998
          ]
        ]
      },
      "properties": {
        "segment_id": "seg_0654",
        "corridor": "Brown",
        "is_loop": false,
        "lines": [
          "Brown"
        ]
      }
    },
    {
      "type": "Feature",
      "geometry": {
        "type": "LineString",
        "coordinates": [
          [
            -87.67767021,
            41.96642998
          ],
          [
            -87.67696045,
            41.96638781
          ]
        ]
      },
      "properties": {
        "segment_id": "seg_0655",
        "corridor": "Brown",
        "is_loop": false,
        "lines": [
          "Brown"
        ]
      }
    },
    {
      "type": "Feature",
      "geometry": {
        "type": "LineString",
        "coordinates": [
          [
            -87.67696045,
            41.96638781
          ],
          [
            -87.67665464,
            41.96632889
          ]
        ]
      },
      "properties": {
        "segment_id": "seg_0656",
        "corridor": "Brown",
        "is_loop": false,
        "lines": [
          "Brown"
        ]
      }
    },
    {
      "type": "Feature",
      "geometry": {
        "type": "LineString",
        "coordinates": [
          [
            -87.67665464,
            41.96632889
          ],
          [
            -87.67638744,
            41.96623922
          ]
        ]
      },
      "properties": {
        "segment_id": "seg_0657",
        "corridor": "Brown",
        "is_loop": false,
        "lines": [
          "Brown"
        ]
      }
    },
    {
      "type": "Feature",
      "geometry": {
        "type": "LineString",
        "coordinates": [
          [
            -87.67638744,
            41.96623922
          ],
          [
            -87.67613328,
            41.96612342
          ]
        ]
      },
      "properties": {
        "segment_id": "seg_0658",
        "corridor": "Brown",
        "is_loop": false,
        "lines": [
          "Brown"
        ]
      }
    },
    {
      "type": "Feature",
      "geometry": {
        "type": "LineString",
        "coordinates": [
          [
            -87.67613328,
            41.96612342
          ],
          [
            -87.67589547,
            41.9659696
          ]
        ]
      },
      "properties": {
        "segment_id": "seg_0659",
        "corridor": "Brown",
        "is_loop": false,
        "lines": [
          "Brown"
        ]
      }
    },
    {
      "type": "Feature",
      "geometry": {
        "type": "LineString",
        "coordinates": [
          [
            -87.67589547,
            41.9659696
          ],
          [
            -87.67570254,
            41.96579699
          ]
        ]
      },
      "properties": {
        "segment_id": "seg_0660",
        "corridor": "Brown",
        "is_loop": false,
        "lines": [
          "Brown"
        ]
      }
    },
    {
      "type": "Feature",
      "geometry": {
        "type": "LineString",
        "coordinates": [
          [
            -87.67570254,
            41.96579699
          ],
          [
            -87.67545047,
            41.96547872
          ]
        ]
      },
      "properties": {
        "segment_id": "seg_0661",
        "corridor": "Brown",
        "is_loop": false,
        "lines": [
          "Brown"
        ]
      }
    },
    {
      "type": "Feature",
      "geometry": {
        "type": "LineString",
        "coordinates": [
          [
            -87.67545047,
            41.96547872
          ],
          [
            -87.6752475,
            41.96504163
          ]
        ]
      },
      "properties": {
        "segment_id": "seg_0662",
        "corridor": "Brown",
        "is_loop": false,
        "lines": [
          "Brown"
        ]
      }
    },
    {
      "type": "Feature",
      "geometry": {
        "type": "LineString",
        "coordinates": [
          [
            -87.6752475,
            41.96504163
          ],
          [
            -87.67523441,
            41.96491768
          ]
        ]
      },
      "properties": {
        "segment_id": "seg_0663",
        "corridor": "Brown",
        "is_loop": false,
        "lines": [
          "Brown"
        ]
      }
    },
    {
      "type": "Feature",
      "geometry": {
        "type": "LineString",
        "coordinates": [
          [
            -87.67523351859107,
            41.96489009695837
          ],
          [
            -87.67521537134779,
            41.964328563243946
          ]
        ]
      },
      "properties": {
        "segment_id": "seg_0664",
        "corridor": "Brown",
        "is_loop": false,
        "lines": [
          "Brown"
        ]
      }
    },
    {
      "type": "Feature",
      "geometry": {
        "type": "LineString",
        "coordinates": [
          [
            -87.67521537134779,
            41.964328563243946
          ],
          [
            -87.67519568,
            41.96371925
          ]
        ]
      },
      "properties": {
        "segment_id": "seg_0665",
        "corridor": "Brown",
        "is_loop": false,
        "lines": [
          "Brown"
        ]
      }
    },
    {
      "type": "Feature",
      "geometry": {
        "type": "LineString",
        "coordinates": [
          [
            -87.67519568,
            41.96371925
          ],
          [
            -87.67517116,
            41.96175958
          ]
        ]
      },
      "properties": {
        "segment_id": "seg_0666",
        "corridor": "Brown",
        "is_loop": false,
        "lines": [
          "Brown"
        ]
      }
    },
    {
      "type": "Feature",
      "geometry": {
        "type": "LineString",
        "coordinates": [
          [
            -87.67517116,
            41.96175958
          ],
          [
            -87.67501295,
            41.95666569
          ]
        ]
      },
      "properties": {
        "segment_id": "seg_0667",
        "corridor": "Brown",
        "is_loop": false,
        "lines": [
          "Brown"
        ]
      }
    },
    {
      "type": "Feature",
      "geometry": {
        "type": "LineString",
        "coordinates": [
          [
            -87.67501295,
            41.95666569
          ],
          [
            -87.67496151,
            41.954531
          ]
        ]
      },
      "properties": {
        "segment_id": "seg_0668",
        "corridor": "Brown",
        "is_loop": false,
        "lines": [
          "Brown"
        ]
      }
    },
    {
      "type": "Feature",
      "geometry": {
        "type": "LineString",
        "coordinates": [
          [
            -87.67496151,
            41.954531
          ],
          [
            -87.67491344,
            41.95393043
          ]
        ]
      },
      "properties": {
        "segment_id": "seg_0669",
        "corridor": "Brown",
        "is_loop": false,
        "lines": [
          "Brown"
        ]
      }
    },
    {
      "type": "Feature",
      "geometry": {
        "type": "LineString",
        "coordinates": [
          [
            -87.67491344,
            41.95393043
          ],
          [
            -87.67487165,
            41.9530307
          ]
        ]
      },
      "properties": {
        "segment_id": "seg_0670",
        "corridor": "Brown",
        "is_loop": false,
        "lines": [
          "Brown"
        ]
      }
    },
    {
      "type": "Feature",
      "geometry": {
        "type": "LineString",
        "coordinates": [
          [
            -87.67487165,
            41.9530307
          ],
          [
            -87.67484127,
            41.95102144
          ]
        ]
      },
      "properties": {
        "segment_id": "seg_0671",
        "corridor": "Brown",
        "is_loop": false,
        "lines": [
          "Brown"
        ]
      }
    },
    {
      "type": "Feature",
      "geometry": {
        "type": "LineString",
        "coordinates": [
          [
            -87.67484127,
            41.95102144
          ],
          [
            -87.67477047,
            41.94859936
          ]
        ]
      },
      "properties": {
        "segment_id": "seg_0672",
        "corridor": "Brown",
        "is_loop": false,
        "lines": [
          "Brown"
        ]
      }
    },
    {
      "type": "Feature",
      "geometry": {
        "type": "LineString",
        "coordinates": [
          [
            -87.67477047,
            41.94859936
          ],
          [
            -87.67474188,
            41.94703652
          ]
        ]
      },
      "properties": {
        "segment_id": "seg_0673",
        "corridor": "Brown",
        "is_loop": false,
        "lines": [
          "Brown"
        ]
      }
    },
    {
      "type": "Feature",
      "geometry": {
        "type": "LineString",
        "coordinates": [
          [
            -87.67474188,
            41.94703652
          ],
          [
            -87.67468903,
            41.94597045
          ]
        ]
      },
      "properties": {
        "segment_id": "seg_0674",
        "corridor": "Brown",
        "is_loop": false,
        "lines": [
          "Brown"
        ]
      }
    },
    {
      "type": "Feature",
      "geometry": {
        "type": "LineString",
        "coordinates": [
          [
            -87.67468903,
            41.94597045
          ],
          [
            -87.67466568,
            41.94513895
          ]
        ]
      },
      "properties": {
        "segment_id": "seg_0675",
        "corridor": "Brown",
        "is_loop": false,
        "lines": [
          "Brown"
        ]
      }
    },
    {
      "type": "Feature",
      "geometry": {
        "type": "LineString",
        "coordinates": [
          [
            -87.67466568,
            41.94513895
          ],
          [
            -87.67463574,
            41.94494821
          ]
        ]
      },
      "properties": {
        "segment_id": "seg_0676",
        "corridor": "Brown",
        "is_loop": false,
        "lines": [
          "Brown"
        ]
      }
    },
    {
      "type": "Feature",
      "geometry": {
        "type": "LineString",
        "coordinates": [
          [
            -87.67463574,
            41.94494821
          ],
          [
            -87.67453542455671,
            41.944648035268024
          ]
        ]
      },
      "properties": {
        "segment_id": "seg_0677",
        "corridor": "Brown",
        "is_loop": false,
        "lines": [
          "Brown"
        ]
      }
    },
    {
      "type": "Feature",
      "geometry": {
        "type": "LineString",
        "coordinates": [
          [
            -87.67453542455671,
            41.944648035268024
          ],
          [
            -87.67450573,
            41.94455918
          ]
        ]
      },
      "properties": {
        "segment_id": "seg_0678",
        "corridor": "Brown",
        "is_loop": false,
        "lines": [
          "Brown"
        ]
      }
    },
    {
      "type": "Feature",
      "geometry": {
        "type": "LineString",
        "coordinates": [
          [
            -87.67450573,
            41.94455918
          ],
          [
            -87.67442452,
            41.94438958
          ]
        ]
      },
      "properties": {
        "segment_id": "seg_0679",
        "corridor": "Brown",
        "is_loop": false,
        "lines": [
          "Brown"
        ]
      }
    },
    {
      "type": "Feature",
      "geometry": {
        "type": "LineString",
        "coordinates": [
          [
            -87.67442452,
            41.94438958
          ],
          [
            -87.67430477,
            41.94424406
          ]
        ]
      },
      "properties": {
        "segment_id": "seg_0680",
        "corridor": "Brown",
        "is_loop": false,
        "lines": [
          "Brown"
        ]
      }
    },
    {
      "type": "Feature",
      "geometry": {
        "type": "LineString",
        "coordinates": [
          [
            -87.67430477,
            41.94424406
          ],
          [
            -87.67412042624215,
            41.94410076179115
          ]
        ]
      },
      "properties": {
        "segment_id": "seg_0681",
        "corridor": "Brown",
        "is_loop": false,
        "lines": [
          "Brown"
        ]
      }
    },
    {
      "type": "Feature",
      "geometry": {
        "type": "LineString",
        "coordinates": [
          [
            -87.67412042624215,
            41.94410076179115
          ],
          [
            -87.6740547,
            41.94404967
          ]
        ]
      },
      "properties": {
        "segment_id": "seg_0682",
        "corridor": "Brown",
        "is_loop": false,
        "lines": [
          "Brown"
        ]
      }
    },
    {
      "type": "Feature",
      "geometry": {
        "type": "LineString",
        "coordinates": [
          [
            -87.6740547,
            41.94404967
          ],
          [
            -87.67386437,
            41.94394138
          ]
        ]
      },
      "properties": {
        "segment_id": "seg_0683",
        "corridor": "Brown",
        "is_loop": false,
        "lines": [
          "Brown"
        ]
      }
    },
    {
      "type": "Feature",
      "geometry": {
        "type": "LineString",
        "coordinates": [
          [
            -87.67386437,
            41.94394138
          ],
          [
            -87.67367684,
            41.94387122
          ]
        ]
      },
      "properties": {
        "segment_id": "seg_0684",
        "corridor": "Brown",
        "is_loop": false,
        "lines": [
          "Brown"
        ]
      }
    },
    {
      "type": "Feature",
      "geometry": {
        "type": "LineString",
        "coordinates": [
          [
            -87.67367684,
            41.94387122
          ],
          [
            -87.67334602,
            41.94377165
          ]
        ]
      },
      "properties": {
        "segment_id": "seg_0685",
        "corridor": "Brown",
        "is_loop": false,
        "lines": [
          "Brown"
        ]
      }
    },
    {
      "type": "Feature",
      "geometry": {
        "type": "LineString",
        "coordinates": [
          [
            -87.67334602,
            41.94377165
          ],
          [
            -87.67289996,
            41.94370954
          ]
        ]
      },
      "properties": {
        "segment_id": "seg_0686",
        "corridor": "Brown",
        "is_loop": false,
        "lines": [
          "Brown"
        ]
      }
    },
    {
      "type": "Feature",
      "geometry": {
        "type": "LineString",
        "coordinates": [
          [
            -87.67289996,
            41.94370954
          ],
          [
            -87.67263529,
            41.94369372
          ]
        ]
      },
      "properties": {
        "segment_id": "seg_0687",
        "corridor": "Brown",
        "is_loop": false,
        "lines": [
          "Brown"
        ]
      }
    },
    {
      "type": "Feature",
      "geometry": {
        "type": "LineString",
        "coordinates": [
          [
            -87.67263529,
            41.94369372
          ],
          [
            -87.66938988,
            41.94373455
          ]
        ]
      },
      "properties": {
        "segment_id": "seg_0688",
        "corridor": "Brown",
        "is_loop": false,
        "lines": [
          "Brown"
        ]
      }
    },
    {
      "type": "Feature",
      "geometry": {
        "type": "LineString",
        "coordinates": [
          [
            -87.66938988,
            41.94373455
          ],
          [
            -87.66749255,
            41.94377597
          ]
        ]
      },
      "properties": {
        "segment_id": "seg_0689",
        "corridor": "Brown",
        "is_loop": false,
        "lines": [
          "Brown"
        ]
      }
    },
    {
      "type": "Feature",
      "geometry": {
        "type": "LineString",
        "coordinates": [
          [
            -87.66749255,
            41.94377597
          ],
          [
            -87.66361533,
            41.94382012
          ]
        ]
      },
      "properties": {
        "segment_id": "seg_0690",
        "corridor": "Brown",
        "is_loop": false,
        "lines": [
          "Brown"
        ]
      }
    },
    {
      "type": "Feature",
      "geometry": {
        "type": "LineString",
        "coordinates": [
          [
            -87.66361533,
            41.94382012
          ],
          [
            -87.65910101,
            41.94391519
          ]
        ]
      },
      "properties": {
        "segment_id": "seg_0691",
        "corridor": "Brown",
        "is_loop": false,
        "lines": [
          "Brown"
        ]
      }
    },
    {
      "type": "Feature",
      "geometry": {
        "type": "LineString",
        "coordinates": [
          [
            -87.65910101,
            41.94391519
          ],
          [
            -87.65522069,
            41.94394951
          ]
        ]
      },
      "properties": {
        "segment_id": "seg_0692",
        "corridor": "Brown",
        "is_loop": false,
        "lines": [
          "Brown"
        ]
      }
    },
    {
      "type": "Feature",
      "geometry": {
        "type": "LineString",
        "coordinates": [
          [
            -87.65522069,
            41.94394951
          ],
          [
            -87.65503576,
            41.9439365
          ]
        ]
      },
      "properties": {
        "segment_id": "seg_0693",
        "corridor": "Brown",
        "is_loop": false,
        "lines": [
          "Brown"
        ]
      }
    },
    {
      "type": "Feature",
      "geometry": {
        "type": "LineString",
        "coordinates": [
          [
            -87.65503576,
            41.9439365
          ],
          [
            -87.65470465,
            41.94386785
          ]
        ]
      },
      "properties": {
        "segment_id": "seg_0694",
        "corridor": "Brown",
        "is_loop": false,
        "lines": [
          "Brown"
        ]
      }
    },
    {
      "type": "Feature",
      "geometry": {
        "type": "LineString",
        "coordinates": [
          [
            -87.65470465,
            41.94386785
          ],
          [
            -87.65441869,
            41.9437542
          ]
        ]
      },
      "properties": {
        "segment_id": "seg_0695",
        "corridor": "Brown",
        "is_loop": false,
        "lines": [
          "Brown"
        ]
      }
    },
    {
      "type": "Feature",
      "geometry": {
        "type": "LineString",
        "coordinates": [
          [
            -87.65441869,
            41.9437542
          ],
          [
            -87.65425389,
            41.94364841
          ]
        ]
      },
      "properties": {
        "segment_id": "seg_0696",
        "corridor": "Brown",
        "is_loop": false,
        "lines": [
          "Brown"
        ]
      }
    },
    {
      "type": "Feature",
      "geometry": {
        "type": "LineString",
        "coordinates": [
          [
            -87.65425389,
            41.94364841
          ],
          [
            -87.65401055,
            41.94342781
          ]
        ]
      },
      "properties": {
        "segment_id": "seg_0697",
        "corridor": "Brown",
        "is_loop": false,
        "lines": [
          "Brown"
        ]
      }
    },
    {
      "type": "Feature",
      "geometry": {
        "type": "LineString",
        "coordinates": [
          [
            -87.65401055,
            41.94342781
          ],
          [
            -87.65382797,
            41.94319328
          ]
        ]
      },
      "properties": {
        "segment_id": "seg_0698",
        "corridor": "Brown",
        "is_loop": false,
        "lines": [
          "Brown"
        ]
      }
    },
    {
      "type": "Feature",
      "geometry": {
        "type": "LineString",
        "coordinates": [
          [
            -87.65382797,
            41.94319328
          ],
          [
            -87.65375269,
            41.94307135
          ]
        ]
      },
      "properties": {
        "segment_id": "seg_0699",
        "corridor": "Brown",
        "is_loop": false,
        "lines": [
          "Brown"
        ]
      }
    },
    {
      "type": "Feature",
      "geometry": {
        "type": "LineString",
        "coordinates": [
          [
            -87.65375269,
            41.94307135
          ],
          [
            -87.65373225696258,
            41.94303121952301
          ]
        ]
      },
      "properties": {
        "segment_id": "seg_0700",
        "corridor": "Brown",
        "is_loop": false,
        "lines": [
          "Brown"
        ]
      }
    },
    {
      "type": "Feature",
      "geometry": {
        "type": "LineString",
        "coordinates": [
          [
            -87.65373225696258,
            41.94303121952301
          ],
          [
            -87.6536156099168,
            41.94280212477364
          ]
        ]
      },
      "properties": {
        "segment_id": "seg_0701",
        "corridor": "Brown",
        "is_loop": false,
        "lines": [
          "Brown"
        ]
      }
    },
    {
      "type": "Feature",
      "geometry": {
        "type": "LineString",
        "coordinates": [
          [
            -87.6536156099168,
            41.94280212477364
          ],
          [
            -87.65356047,
            41.94269383
          ]
        ]
      },
      "properties": {
        "segment_id": "seg_0702",
        "corridor": "Brown",
        "is_loop": false,
        "lines": [
          "Brown"
        ]
      }
    },
    {
      "type": "Feature",
      "geometry": {
        "type": "LineString",
        "coordinates": [
          [
            -87.65356047,
            41.94269383
          ],
          [
            -87.65351702,
            41.94257923
          ]
        ]
      },
      "properties": {
        "segment_id": "seg_0703",
        "corridor": "Brown",
        "is_loop": false,
        "lines": [
          "Brown"
        ]
      }
    },
    {
      "type": "Feature",
      "geometry": {
        "type": "LineString",
        "coordinates": [
          [
            -87.65351702,
            41.94257923
          ],
          [
            -87.65345968,
            41.94218468
          ]
        ]
      },
      "properties": {
        "segment_id": "seg_0704",
        "corridor": "Brown",
        "is_loop": false,
        "lines": [
          "Brown"
        ]
      }
    },
    {
      "type": "Feature",
      "geometry": {
        "type": "LineString",
        "coordinates": [
          [
            -87.65345968,
            41.94218468
          ],
          [
            -87.65338625853872,
            41.93975889211242
          ]
        ]
      },
      "properties": {
        "segment_id": "seg_0705",
        "corridor": "North Main",
        "is_loop": false,
        "lines": [
          "Red",
          "Brown",
          "Purple"
        ]
      }
    },
    {
      "type": "Feature",
      "geometry": {
        "type": "LineString",
        "coordinates": [
          [
            -87.65250619,
            41.91406733
          ],
          [
            -87.65242762,
            41.91377308
          ]
        ]
      },
      "properties": {
        "segment_id": "seg_0706",
        "corridor": "North Main",
        "is_loop": false,
        "lines": [
          "Red",
          "Brown",
          "Purple"
        ]
      }
    },
    {
      "type": "Feature",
      "geometry": {
        "type": "LineString",
        "coordinates": [
          [
            -87.65242762,
            41.91377308
          ],
          [
            -87.6523498,
            41.91362647
          ]
        ]
      },
      "properties": {
        "segment_id": "seg_0707",
        "corridor": "North Main",
        "is_loop": false,
        "lines": [
          "Red",
          "Brown",
          "Purple"
        ]
      }
    },
    {
      "type": "Feature",
      "geometry": {
        "type": "LineString",
        "coordinates": [
          [
            -87.6523498,
            41.91362647
          ],
          [
            -87.65208388,
            41.91339614
          ]
        ]
      },
      "properties": {
        "segment_id": "seg_0708",
        "corridor": "North Main",
        "is_loop": false,
        "lines": [
          "Red",
          "Brown",
          "Purple"
        ]
      }
    },
    {
      "type": "Feature",
      "geometry": {
        "type": "LineString",
        "coordinates": [
          [
            -87.65208388,
            41.91339614
          ],
          [
            -87.65093199,
            41.91260872
          ]
        ]
      },
      "properties": {
        "segment_id": "seg_0709",
        "corridor": "Shared",
        "is_loop": false,
        "lines": [
          "Brown",
          "Purple"
        ]
      }
    },
    {
      "type": "Feature",
      "geometry": {
        "type": "LineString",
        "coordinates": [
          [
            -87.65093199,
            41.91260872
          ],
          [
            -87.65017403,
            41.91203824
          ]
        ]
      },
      "properties": {
        "segment_id": "seg_0710",
        "corridor": "Shared",
        "is_loop": false,
        "lines": [
          "Brown",
          "Purple"
        ]
      }
    },
    {
      "type": "Feature",
      "geometry": {
        "type": "LineString",
        "coordinates": [
          [
            -87.65017403,
            41.91203824
          ],
          [
            -87.64971962,
            41.91172188
          ]
        ]
      },
      "properties": {
        "segment_id": "seg_0711",
        "corridor": "Shared",
        "is_loop": false,
        "lines": [
          "Brown",
          "Purple"
        ]
      }
    },
    {
      "type": "Feature",
      "geometry": {
        "type": "LineString",
        "coordinates": [
          [
            -87.64971962,
            41.91172188
          ],
          [
            -87.64948719,
            41.91160966
          ]
        ]
      },
      "properties": {
        "segment_id": "seg_0712",
        "corridor": "Shared",
        "is_loop": false,
        "lines": [
          "Brown",
          "Purple"
        ]
      }
    },
    {
      "type": "Feature",
      "geometry": {
        "type": "LineString",
        "coordinates": [
          [
            -87.64948719,
            41.91160966
          ],
          [
            -87.64921015,
            41.91153491
          ]
        ]
      },
      "properties": {
        "segment_id": "seg_0713",
        "corridor": "Shared",
        "is_loop": false,
        "lines": [
          "Brown",
          "Purple"
        ]
      }
    },
    {
      "type": "Feature",
      "geometry": {
        "type": "LineString",
        "coordinates": [
          [
            -87.64921015,
            41.91153491
          ],
          [
            -87.64900523,
            41.91150775
          ]
        ]
      },
      "properties": {
        "segment_id": "seg_0714",
        "corridor": "Shared",
        "is_loop": false,
        "lines": [
          "Brown",
          "Purple"
        ]
      }
    },
    {
      "type": "Feature",
      "geometry": {
        "type": "LineString",
        "coordinates": [
          [
            -87.64900523,
            41.91150775
          ],
          [
            -87.6479222,
            41.91152015
          ]
        ]
      },
      "properties": {
        "segment_id": "seg_0715",
        "corridor": "Shared",
        "is_loop": false,
        "lines": [
          "Brown",
          "Purple"
        ]
      }
    },
    {
      "type": "Feature",
      "geometry": {
        "type": "LineString",
        "coordinates": [
          [
            -87.6479222,
            41.91152015
          ],
          [
            -87.64781814,
            41.91150774
          ]
        ]
      },
      "properties": {
        "segment_id": "seg_0716",
        "corridor": "Shared",
        "is_loop": false,
        "lines": [
          "Brown",
          "Purple"
        ]
      }
    },
    {
      "type": "Feature",
      "geometry": {
        "type": "LineString",
        "coordinates": [
          [
            -87.64781814,
            41.91150774
          ],
          [
            -87.64768598,
            41.91146686
          ]
        ]
      },
      "properties": {
        "segment_id": "seg_0717",
        "corridor": "Shared",
        "is_loop": false,
        "lines": [
          "Brown",
          "Purple"
        ]
      }
    },
    {
      "type": "Feature",
      "geometry": {
        "type": "LineString",
        "coordinates": [
          [
            -87.64768598,
            41.91146686
          ],
          [
            -87.64756364,
            41.91139303
          ]
        ]
      },
      "properties": {
        "segment_id": "seg_0718",
        "corridor": "Shared",
        "is_loop": false,
        "lines": [
          "Brown",
          "Purple"
        ]
      }
    },
    {
      "type": "Feature",
      "geometry": {
        "type": "LineString",
        "coordinates": [
          [
            -87.64756364,
            41.91139303
          ],
          [
            -87.64745424,
            41.91122813
          ]
        ]
      },
      "properties": {
        "segment_id": "seg_0719",
        "corridor": "Shared",
        "is_loop": false,
        "lines": [
          "Brown",
          "Purple"
        ]
      }
    },
    {
      "type": "Feature",
      "geometry": {
        "type": "LineString",
        "coordinates": [
          [
            -87.64745424,
            41.91122813
          ],
          [
            -87.64741025,
            41.9111326
          ]
        ]
      },
      "properties": {
        "segment_id": "seg_0720",
        "corridor": "Shared",
        "is_loop": false,
        "lines": [
          "Brown",
          "Purple"
        ]
      }
    },
    {
      "type": "Feature",
      "geometry": {
        "type": "LineString",
        "coordinates": [
          [
            -87.64741025,
            41.9111326
          ],
          [
            -87.64734144,
            41.91062055
          ]
        ]
      },
      "properties": {
        "segment_id": "seg_0721",
        "corridor": "Shared",
        "is_loop": false,
        "lines": [
          "Brown",
          "Purple"
        ]
      }
    },
    {
      "type": "Feature",
      "geometry": {
        "type": "LineString",
        "coordinates": [
          [
            -87.64734144,
            41.91062055
          ],
          [
            -87.64728255,
            41.9105188
          ]
        ]
      },
      "properties": {
        "segment_id": "seg_0722",
        "corridor": "Shared",
        "is_loop": false,
        "lines": [
          "Brown",
          "Purple"
        ]
      }
    },
    {
      "type": "Feature",
      "geometry": {
        "type": "LineString",
        "coordinates": [
          [
            -87.64728255,
            41.9105188
          ],
          [
            -87.64718539,
            41.91045218
          ]
        ]
      },
      "properties": {
        "segment_id": "seg_0723",
        "corridor": "Shared",
        "is_loop": false,
        "lines": [
          "Brown",
          "Purple"
        ]
      }
    },
    {
      "type": "Feature",
      "geometry": {
        "type": "LineString",
        "coordinates": [
          [
            -87.64718539,
            41.91045218
          ],
          [
            -87.64710066,
            41.91040451
          ]
        ]
      },
      "properties": {
        "segment_id": "seg_0724",
        "corridor": "Shared",
        "is_loop": false,
        "lines": [
          "Brown",
          "Purple"
        ]
      }
    },
    {
      "type": "Feature",
      "geometry": {
        "type": "LineString",
        "coordinates": [
          [
            -87.64710066,
            41.91040451
          ],
          [
            -87.64697474,
            41.91037075
          ]
        ]
      },
      "properties": {
        "segment_id": "seg_0725",
        "corridor": "Shared",
        "is_loop": false,
        "lines": [
          "Brown",
          "Purple"
        ]
      }
    },
    {
      "type": "Feature",
      "geometry": {
        "type": "LineString",
        "coordinates": [
          [
            -87.64697474,
            41.91037075
          ],
          [
            -87.64664932,
            41.91033787
          ]
        ]
      },
      "properties": {
        "segment_id": "seg_0726",
        "corridor": "Shared",
        "is_loop": false,
        "lines": [
          "Brown",
          "Purple"
        ]
      }
    },
    {
      "type": "Feature",
      "geometry": {
        "type": "LineString",
        "coordinates": [
          [
            -87.64664932,
            41.91033787
          ],
          [
            -87.64348458,
            41.91037105
          ]
        ]
      },
      "properties": {
        "segment_id": "seg_0727",
        "corridor": "Shared",
        "is_loop": false,
        "lines": [
          "Brown",
          "Purple"
        ]
      }
    },
    {
      "type": "Feature",
      "geometry": {
        "type": "LineString",
        "coordinates": [
          [
            -87.64348458,
            41.91037105
          ],
          [
            -87.64255542,
            41.91039499
          ]
        ]
      },
      "properties": {
        "segment_id": "seg_0728",
        "corridor": "Shared",
        "is_loop": false,
        "lines": [
          "Brown",
          "Purple"
        ]
      }
    },
    {
      "type": "Feature",
      "geometry": {
        "type": "LineString",
        "coordinates": [
          [
            -87.64255542,
            41.91039499
          ],
          [
            -87.63814496,
            41.91042681
          ]
        ]
      },
      "properties": {
        "segment_id": "seg_0729",
        "corridor": "Shared",
        "is_loop": false,
        "lines": [
          "Brown",
          "Purple"
        ]
      }
    },
    {
      "type": "Feature",
      "geometry": {
        "type": "LineString",
        "coordinates": [
          [
            -87.63814496,
            41.91042681
          ],
          [
            -87.63787698,
            41.91040031
          ]
        ]
      },
      "properties": {
        "segment_id": "seg_0730",
        "corridor": "Shared",
        "is_loop": false,
        "lines": [
          "Brown",
          "Purple"
        ]
      }
    },
    {
      "type": "Feature",
      "geometry": {
        "type": "LineString",
        "coordinates": [
          [
            -87.63787698,
            41.91040031
          ],
          [
            -87.63771724,
            41.91034869
          ]
        ]
      },
      "properties": {
        "segment_id": "seg_0731",
        "corridor": "Shared",
        "is_loop": false,
        "lines": [
          "Brown",
          "Purple"
        ]
      }
    },
    {
      "type": "Feature",
      "geometry": {
        "type": "LineString",
        "coordinates": [
          [
            -87.63771724,
            41.91034869
          ],
          [
            -87.63746589,
            41.91021591
          ]
        ]
      },
      "properties": {
        "segment_id": "seg_0732",
        "corridor": "Shared",
        "is_loop": false,
        "lines": [
          "Brown",
          "Purple"
        ]
      }
    },
    {
      "type": "Feature",
      "geometry": {
        "type": "LineString",
        "coordinates": [
          [
            -87.63746589,
            41.91021591
          ],
          [
            -87.63736833,
            41.9101163
          ]
        ]
      },
      "properties": {
        "segment_id": "seg_0733",
        "corridor": "Shared",
        "is_loop": false,
        "lines": [
          "Brown",
          "Purple"
        ]
      }
    },
    {
      "type": "Feature",
      "geometry": {
        "type": "LineString",
        "coordinates": [
          [
            -87.63736833,
            41.9101163
          ],
          [
            -87.63730179,
            41.90999845
          ]
        ]
      },
      "properties": {
        "segment_id": "seg_0734",
        "corridor": "Shared",
        "is_loop": false,
        "lines": [
          "Brown",
          "Purple"
        ]
      }
    },
    {
      "type": "Feature",
      "geometry": {
        "type": "LineString",
        "coordinates": [
          [
            -87.63730179,
            41.90999845
          ],
          [
            -87.63727432,
            41.90986674
          ]
        ]
      },
      "properties": {
        "segment_id": "seg_0735",
        "corridor": "Shared",
        "is_loop": false,
        "lines": [
          "Brown",
          "Purple"
        ]
      }
    },
    {
      "type": "Feature",
      "geometry": {
        "type": "LineString",
        "coordinates": [
          [
            -87.63727432,
            41.90986674
          ],
          [
            -87.63725501,
            41.90951546
          ]
        ]
      },
      "properties": {
        "segment_id": "seg_0736",
        "corridor": "Shared",
        "is_loop": false,
        "lines": [
          "Brown",
          "Purple"
        ]
      }
    },
    {
      "type": "Feature",
      "geometry": {
        "type": "LineString",
        "coordinates": [
          [
            -87.63725501,
            41.90951546
          ],
          [
            -87.63711431,
            41.90544163
          ]
        ]
      },
      "properties": {
        "segment_id": "seg_0737",
        "corridor": "Shared",
        "is_loop": false,
        "lines": [
          "Brown",
          "Purple"
        ]
      }
    },
    {
      "type": "Feature",
      "geometry": {
        "type": "LineString",
        "coordinates": [
          [
            -87.63711431,
            41.90544163
          ],
          [
            -87.63702199392972,
            41.9038317544193
          ]
        ]
      },
      "properties": {
        "segment_id": "seg_0738",
        "corridor": "Shared",
        "is_loop": false,
        "lines": [
          "Brown",
          "Purple"
        ]
      }
    },
    {
      "type": "Feature",
      "geometry": {
        "type": "LineString",
        "coordinates": [
          [
            -87.63702936,
            41.90368528
          ],
          [
            -87.63702199392972,
            41.9038317544193
          ]
        ]
      },
      "properties": {
        "segment_id": "seg_0739",
        "corridor": "Shared",
        "is_loop": false,
        "lines": [
          "Brown",
          "Purple"
        ]
      }
    },
    {
      "type": "Feature",
      "geometry": {
        "type": "LineString",
        "coordinates": [
          [
            -87.63702936,
            41.90368528
          ],
          [
            -87.63701379,
            41.90334553
          ]
        ]
      },
      "properties": {
        "segment_id": "seg_0740",
        "corridor": "Shared",
        "is_loop": false,
        "lines": [
          "Brown",
          "Purple"
        ]
      }
    },
    {
      "type": "Feature",
      "geometry": {
        "type": "LineString",
        "coordinates": [
          [
            -87.63701379,
            41.90334553
          ],
          [
            -87.63699966,
            41.90322743
          ]
        ]
      },
      "properties": {
        "segment_id": "seg_0741",
        "corridor": "Shared",
        "is_loop": false,
        "lines": [
          "Brown",
          "Purple"
        ]
      }
    },
    {
      "type": "Feature",
      "geometry": {
        "type": "LineString",
        "coordinates": [
          [
            -87.63699966,
            41.90322743
          ],
          [
            -87.63688652,
            41.90300223
          ]
        ]
      },
      "properties": {
        "segment_id": "seg_0742",
        "corridor": "Shared",
        "is_loop": false,
        "lines": [
          "Brown",
          "Purple"
        ]
      }
    },
    {
      "type": "Feature",
      "geometry": {
        "type": "LineString",
        "coordinates": [
          [
            -87.63688652,
            41.90300223
          ],
          [
            -87.6365974,
            41.90266082
          ]
        ]
      },
      "properties": {
        "segment_id": "seg_0743",
        "corridor": "Shared",
        "is_loop": false,
        "lines": [
          "Brown",
          "Purple"
        ]
      }
    },
    {
      "type": "Feature",
      "geometry": {
        "type": "LineString",
        "coordinates": [
          [
            -87.6365974,
            41.90266082
          ],
          [
            -87.63653303,
            41.9025568
          ]
        ]
      },
      "properties": {
        "segment_id": "seg_0744",
        "corridor": "Shared",
        "is_loop": false,
        "lines": [
          "Brown",
          "Purple"
        ]
      }
    },
    {
      "type": "Feature",
      "geometry": {
        "type": "LineString",
        "coordinates": [
          [
            -87.63653303,
            41.9025568
          ],
          [
            -87.63646198,
            41.90235776
          ]
        ]
      },
      "properties": {
        "segment_id": "seg_0745",
        "corridor": "Shared",
        "is_loop": false,
        "lines": [
          "Brown",
          "Purple"
        ]
      }
    },
    {
      "type": "Feature",
      "geometry": {
        "type": "LineString",
        "coordinates": [
          [
            -87.63647614,
            41.90211894
          ],
          [
            -87.63646198,
            41.90235776
          ]
        ]
      },
      "properties": {
        "segment_id": "seg_0746",
        "corridor": "Shared",
        "is_loop": false,
        "lines": [
          "Brown",
          "Purple"
        ]
      }
    },
    {
      "type": "Feature",
      "geometry": {
        "type": "LineString",
        "coordinates": [
          [
            -87.63653622,
            41.90190918
          ],
          [
            -87.63647614,
            41.90211894
          ]
        ]
      },
      "properties": {
        "segment_id": "seg_0747",
        "corridor": "Shared",
        "is_loop": false,
        "lines": [
          "Brown",
          "Purple"
        ]
      }
    },
    {
      "type": "Feature",
      "geometry": {
        "type": "LineString",
        "coordinates": [
          [
            -87.63659541,
            41.90178001
          ],
          [
            -87.63653622,
            41.90190918
          ]
        ]
      },
      "properties": {
        "segment_id": "seg_0748",
        "corridor": "Shared",
        "is_loop": false,
        "lines": [
          "Brown",
          "Purple"
        ]
      }
    },
    {
      "type": "Feature",
      "geometry": {
        "type": "LineString",
        "coordinates": [
          [
            -87.63666326,
            41.90156454
          ],
          [
            -87.63659541,
            41.90178001
          ]
        ]
      },
      "properties": {
        "segment_id": "seg_0749",
        "corridor": "Shared",
        "is_loop": false,
        "lines": [
          "Brown",
          "Purple"
        ]
      }
    },
    {
      "type": "Feature",
      "geometry": {
        "type": "LineString",
        "coordinates": [
          [
            -87.63669549,
            41.9014352
          ],
          [
            -87.63666326,
            41.90156454
          ]
        ]
      },
      "properties": {
        "segment_id": "seg_0750",
        "corridor": "Shared",
        "is_loop": false,
        "lines": [
          "Brown",
          "Purple"
        ]
      }
    },
    {
      "type": "Feature",
      "geometry": {
        "type": "LineString",
        "coordinates": [
          [
            -87.63670958,
            41.90120214
          ],
          [
            -87.63669549,
            41.9014352
          ]
        ]
      },
      "properties": {
        "segment_id": "seg_0751",
        "corridor": "Shared",
        "is_loop": false,
        "lines": [
          "Brown",
          "Purple"
        ]
      }
    },
    {
      "type": "Feature",
      "geometry": {
        "type": "LineString",
        "coordinates": [
          [
            -87.63670958,
            41.90120214
          ],
          [
            -87.63664238,
            41.90029502
          ]
        ]
      },
      "properties": {
        "segment_id": "seg_0752",
        "corridor": "Shared",
        "is_loop": false,
        "lines": [
          "Brown",
          "Purple"
        ]
      }
    },
    {
      "type": "Feature",
      "geometry": {
        "type": "LineString",
        "coordinates": [
          [
            -87.63664507,
            41.90008704
          ],
          [
            -87.63664238,
            41.90029502
          ]
        ]
      },
      "properties": {
        "segment_id": "seg_0753",
        "corridor": "Shared",
        "is_loop": false,
        "lines": [
          "Brown",
          "Purple"
        ]
      }
    },
    {
      "type": "Feature",
      "geometry": {
        "type": "LineString",
        "coordinates": [
          [
            -87.63664507,
            41.90008704
          ],
          [
            -87.63657075,
            41.89867382
          ]
        ]
      },
      "properties": {
        "segment_id": "seg_0754",
        "corridor": "Shared",
        "is_loop": false,
        "lines": [
          "Brown",
          "Purple"
        ]
      }
    },
    {
      "type": "Feature",
      "geometry": {
        "type": "LineString",
        "coordinates": [
          [
            -87.63657075,
            41.89867382
          ],
          [
            -87.63654688,
            41.89738435
          ]
        ]
      },
      "properties": {
        "segment_id": "seg_0755",
        "corridor": "Shared",
        "is_loop": false,
        "lines": [
          "Brown",
          "Purple"
        ]
      }
    },
    {
      "type": "Feature",
      "geometry": {
        "type": "LineString",
        "coordinates": [
          [
            -87.63654688,
            41.89738435
          ],
          [
            -87.63649811,
            41.89726316
          ]
        ]
      },
      "properties": {
        "segment_id": "seg_0756",
        "corridor": "Shared",
        "is_loop": false,
        "lines": [
          "Brown",
          "Purple"
        ]
      }
    },
    {
      "type": "Feature",
      "geometry": {
        "type": "LineString",
        "coordinates": [
          [
            -87.63649811,
            41.89726316
          ],
          [
            -87.63641452,
            41.89715615
          ]
        ]
      },
      "properties": {
        "segment_id": "seg_0757",
        "corridor": "Shared",
        "is_loop": false,
        "lines": [
          "Brown",
          "Purple"
        ]
      }
    },
    {
      "type": "Feature",
      "geometry": {
        "type": "LineString",
        "coordinates": [
          [
            -87.63641452,
            41.89715615
          ],
          [
            -87.63583984,
            41.89667595
          ]
        ]
      },
      "properties": {
        "segment_id": "seg_0758",
        "corridor": "Shared",
        "is_loop": false,
        "lines": [
          "Brown",
          "Purple"
        ]
      }
    },
    {
      "type": "Feature",
      "geometry": {
        "type": "LineString",
        "coordinates": [
          [
            -87.63583984,
            41.89667595
          ],
          [
            -87.63574075,
            41.8965528
          ]
        ]
      },
      "properties": {
        "segment_id": "seg_0759",
        "corridor": "Shared",
        "is_loop": false,
        "lines": [
          "Brown",
          "Purple"
        ]
      }
    },
    {
      "type": "Feature",
      "geometry": {
        "type": "LineString",
        "coordinates": [
          [
            -87.63574075,
            41.8965528
          ],
          [
            -87.63569075,
            41.89645959
          ]
        ]
      },
      "properties": {
        "segment_id": "seg_0760",
        "corridor": "Shared",
        "is_loop": false,
        "lines": [
          "Brown",
          "Purple"
        ]
      }
    },
    {
      "type": "Feature",
      "geometry": {
        "type": "LineString",
        "coordinates": [
          [
            -87.63569075,
            41.89645959
          ],
          [
            -87.63565097,
            41.89542788
          ]
        ]
      },
      "properties": {
        "segment_id": "seg_0761",
        "corridor": "Shared",
        "is_loop": false,
        "lines": [
          "Brown",
          "Purple"
        ]
      }
    },
    {
      "type": "Feature",
      "geometry": {
        "type": "LineString",
        "coordinates": [
          [
            -87.63565097,
            41.89542788
          ],
          [
            -87.63558594,
            41.89261417
          ]
        ]
      },
      "properties": {
        "segment_id": "seg_0762",
        "corridor": "Shared",
        "is_loop": false,
        "lines": [
          "Brown",
          "Purple"
        ]
      }
    },
    {
      "type": "Feature",
      "geometry": {
        "type": "LineString",
        "coordinates": [
          [
            -87.63558594,
            41.89261417
          ],
          [
            -87.63554095,
            41.89147522
          ]
        ]
      },
      "properties": {
        "segment_id": "seg_0763",
        "corridor": "Shared",
        "is_loop": false,
        "lines": [
          "Brown",
          "Purple"
        ]
      }
    },
    {
      "type": "Feature",
      "geometry": {
        "type": "LineString",
        "coordinates": [
          [
            -87.63554095,
            41.89147522
          ],
          [
            -87.63553222,
            41.89051993
          ]
        ]
      },
      "properties": {
        "segment_id": "seg_0764",
        "corridor": "Shared",
        "is_loop": false,
        "lines": [
          "Brown",
          "Purple"
        ]
      }
    },
    {
      "type": "Feature",
      "geometry": {
        "type": "LineString",
        "coordinates": [
          [
            -87.63553222,
            41.89051993
          ],
          [
            -87.63548668,
            41.89031002
          ]
        ]
      },
      "properties": {
        "segment_id": "seg_0765",
        "corridor": "Shared",
        "is_loop": false,
        "lines": [
          "Brown",
          "Purple"
        ]
      }
    },
    {
      "type": "Feature",
      "geometry": {
        "type": "LineString",
        "coordinates": [
          [
            -87.63548668,
            41.89031002
          ],
          [
            -87.6353324,
            41.89013281
          ]
        ]
      },
      "properties": {
        "segment_id": "seg_0766",
        "corridor": "Shared",
        "is_loop": false,
        "lines": [
          "Brown",
          "Purple"
        ]
      }
    },
    {
      "type": "Feature",
      "geometry": {
        "type": "LineString",
        "coordinates": [
          [
            -87.6353324,
            41.89013281
          ],
          [
            -87.63524568,
            41.89007795
          ]
        ]
      },
      "properties": {
        "segment_id": "seg_0767",
        "corridor": "Shared",
        "is_loop": false,
        "lines": [
          "Brown",
          "Purple"
        ]
      }
    },
    {
      "type": "Feature",
      "geometry": {
        "type": "LineString",
        "coordinates": [
          [
            -87.63524568,
            41.89007795
          ],
          [
            -87.63508496,
            41.89001934
          ]
        ]
      },
      "properties": {
        "segment_id": "seg_0768",
        "corridor": "Shared",
        "is_loop": false,
        "lines": [
          "Brown",
          "Purple"
        ]
      }
    },
    {
      "type": "Feature",
      "geometry": {
        "type": "LineString",
        "coordinates": [
          [
            -87.63508496,
            41.89001934
          ],
          [
            -87.63493876,
            41.88997795
          ]
        ]
      },
      "properties": {
        "segment_id": "seg_0769",
        "corridor": "Shared",
        "is_loop": false,
        "lines": [
          "Brown",
          "Purple"
        ]
      }
    },
    {
      "type": "Feature",
      "geometry": {
        "type": "LineString",
        "coordinates": [
          [
            -87.63493876,
            41.88997795
          ],
          [
            -87.63447345,
            41.88989421
          ]
        ]
      },
      "properties": {
        "segment_id": "seg_0770",
        "corridor": "Shared",
        "is_loop": false,
        "lines": [
          "Brown",
          "Purple"
        ]
      }
    },
    {
      "type": "Feature",
      "geometry": {
        "type": "LineString",
        "coordinates": [
          [
            -87.63447345,
            41.88989421
          ],
          [
            -87.63425213,
            41.88979512
          ]
        ]
      },
      "properties": {
        "segment_id": "seg_0771",
        "corridor": "Shared",
        "is_loop": false,
        "lines": [
          "Brown",
          "Purple"
        ]
      }
    },
    {
      "type": "Feature",
      "geometry": {
        "type": "LineString",
        "coordinates": [
          [
            -87.63425213,
            41.88979512
          ],
          [
            -87.63414252,
            41.88970982
          ]
        ]
      },
      "properties": {
        "segment_id": "seg_0772",
        "corridor": "Shared",
        "is_loop": false,
        "lines": [
          "Brown",
          "Purple"
        ]
      }
    },
    {
      "type": "Feature",
      "geometry": {
        "type": "LineString",
        "coordinates": [
          [
            -87.63414252,
            41.88970982
          ],
          [
            -87.63407745,
            41.88963159
          ]
        ]
      },
      "properties": {
        "segment_id": "seg_0773",
        "corridor": "Shared",
        "is_loop": false,
        "lines": [
          "Brown",
          "Purple"
        ]
      }
    },
    {
      "type": "Feature",
      "geometry": {
        "type": "LineString",
        "coordinates": [
          [
            -87.63407745,
            41.88963159
          ],
          [
            -87.63402581,
            41.88952979
          ]
        ]
      },
      "properties": {
        "segment_id": "seg_0774",
        "corridor": "Shared",
        "is_loop": false,
        "lines": [
          "Brown",
          "Purple"
        ]
      }
    },
    {
      "type": "Feature",
      "geometry": {
        "type": "LineString",
        "coordinates": [
          [
            -87.63402581,
            41.88952979
          ],
          [
            -87.63399917,
            41.88943406
          ]
        ]
      },
      "properties": {
        "segment_id": "seg_0775",
        "corridor": "Shared",
        "is_loop": false,
        "lines": [
          "Brown",
          "Purple"
        ]
      }
    },
    {
      "type": "Feature",
      "geometry": {
        "type": "LineString",
        "coordinates": [
          [
            -87.63399917,
            41.88943406
          ],
          [
            -87.63397911,
            41.88897579
          ]
        ]
      },
      "properties": {
        "segment_id": "seg_0776",
        "corridor": "Shared",
        "is_loop": false,
        "lines": [
          "Brown",
          "Purple"
        ]
      }
    },
    {
      "type": "Feature",
      "geometry": {
        "type": "LineString",
        "coordinates": [
          [
            -87.63397911,
            41.88897579
          ],
          [
            -87.6339614,
            41.88707713
          ]
        ]
      },
      "properties": {
        "segment_id": "seg_0777",
        "corridor": "Shared",
        "is_loop": false,
        "lines": [
          "Brown",
          "Purple"
        ]
      }
    },
    {
      "type": "Feature",
      "geometry": {
        "type": "LineString",
        "coordinates": [
          [
            -87.6339614,
            41.88707713
          ],
          [
            -87.6339191207789,
            41.885738420732956
          ]
        ]
      },
      "properties": {
        "segment_id": "seg_0778",
        "corridor": "Shared",
        "is_loop": false,
        "lines": [
          "Brown",
          "Purple"
        ]
      }
    },
    {
      "type": "Feature",
      "geometry": {
        "type": "LineString",
        "coordinates": [
          [
            -87.6339191207789,
            41.885738420732956
          ],
          [
            -87.63385928,
            41.88270287
          ]
        ]
      },
      "properties": {
        "segment_id": "seg_0779",
        "corridor": "Loop",
        "is_loop": true,
        "lines": [
          "Brown",
          "Orange",
          "Purple",
          "Pink"
        ]
      }
    },
    {
      "type": "Feature",
      "geometry": {
        "type": "LineString",
        "coordinates": [
          [
            -87.63385928,
            41.88270287
          ],
          [
            -87.63385066,
            41.88144742
          ]
        ]
      },
      "properties": {
        "segment_id": "seg_0780",
        "corridor": "Loop",
        "is_loop": true,
        "lines": [
          "Brown",
          "Orange",
          "Purple",
          "Pink"
        ]
      }
    },
    {
      "type": "Feature",
      "geometry": {
        "type": "LineString",
        "coordinates": [
          [
            -87.63385066,
            41.88144742
          ],
          [
            -87.63378832,
            41.88014877
          ]
        ]
      },
      "properties": {
        "segment_id": "seg_0781",
        "corridor": "Loop",
        "is_loop": true,
        "lines": [
          "Brown",
          "Orange",
          "Purple",
          "Pink"
        ]
      }
    },
    {
      "type": "Feature",
      "geometry": {
        "type": "LineString",
        "coordinates": [
          [
            -87.63378832,
            41.88014877
          ],
          [
            -87.6336922,
            41.87726911
          ]
        ]
      },
      "properties": {
        "segment_id": "seg_0782",
        "corridor": "Loop",
        "is_loop": true,
        "lines": [
          "Brown",
          "Orange",
          "Purple",
          "Pink"
        ]
      }
    },
    {
      "type": "Feature",
      "geometry": {
        "type": "LineString",
        "coordinates": [
          [
            -87.63369886,
            41.87707066
          ],
          [
            -87.6336922,
            41.87726911
          ]
        ]
      },
      "properties": {
        "segment_id": "seg_0783",
        "corridor": "Loop",
        "is_loop": true,
        "lines": [
          "Brown",
          "Orange",
          "Purple",
          "Pink"
        ]
      }
    },
    {
      "type": "Feature",
      "geometry": {
        "type": "LineString",
        "coordinates": [
          [
            -87.63369886,
            41.87707066
          ],
          [
            -87.63365097,
            41.87696061
          ]
        ]
      },
      "properties": {
        "segment_id": "seg_0784",
        "corridor": "Loop",
        "is_loop": true,
        "lines": [
          "Brown",
          "Orange",
          "Purple",
          "Pink"
        ]
      }
    },
    {
      "type": "Feature",
      "geometry": {
        "type": "LineString",
        "coordinates": [
          [
            -87.63365097,
            41.87696061
          ],
          [
            -87.63359091,
            41.87691498
          ]
        ]
      },
      "properties": {
        "segment_id": "seg_0785",
        "corridor": "Loop",
        "is_loop": true,
        "lines": [
          "Brown",
          "Orange",
          "Purple",
          "Pink"
        ]
      }
    },
    {
      "type": "Feature",
      "geometry": {
        "type": "LineString",
        "coordinates": [
          [
            -87.6335644721176,
            41.876907311236536
          ],
          [
            -87.6333812,
            41.87685415
          ]
        ]
      },
      "properties": {
        "segment_id": "seg_0786",
        "corridor": "Loop",
        "is_loop": true,
        "lines": [
          "Brown",
          "Orange",
          "Purple",
          "Pink"
        ]
      }
    },
    {
      "type": "Feature",
      "geometry": {
        "type": "LineString",
        "coordinates": [
          [
            -87.6333812,
            41.87685415
          ],
          [
            -87.63046934438887,
            41.8768822903539
          ]
        ]
      },
      "properties": {
        "segment_id": "seg_0787",
        "corridor": "Loop",
        "is_loop": true,
        "lines": [
          "Brown",
          "Orange",
          "Purple",
          "Pink"
        ]
      }
    },
    {
      "type": "Feature",
      "geometry": {
        "type": "LineString",
        "coordinates": [
          [
            -87.63046934438887,
            41.8768822903539
          ],
          [
            -87.62925871,
            41.87689399
          ]
        ]
      },
      "properties": {
        "segment_id": "seg_0788",
        "corridor": "Loop",
        "is_loop": true,
        "lines": [
          "Brown",
          "Orange",
          "Purple",
          "Pink"
        ]
      }
    },
    {
      "type": "Feature",
      "geometry": {
        "type": "LineString",
        "coordinates": [
          [
            -87.62925871,
            41.87689399
          ],
          [
            -87.62858861868057,
            41.87691057033873
          ]
        ]
      },
      "properties": {
        "segment_id": "seg_0789",
        "corridor": "Loop",
        "is_loop": true,
        "lines": [
          "Brown",
          "Orange",
          "Purple",
          "Pink"
        ]
      }
    },
    {
      "type": "Feature",
      "geometry": {
        "type": "LineString",
        "coordinates": [
          [
            -87.62858861868057,
            41.87691057033873
          ],
          [
            -87.62757176698285,
            41.87693573070882
          ]
        ]
      },
      "properties": {
        "segment_id": "seg_0790",
        "corridor": "Loop",
        "is_loop": true,
        "lines": [
          "Brown",
          "Orange",
          "Purple",
          "Pink"
        ]
      }
    },
    {
      "type": "Feature",
      "geometry": {
        "type": "LineString",
        "coordinates": [
          [
            -87.62757176698285,
            41.87693573070882
          ],
          [
            -87.62603967,
            41.87697364
          ]
        ]
      },
      "properties": {
        "segment_id": "seg_0791",
        "corridor": "Loop",
        "is_loop": true,
        "lines": [
          "Brown",
          "Orange",
          "Purple",
          "Pink"
        ]
      }
    },
    {
      "type": "Feature",
      "geometry": {
        "type": "LineString",
        "coordinates": [
          [
            -87.63317432536542,
            41.885733800678125
          ],
          [
            -87.63112447876115,
            41.88573771170968
          ]
        ]
      },
      "properties": {
        "segment_id": "seg_0792",
        "corridor": "Loop",
        "is_loop": true,
        "lines": [
          "Blue",
          "Brown",
          "Green",
          "Orange",
          "Purple",
          "Pink"
        ]
      }
    },
    {
      "type": "Feature",
      "geometry": {
        "type": "LineString",
        "coordinates": [
          [
            -87.62977874391476,
            41.885740279322036
          ],
          [
            -87.62784094,
            41.88574827
          ]
        ]
      },
      "properties": {
        "segment_id": "seg_0793",
        "corridor": "Loop",
        "is_loop": true,
        "lines": [
          "Blue",
          "Brown",
          "Green",
          "Orange",
          "Purple",
          "Pink"
        ]
      }
    },
    {
      "type": "Feature",
      "geometry": {
        "type": "LineString",
        "coordinates": [
          [
            -87.63524568,
            41.89007795
          ],
          [
            -87.63493876,
            41.88997795
          ]
        ]
      },
      "properties": {
        "segment_id": "seg_0794",
        "corridor": "Shared",
        "is_loop": false,
        "lines": [
          "Brown",
          "Purple"
        ]
      }
    },
    {
      "type": "Feature",
      "geometry": {
        "type": "LineString",
        "coordinates": [
          [
            -87.6333812,
            41.87685415
          ],
          [
            -87.63173959,
            41.87686319
          ]
        ]
      },
      "properties": {
        "segment_id": "seg_0795",
        "corridor": "Loop",
        "is_loop": true,
        "lines": [
          "Brown",
          "Orange",
          "Purple",
          "Pink"
        ]
      }
    },
    {
      "type": "Feature",
      "geometry": {
        "type": "LineString",
        "coordinates": [
          [
            -87.63173959,
            41.87686319
          ],
          [
            -87.63046934438887,
            41.8768822903539
          ]
        ]
      },
      "properties": {
        "segment_id": "seg_0796",
        "corridor": "Loop",
        "is_loop": true,
        "lines": [
          "Brown",
          "Orange",
          "Purple",
          "Pink"
        ]
      }
    },
    {
      "type": "Feature",
      "geometry": {
        "type": "LineString",
        "coordinates": [
          [
            -87.62858861868057,
            41.87691057033873
          ],
          [
            -87.62821489,
            41.87691619
          ]
        ]
      },
      "properties": {
        "segment_id": "seg_0797",
        "corridor": "Loop",
        "is_loop": true,
        "lines": [
          "Brown",
          "Orange",
          "Purple",
          "Pink"
        ]
      }
    },
    {
      "type": "Feature",
      "geometry": {
        "type": "LineString",
        "coordinates": [
          [
            -87.65367126,
            41.94292794
          ],
          [
            -87.6536156099168,
            41.94280212477364
          ]
        ]
      },
      "properties": {
        "segment_id": "seg_0798",
        "corridor": "Brown",
        "is_loop": false,
        "lines": [
          "Brown"
        ]
      }
    },
    {
      "type": "Feature",
      "geometry": {
        "type": "LineString",
        "coordinates": [
          [
            -87.6536156099168,
            41.94280212477364
          ],
          [
            -87.65351702,
            41.94257923
          ]
        ]
      },
      "properties": {
        "segment_id": "seg_0799",
        "corridor": "Brown",
        "is_loop": false,
        "lines": [
          "Brown"
        ]
      }
    },
    {
      "type": "Feature",
      "geometry": {
        "type": "LineString",
        "coordinates": [
          [
            -87.65382797,
            41.94319328
          ],
          [
            -87.65373225696258,
            41.94303121952301
          ]
        ]
      },
      "properties": {
        "segment_id": "seg_0800",
        "corridor": "Brown",
        "is_loop": false,
        "lines": [
          "Brown"
        ]
      }
    },
    {
      "type": "Feature",
      "geometry": {
        "type": "LineString",
        "coordinates": [
          [
            -87.65373225696258,
            41.94303121952301
          ],
          [
            -87.65367126,
            41.94292794
          ]
        ]
      },
      "properties": {
        "segment_id": "seg_0801",
        "corridor": "Brown",
        "is_loop": false,
        "lines": [
          "Brown"
        ]
      }
    },
    {
      "type": "Feature",
      "geometry": {
        "type": "LineString",
        "coordinates": [
          [
            -87.65410528,
            41.94352128
          ],
          [
            -87.65401055,
            41.94342781
          ]
        ]
      },
      "properties": {
        "segment_id": "seg_0802",
        "corridor": "Brown",
        "is_loop": false,
        "lines": [
          "Brown"
        ]
      }
    },
    {
      "type": "Feature",
      "geometry": {
        "type": "LineString",
        "coordinates": [
          [
            -87.65425389,
            41.94364841
          ],
          [
            -87.65410528,
            41.94352128
          ]
        ]
      },
      "properties": {
        "segment_id": "seg_0803",
        "corridor": "Brown",
        "is_loop": false,
        "lines": [
          "Brown"
        ]
      }
    },
    {
      "type": "Feature",
      "geometry": {
        "type": "LineString",
        "coordinates": [
          [
            -87.67386437,
            41.94394138
          ],
          [
            -87.67334602,
            41.94377165
          ]
        ]
      },
      "properties": {
        "segment_id": "seg_0804",
        "corridor": "Brown",
        "is_loop": false,
        "lines": [
          "Brown"
        ]
      }
    },
    {
      "type": "Feature",
      "geometry": {
        "type": "LineString",
        "coordinates": [
          [
            -87.67420043,
            41.94415056
          ],
          [
            -87.67412042624215,
            41.94410076179115
          ]
        ]
      },
      "properties": {
        "segment_id": "seg_0805",
        "corridor": "Brown",
        "is_loop": false,
        "lines": [
          "Brown"
        ]
      }
    },
    {
      "type": "Feature",
      "geometry": {
        "type": "LineString",
        "coordinates": [
          [
            -87.67412042624215,
            41.94410076179115
          ],
          [
            -87.67386437,
            41.94394138
          ]
        ]
      },
      "properties": {
        "segment_id": "seg_0806",
        "corridor": "Brown",
        "is_loop": false,
        "lines": [
          "Brown"
        ]
      }
    },
    {
      "type": "Feature",
      "geometry": {
        "type": "LineString",
        "coordinates": [
          [
            -87.67430477,
            41.94424406
          ],
          [
            -87.67420043,
            41.94415056
          ]
        ]
      },
      "properties": {
        "segment_id": "seg_0807",
        "corridor": "Brown",
        "is_loop": false,
        "lines": [
          "Brown"
        ]
      }
    },
    {
      "type": "Feature",
      "geometry": {
        "type": "LineString",
        "coordinates": [
          [
            -87.6745772,
            41.94474539
          ],
          [
            -87.67453542455671,
            41.944648035268024
          ]
        ]
      },
      "properties": {
        "segment_id": "seg_0808",
        "corridor": "Brown",
        "is_loop": false,
        "lines": [
          "Brown"
        ]
      }
    },
    {
      "type": "Feature",
      "geometry": {
        "type": "LineString",
        "coordinates": [
          [
            -87.67453542455671,
            41.944648035268024
          ],
          [
            -87.67442452,
            41.94438958
          ]
        ]
      },
      "properties": {
        "segment_id": "seg_0809",
        "corridor": "Brown",
        "is_loop": false,
        "lines": [
          "Brown"
        ]
      }
    },
    {
      "type": "Feature",
      "geometry": {
        "type": "LineString",
        "coordinates": [
          [
            -87.67463574,
            41.94494821
          ],
          [
            -87.6745772,
            41.94474539
          ]
        ]
      },
      "properties": {
        "segment_id": "seg_0810",
        "corridor": "Brown",
        "is_loop": false,
        "lines": [
          "Brown"
        ]
      }
    },
    {
      "type": "Feature",
      "geometry": {
        "type": "LineString",
        "coordinates": [
          [
            -87.67522309,
            41.96477707
          ],
          [
            -87.67521537134779,
            41.964328563243946
          ]
        ]
      },
      "properties": {
        "segment_id": "seg_0811",
        "corridor": "Brown",
        "is_loop": false,
        "lines": [
          "Brown"
        ]
      }
    },
    {
      "type": "Feature",
      "geometry": {
        "type": "LineString",
        "coordinates": [
          [
            -87.67521537134779,
            41.964328563243946
          ],
          [
            -87.67517116,
            41.96175958
          ]
        ]
      },
      "properties": {
        "segment_id": "seg_0812",
        "corridor": "Brown",
        "is_loop": false,
        "lines": [
          "Brown"
        ]
      }
    },
    {
      "type": "Feature",
      "geometry": {
        "type": "LineString",
        "coordinates": [
          [
            -87.6752475,
            41.96504163
          ],
          [
            -87.67523351859107,
            41.96489009695837
          ]
        ]
      },
      "properties": {
        "segment_id": "seg_0813",
        "corridor": "Brown",
        "is_loop": false,
        "lines": [
          "Brown"
        ]
      }
    },
    {
      "type": "Feature",
      "geometry": {
        "type": "LineString",
        "coordinates": [
          [
            -87.67523351859107,
            41.96489009695837
          ],
          [
            -87.67522309,
            41.96477707
          ]
        ]
      },
      "properties": {
        "segment_id": "seg_0814",
        "corridor": "Brown",
        "is_loop": false,
        "lines": [
          "Brown"
        ]
      }
    },
    {
      "type": "Feature",
      "geometry": {
        "type": "LineString",
        "coordinates": [
          [
            -87.67530974,
            41.96519682
          ],
          [
            -87.6752475,
            41.96504163
          ]
        ]
      },
      "properties": {
        "segment_id": "seg_0815",
        "corridor": "Brown",
        "is_loop": false,
        "lines": [
          "Brown"
        ]
      }
    },
    {
      "type": "Feature",
      "geometry": {
        "type": "LineString",
        "coordinates": [
          [
            -87.67545047,
            41.96547872
          ],
          [
            -87.67530974,
            41.96519682
          ]
        ]
      },
      "properties": {
        "segment_id": "seg_0816",
        "corridor": "Brown",
        "is_loop": false,
        "lines": [
          "Brown"
        ]
      }
    },
    {
      "type": "Feature",
      "geometry": {
        "type": "LineString",
        "coordinates": [
          [
            -87.69073531,
            42.07316065
          ],
          [
            -87.69032867,
            42.07240268
          ]
        ]
      },
      "properties": {
        "segment_id": "seg_0817",
        "corridor": "Purple",
        "is_loop": false,
        "lines": [
          "Purple"
        ]
      }
    },
    {
      "type": "Feature",
      "geometry": {
        "type": "LineString",
        "coordinates": [
          [
            -87.69032867,
            42.07240268
          ],
          [
            -87.68985798,
            42.07162306
          ]
        ]
      },
      "properties": {
        "segment_id": "seg_0818",
        "corridor": "Purple",
        "is_loop": false,
        "lines": [
          "Purple"
        ]
      }
    },
    {
      "type": "Feature",
      "geometry": {
        "type": "LineString",
        "coordinates": [
          [
            -87.68985798,
            42.07162306
          ],
          [
            -87.68891593,
            42.07013301
          ]
        ]
      },
      "properties": {
        "segment_id": "seg_0819",
        "corridor": "Purple",
        "is_loop": false,
        "lines": [
          "Purple"
        ]
      }
    },
    {
      "type": "Feature",
      "geometry": {
        "type": "LineString",
        "coordinates": [
          [
            -87.68891593,
            42.07013301
          ],
          [
            -87.68792094,
            42.06823287
          ]
        ]
      },
      "properties": {
        "segment_id": "seg_0820",
        "corridor": "Purple",
        "is_loop": false,
        "lines": [
          "Purple"
        ]
      }
    },
    {
      "type": "Feature",
      "geometry": {
        "type": "LineString",
        "coordinates": [
          [
            -87.68792094,
            42.06823287
          ],
          [
            -87.6873127,
            42.06700301
          ]
        ]
      },
      "properties": {
        "segment_id": "seg_0821",
        "corridor": "Purple",
        "is_loop": false,
        "lines": [
          "Purple"
        ]
      }
    },
    {
      "type": "Feature",
      "geometry": {
        "type": "LineString",
        "coordinates": [
          [
            -87.6873127,
            42.06700301
          ],
          [
            -87.68562304,
            42.06399443
          ]
        ]
      },
      "properties": {
        "segment_id": "seg_0822",
        "corridor": "Purple",
        "is_loop": false,
        "lines": [
          "Purple"
        ]
      }
    },
    {
      "type": "Feature",
      "geometry": {
        "type": "LineString",
        "coordinates": [
          [
            -87.68562304,
            42.06399443
          ],
          [
            -87.68485448,
            42.06274914
          ]
        ]
      },
      "properties": {
        "segment_id": "seg_0823",
        "corridor": "Purple",
        "is_loop": false,
        "lines": [
          "Purple"
        ]
      }
    },
    {
      "type": "Feature",
      "geometry": {
        "type": "LineString",
        "coordinates": [
          [
            -87.68485448,
            42.06274914
          ],
          [
            -87.68382286,
            42.06086745
          ]
        ]
      },
      "properties": {
        "segment_id": "seg_0824",
        "corridor": "Purple",
        "is_loop": false,
        "lines": [
          "Purple"
        ]
      }
    },
    {
      "type": "Feature",
      "geometry": {
        "type": "LineString",
        "coordinates": [
          [
            -87.68382286,
            42.06086745
          ],
          [
            -87.68366093,
            42.06043841
          ]
        ]
      },
      "properties": {
        "segment_id": "seg_0825",
        "corridor": "Purple",
        "is_loop": false,
        "lines": [
          "Purple"
        ]
      }
    },
    {
      "type": "Feature",
      "geometry": {
        "type": "LineString",
        "coordinates": [
          [
            -87.68366093,
            42.06043841
          ],
          [
            -87.68343476,
            42.05963721
          ]
        ]
      },
      "properties": {
        "segment_id": "seg_0826",
        "corridor": "Purple",
        "is_loop": false,
        "lines": [
          "Purple"
        ]
      }
    },
    {
      "type": "Feature",
      "geometry": {
        "type": "LineString",
        "coordinates": [
          [
            -87.68343476,
            42.05963721
          ],
          [
            -87.68335782,
            42.05902839
          ]
        ]
      },
      "properties": {
        "segment_id": "seg_0827",
        "corridor": "Purple",
        "is_loop": false,
        "lines": [
          "Purple"
        ]
      }
    },
    {
      "type": "Feature",
      "geometry": {
        "type": "LineString",
        "coordinates": [
          [
            -87.68335782,
            42.05902839
          ],
          [
            -87.68333344,
            42.05845366
          ]
        ]
      },
      "properties": {
        "segment_id": "seg_0828",
        "corridor": "Purple",
        "is_loop": false,
        "lines": [
          "Purple"
        ]
      }
    },
    {
      "type": "Feature",
      "geometry": {
        "type": "LineString",
        "coordinates": [
          [
            -87.68333861,
            42.0579467
          ],
          [
            -87.68333344,
            42.05845366
          ]
        ]
      },
      "properties": {
        "segment_id": "seg_0829",
        "corridor": "Purple",
        "is_loop": false,
        "lines": [
          "Purple"
        ]
      }
    },
    {
      "type": "Feature",
      "geometry": {
        "type": "LineString",
        "coordinates": [
          [
            -87.68339447,
            42.05691614
          ],
          [
            -87.68333861,
            42.0579467
          ]
        ]
      },
      "properties": {
        "segment_id": "seg_0830",
        "corridor": "Purple",
        "is_loop": false,
        "lines": [
          "Purple"
        ]
      }
    },
    {
      "type": "Feature",
      "geometry": {
        "type": "LineString",
        "coordinates": [
          [
            -87.68352701,
            42.05577898
          ],
          [
            -87.68339447,
            42.05691614
          ]
        ]
      },
      "properties": {
        "segment_id": "seg_0831",
        "corridor": "Purple",
        "is_loop": false,
        "lines": [
          "Purple"
        ]
      }
    },
    {
      "type": "Feature",
      "geometry": {
        "type": "LineString",
        "coordinates": [
          [
            -87.68352701,
            42.05577898
          ],
          [
            -87.68351672,
            42.05530573
          ]
        ]
      },
      "properties": {
        "segment_id": "seg_0832",
        "corridor": "Purple",
        "is_loop": false,
        "lines": [
          "Purple"
        ]
      }
    },
    {
      "type": "Feature",
      "geometry": {
        "type": "LineString",
        "coordinates": [
          [
            -87.68356611,
            42.05416811
          ],
          [
            -87.68351672,
            42.05530573
          ]
        ]
      },
      "properties": {
        "segment_id": "seg_0833",
        "corridor": "Purple",
        "is_loop": false,
        "lines": [
          "Purple"
        ]
      }
    },
    {
      "type": "Feature",
      "geometry": {
        "type": "LineString",
        "coordinates": [
          [
            -87.68356611,
            42.05416811
          ],
          [
            -87.68354805,
            42.05297376
          ]
        ]
      },
      "properties": {
        "segment_id": "seg_0834",
        "corridor": "Purple",
        "is_loop": false,
        "lines": [
          "Purple"
        ]
      }
    },
    {
      "type": "Feature",
      "geometry": {
        "type": "LineString",
        "coordinates": [
          [
            -87.68354805,
            42.05297376
          ],
          [
            -87.68350152,
            42.05234821
          ]
        ]
      },
      "properties": {
        "segment_id": "seg_0835",
        "corridor": "Purple",
        "is_loop": false,
        "lines": [
          "Purple"
        ]
      }
    },
    {
      "type": "Feature",
      "geometry": {
        "type": "LineString",
        "coordinates": [
          [
            -87.68350152,
            42.05234821
          ],
          [
            -87.6834934,
            42.05166091
          ]
        ]
      },
      "properties": {
        "segment_id": "seg_0836",
        "corridor": "Purple",
        "is_loop": false,
        "lines": [
          "Purple"
        ]
      }
    },
    {
      "type": "Feature",
      "geometry": {
        "type": "LineString",
        "coordinates": [
          [
            -87.68354834,
            42.04849536
          ],
          [
            -87.6834934,
            42.05166091
          ]
        ]
      },
      "properties": {
        "segment_id": "seg_0837",
        "corridor": "Purple",
        "is_loop": false,
        "lines": [
          "Purple"
        ]
      }
    },
    {
      "type": "Feature",
      "geometry": {
        "type": "LineString",
        "coordinates": [
          [
            -87.68354871,
            42.04771797
          ],
          [
            -87.68354834,
            42.04849536
          ]
        ]
      },
      "properties": {
        "segment_id": "seg_0838",
        "corridor": "Purple",
        "is_loop": false,
        "lines": [
          "Purple"
        ]
      }
    },
    {
      "type": "Feature",
      "geometry": {
        "type": "LineString",
        "coordinates": [
          [
            -87.68358623,
            42.04700277
          ],
          [
            -87.68354871,
            42.04771797
          ]
        ]
      },
      "properties": {
        "segment_id": "seg_0839",
        "corridor": "Purple",
        "is_loop": false,
        "lines": [
          "Purple"
        ]
      }
    },
    {
      "type": "Feature",
      "geometry": {
        "type": "LineString",
        "coordinates": [
          [
            -87.68358623,
            42.04700277
          ],
          [
            -87.68326747,
            42.04639258
          ]
        ]
      },
      "properties": {
        "segment_id": "seg_0840",
        "corridor": "Purple",
        "is_loop": false,
        "lines": [
          "Purple"
        ]
      }
    },
    {
      "type": "Feature",
      "geometry": {
        "type": "LineString",
        "coordinates": [
          [
            -87.68326747,
            42.04639258
          ],
          [
            -87.68277245,
            42.04528003
          ]
        ]
      },
      "properties": {
        "segment_id": "seg_0841",
        "corridor": "Purple",
        "is_loop": false,
        "lines": [
          "Purple"
        ]
      }
    },
    {
      "type": "Feature",
      "geometry": {
        "type": "LineString",
        "coordinates": [
          [
            -87.68277245,
            42.04528003
          ],
          [
            -87.68242566,
            42.04445561
          ]
        ]
      },
      "properties": {
        "segment_id": "seg_0842",
        "corridor": "Purple",
        "is_loop": false,
        "lines": [
          "Purple"
        ]
      }
    },
    {
      "type": "Feature",
      "geometry": {
        "type": "LineString",
        "coordinates": [
          [
            -87.68242566,
            42.04445561
          ],
          [
            -87.68222697,
            42.04393059
          ]
        ]
      },
      "properties": {
        "segment_id": "seg_0843",
        "corridor": "Purple",
        "is_loop": false,
        "lines": [
          "Purple"
        ]
      }
    },
    {
      "type": "Feature",
      "geometry": {
        "type": "LineString",
        "coordinates": [
          [
            -87.68222697,
            42.04393059
          ],
          [
            -87.68186115,
            42.04275117
          ]
        ]
      },
      "properties": {
        "segment_id": "seg_0844",
        "corridor": "Purple",
        "is_loop": false,
        "lines": [
          "Purple"
        ]
      }
    },
    {
      "type": "Feature",
      "geometry": {
        "type": "LineString",
        "coordinates": [
          [
            -87.68186115,
            42.04275117
          ],
          [
            -87.68152805,
            42.04132971
          ]
        ]
      },
      "properties": {
        "segment_id": "seg_0845",
        "corridor": "Purple",
        "is_loop": false,
        "lines": [
          "Purple"
        ]
      }
    },
    {
      "type": "Feature",
      "geometry": {
        "type": "LineString",
        "coordinates": [
          [
            -87.68152805,
            42.04132971
          ],
          [
            -87.68137009,
            42.04051763
          ]
        ]
      },
      "properties": {
        "segment_id": "seg_0846",
        "corridor": "Purple",
        "is_loop": false,
        "lines": [
          "Purple"
        ]
      }
    },
    {
      "type": "Feature",
      "geometry": {
        "type": "LineString",
        "coordinates": [
          [
            -87.68137009,
            42.04051763
          ],
          [
            -87.68034023,
            42.03592562
          ]
        ]
      },
      "properties": {
        "segment_id": "seg_0847",
        "corridor": "Purple",
        "is_loop": false,
        "lines": [
          "Purple"
        ]
      }
    },
    {
      "type": "Feature",
      "geometry": {
        "type": "LineString",
        "coordinates": [
          [
            -87.68034023,
            42.03592562
          ],
          [
            -87.67994196,
            42.03423338
          ]
        ]
      },
      "properties": {
        "segment_id": "seg_0848",
        "corridor": "Purple",
        "is_loop": false,
        "lines": [
          "Purple"
        ]
      }
    },
    {
      "type": "Feature",
      "geometry": {
        "type": "LineString",
        "coordinates": [
          [
            -87.67994196,
            42.03423338
          ],
          [
            -87.67983129,
            42.03397222
          ]
        ]
      },
      "properties": {
        "segment_id": "seg_0849",
        "corridor": "Purple",
        "is_loop": false,
        "lines": [
          "Purple"
        ]
      }
    },
    {
      "type": "Feature",
      "geometry": {
        "type": "LineString",
        "coordinates": [
          [
            -87.67983129,
            42.03397222
          ],
          [
            -87.67961746,
            42.03364005
          ]
        ]
      },
      "properties": {
        "segment_id": "seg_0850",
        "corridor": "Purple",
        "is_loop": false,
        "lines": [
          "Purple"
        ]
      }
    },
    {
      "type": "Feature",
      "geometry": {
        "type": "LineString",
        "coordinates": [
          [
            -87.67961746,
            42.03364005
          ],
          [
            -87.6795437,
            42.03346359
          ]
        ]
      },
      "properties": {
        "segment_id": "seg_0851",
        "corridor": "Purple",
        "is_loop": false,
        "lines": [
          "Purple"
        ]
      }
    },
    {
      "type": "Feature",
      "geometry": {
        "type": "LineString",
        "coordinates": [
          [
            -87.6795437,
            42.03346359
          ],
          [
            -87.67926463,
            42.03212411
          ]
        ]
      },
      "properties": {
        "segment_id": "seg_0852",
        "corridor": "Purple",
        "is_loop": false,
        "lines": [
          "Purple"
        ]
      }
    },
    {
      "type": "Feature",
      "geometry": {
        "type": "LineString",
        "coordinates": [
          [
            -87.67926463,
            42.03212411
          ],
          [
            -87.67856049,
            42.02895139
          ]
        ]
      },
      "properties": {
        "segment_id": "seg_0853",
        "corridor": "Purple",
        "is_loop": false,
        "lines": [
          "Purple"
        ]
      }
    },
    {
      "type": "Feature",
      "geometry": {
        "type": "LineString",
        "coordinates": [
          [
            -87.67856049,
            42.02895139
          ],
          [
            -87.6783352,
            42.02761973
          ]
        ]
      },
      "properties": {
        "segment_id": "seg_0854",
        "corridor": "Purple",
        "is_loop": false,
        "lines": [
          "Purple"
        ]
      }
    },
    {
      "type": "Feature",
      "geometry": {
        "type": "LineString",
        "coordinates": [
          [
            -87.6783352,
            42.02761973
          ],
          [
            -87.67811559,
            42.0261069
          ]
        ]
      },
      "properties": {
        "segment_id": "seg_0855",
        "corridor": "Purple",
        "is_loop": false,
        "lines": [
          "Purple"
        ]
      }
    },
    {
      "type": "Feature",
      "geometry": {
        "type": "LineString",
        "coordinates": [
          [
            -87.67811559,
            42.0261069
          ],
          [
            -87.67743815,
            42.02275115
          ]
        ]
      },
      "properties": {
        "segment_id": "seg_0856",
        "corridor": "Purple",
        "is_loop": false,
        "lines": [
          "Purple"
        ]
      }
    },
    {
      "type": "Feature",
      "geometry": {
        "type": "LineString",
        "coordinates": [
          [
            -87.67743815,
            42.02275115
          ],
          [
            -87.67730809,
            42.02241864
          ]
        ]
      },
      "properties": {
        "segment_id": "seg_0857",
        "corridor": "Purple",
        "is_loop": false,
        "lines": [
          "Purple"
        ]
      }
    },
    {
      "type": "Feature",
      "geometry": {
        "type": "LineString",
        "coordinates": [
          [
            -87.67730809,
            42.02241864
          ],
          [
            -87.67719127,
            42.02224104
          ]
        ]
      },
      "properties": {
        "segment_id": "seg_0858",
        "corridor": "Purple",
        "is_loop": false,
        "lines": [
          "Purple"
        ]
      }
    },
    {
      "type": "Feature",
      "geometry": {
        "type": "LineString",
        "coordinates": [
          [
            -87.67719127,
            42.02224104
          ],
          [
            -87.6770593,
            42.02209376
          ]
        ]
      },
      "properties": {
        "segment_id": "seg_0859",
        "corridor": "Purple",
        "is_loop": false,
        "lines": [
          "Purple"
        ]
      }
    },
    {
      "type": "Feature",
      "geometry": {
        "type": "LineString",
        "coordinates": [
          [
            -87.6770593,
            42.02209376
          ],
          [
            -87.67689731,
            42.02198224
          ]
        ]
      },
      "properties": {
        "segment_id": "seg_0860",
        "corridor": "Purple",
        "is_loop": false,
        "lines": [
          "Purple"
        ]
      }
    },
    {
      "type": "Feature",
      "geometry": {
        "type": "LineString",
        "coordinates": [
          [
            -87.67689731,
            42.02198224
          ],
          [
            -87.67574146,
            42.02130705
          ]
        ]
      },
      "properties": {
        "segment_id": "seg_0861",
        "corridor": "Purple",
        "is_loop": false,
        "lines": [
          "Purple"
        ]
      }
    },
    {
      "type": "Feature",
      "geometry": {
        "type": "LineString",
        "coordinates": [
          [
            -87.67574146,
            42.02130705
          ],
          [
            -87.67406222,
            42.02002995
          ]
        ]
      },
      "properties": {
        "segment_id": "seg_0862",
        "corridor": "Purple",
        "is_loop": false,
        "lines": [
          "Purple"
        ]
      }
    },
    {
      "type": "Feature",
      "geometry": {
        "type": "LineString",
        "coordinates": [
          [
            -87.67406222,
            42.02002995
          ],
          [
            -87.67388825,
            42.0198713
          ]
        ]
      },
      "properties": {
        "segment_id": "seg_0863",
        "corridor": "Purple",
        "is_loop": false,
        "lines": [
          "Purple"
        ]
      }
    },
    {
      "type": "Feature",
      "geometry": {
        "type": "LineString",
        "coordinates": [
          [
            -87.67388825,
            42.0198713
          ],
          [
            -87.67289823,
            42.0190711
          ]
        ]
      },
      "properties": {
        "segment_id": "seg_0864",
        "corridor": "Shared",
        "is_loop": false,
        "lines": [
          "Purple",
          "Yellow"
        ]
      }
    },
    {
      "type": "Feature",
      "geometry": {
        "type": "LineString",
        "coordinates": [
          [
            -87.6599008,
            41.99989451
          ],
          [
            -87.65965276,
            41.99944232
          ]
        ]
      },
      "properties": {
        "segment_id": "seg_0865",
        "corridor": "North Main",
        "is_loop": false,
        "lines": [
          "Red",
          "Purple"
        ]
      }
    },
    {
      "type": "Feature",
      "geometry": {
        "type": "LineString",
        "coordinates": [
          [
            -87.65965276,
            41.99944232
          ],
          [
            -87.65948474,
            41.99900439
          ]
        ]
      },
      "properties": {
        "segment_id": "seg_0866",
        "corridor": "North Main",
        "is_loop": false,
        "lines": [
          "Red",
          "Purple"
        ]
      }
    },
    {
      "type": "Feature",
      "geometry": {
        "type": "LineString",
        "coordinates": [
          [
            -87.65948474,
            41.99900439
          ],
          [
            -87.65943128,
            41.9988109
          ]
        ]
      },
      "properties": {
        "segment_id": "seg_0867",
        "corridor": "North Main",
        "is_loop": false,
        "lines": [
          "Red",
          "Purple"
        ]
      }
    },
    {
      "type": "Feature",
      "geometry": {
        "type": "LineString",
        "coordinates": [
          [
            -87.65943128,
            41.9988109
          ],
          [
            -87.65936055,
            41.99850233
          ]
        ]
      },
      "properties": {
        "segment_id": "seg_0868",
        "corridor": "North Main",
        "is_loop": false,
        "lines": [
          "Red",
          "Purple"
        ]
      }
    },
    {
      "type": "Feature",
      "geometry": {
        "type": "LineString",
        "coordinates": [
          [
            -87.73817032,
            41.79233259
          ],
          [
            -87.73796215,
            41.78662138
          ]
        ]
      },
      "properties": {
        "segment_id": "seg_0869",
        "corridor": "Orange",
        "is_loop": false,
        "lines": [
          "Orange"
        ]
      }
    },
    {
      "type": "Feature",
      "geometry": {
        "type": "LineString",
        "coordinates": [
          [
            -87.73817032,
            41.79233259
          ],
          [
            -87.73816363,
            41.79271133
          ]
        ]
      },
      "properties": {
        "segment_id": "seg_0870",
        "corridor": "Orange",
        "is_loop": false,
        "lines": [
          "Orange"
        ]
      }
    },
    {
      "type": "Feature",
      "geometry": {
        "type": "LineString",
        "coordinates": [
          [
            -87.73816363,
            41.79271133
          ],
          [
            -87.73806329,
            41.79323489
          ]
        ]
      },
      "properties": {
        "segment_id": "seg_0871",
        "corridor": "Orange",
        "is_loop": false,
        "lines": [
          "Orange"
        ]
      }
    },
    {
      "type": "Feature",
      "geometry": {
        "type": "LineString",
        "coordinates": [
          [
            -87.73806329,
            41.79323489
          ],
          [
            -87.7377205,
            41.79381437
          ]
        ]
      },
      "properties": {
        "segment_id": "seg_0872",
        "corridor": "Orange",
        "is_loop": false,
        "lines": [
          "Orange"
        ]
      }
    },
    {
      "type": "Feature",
      "geometry": {
        "type": "LineString",
        "coordinates": [
          [
            -87.7377205,
            41.79381437
          ],
          [
            -87.73757231,
            41.79400418
          ]
        ]
      },
      "properties": {
        "segment_id": "seg_0873",
        "corridor": "Orange",
        "is_loop": false,
        "lines": [
          "Orange"
        ]
      }
    },
    {
      "type": "Feature",
      "geometry": {
        "type": "LineString",
        "coordinates": [
          [
            -87.73757231,
            41.79400418
          ],
          [
            -87.73731534,
            41.79425297
          ]
        ]
      },
      "properties": {
        "segment_id": "seg_0874",
        "corridor": "Orange",
        "is_loop": false,
        "lines": [
          "Orange"
        ]
      }
    },
    {
      "type": "Feature",
      "geometry": {
        "type": "LineString",
        "coordinates": [
          [
            -87.73731534,
            41.79425297
          ],
          [
            -87.73697198,
            41.79454897
          ]
        ]
      },
      "properties": {
        "segment_id": "seg_0875",
        "corridor": "Orange",
        "is_loop": false,
        "lines": [
          "Orange"
        ]
      }
    },
    {
      "type": "Feature",
      "geometry": {
        "type": "LineString",
        "coordinates": [
          [
            -87.73697198,
            41.79454897
          ],
          [
            -87.73619656,
            41.79509284
          ]
        ]
      },
      "properties": {
        "segment_id": "seg_0876",
        "corridor": "Orange",
        "is_loop": false,
        "lines": [
          "Orange"
        ]
      }
    },
    {
      "type": "Feature",
      "geometry": {
        "type": "LineString",
        "coordinates": [
          [
            -87.73619656,
            41.79509284
          ],
          [
            -87.73524303,
            41.79561911
          ]
        ]
      },
      "properties": {
        "segment_id": "seg_0877",
        "corridor": "Orange",
        "is_loop": false,
        "lines": [
          "Orange"
        ]
      }
    },
    {
      "type": "Feature",
      "geometry": {
        "type": "LineString",
        "coordinates": [
          [
            -87.73524303,
            41.79561911
          ],
          [
            -87.73478587,
            41.79582637
          ]
        ]
      },
      "properties": {
        "segment_id": "seg_0878",
        "corridor": "Orange",
        "is_loop": false,
        "lines": [
          "Orange"
        ]
      }
    },
    {
      "type": "Feature",
      "geometry": {
        "type": "LineString",
        "coordinates": [
          [
            -87.73478587,
            41.79582637
          ],
          [
            -87.72445541,
            41.79989566
          ]
        ]
      },
      "properties": {
        "segment_id": "seg_0879",
        "corridor": "Orange",
        "is_loop": false,
        "lines": [
          "Orange"
        ]
      }
    },
    {
      "type": "Feature",
      "geometry": {
        "type": "LineString",
        "coordinates": [
          [
            -87.72445541,
            41.79989566
          ],
          [
            -87.72075017,
            41.80151729
          ]
        ]
      },
      "properties": {
        "segment_id": "seg_0880",
        "corridor": "Orange",
        "is_loop": false,
        "lines": [
          "Orange"
        ]
      }
    },
    {
      "type": "Feature",
      "geometry": {
        "type": "LineString",
        "coordinates": [
          [
            -87.72075017,
            41.80151729
          ],
          [
            -87.71814491,
            41.80262061
          ]
        ]
      },
      "properties": {
        "segment_id": "seg_0881",
        "corridor": "Orange",
        "is_loop": false,
        "lines": [
          "Orange"
        ]
      }
    },
    {
      "type": "Feature",
      "geometry": {
        "type": "LineString",
        "coordinates": [
          [
            -87.71814491,
            41.80262061
          ],
          [
            -87.71575429,
            41.80357734
          ]
        ]
      },
      "properties": {
        "segment_id": "seg_0882",
        "corridor": "Orange",
        "is_loop": false,
        "lines": [
          "Orange"
        ]
      }
    },
    {
      "type": "Feature",
      "geometry": {
        "type": "LineString",
        "coordinates": [
          [
            -87.71575429,
            41.80357734
          ],
          [
            -87.71506129,
            41.80379754
          ]
        ]
      },
      "properties": {
        "segment_id": "seg_0883",
        "corridor": "Orange",
        "is_loop": false,
        "lines": [
          "Orange"
        ]
      }
    },
    {
      "type": "Feature",
      "geometry": {
        "type": "LineString",
        "coordinates": [
          [
            -87.71506129,
            41.80379754
          ],
          [
            -87.7141294,
            41.80402835
          ]
        ]
      },
      "properties": {
        "segment_id": "seg_0884",
        "corridor": "Orange",
        "is_loop": false,
        "lines": [
          "Orange"
        ]
      }
    },
    {
      "type": "Feature",
      "geometry": {
        "type": "LineString",
        "coordinates": [
          [
            -87.7141294,
            41.80402835
          ],
          [
            -87.71363183,
            41.80412096
          ]
        ]
      },
      "properties": {
        "segment_id": "seg_0885",
        "corridor": "Orange",
        "is_loop": false,
        "lines": [
          "Orange"
        ]
      }
    },
    {
      "type": "Feature",
      "geometry": {
        "type": "LineString",
        "coordinates": [
          [
            -87.71363183,
            41.80412096
          ],
          [
            -87.71323333,
            41.80417598
          ]
        ]
      },
      "properties": {
        "segment_id": "seg_0886",
        "corridor": "Orange",
        "is_loop": false,
        "lines": [
          "Orange"
        ]
      }
    },
    {
      "type": "Feature",
      "geometry": {
        "type": "LineString",
        "coordinates": [
          [
            -87.71323333,
            41.80417598
          ],
          [
            -87.71252594,
            41.80423648
          ]
        ]
      },
      "properties": {
        "segment_id": "seg_0887",
        "corridor": "Orange",
        "is_loop": false,
        "lines": [
          "Orange"
        ]
      }
    },
    {
      "type": "Feature",
      "geometry": {
        "type": "LineString",
        "coordinates": [
          [
            -87.71252594,
            41.80423648
          ],
          [
            -87.70673994,
            41.80433847
          ]
        ]
      },
      "properties": {
        "segment_id": "seg_0888",
        "corridor": "Orange",
        "is_loop": false,
        "lines": [
          "Orange"
        ]
      }
    },
    {
      "type": "Feature",
      "geometry": {
        "type": "LineString",
        "coordinates": [
          [
            -87.70673994,
            41.80433847
          ],
          [
            -87.70432643,
            41.80435625
          ]
        ]
      },
      "properties": {
        "segment_id": "seg_0889",
        "corridor": "Orange",
        "is_loop": false,
        "lines": [
          "Orange"
        ]
      }
    },
    {
      "type": "Feature",
      "geometry": {
        "type": "LineString",
        "coordinates": [
          [
            -87.70432643,
            41.80435625
          ],
          [
            -87.69109839,
            41.80459988
          ]
        ]
      },
      "properties": {
        "segment_id": "seg_0890",
        "corridor": "Orange",
        "is_loop": false,
        "lines": [
          "Orange"
        ]
      }
    },
    {
      "type": "Feature",
      "geometry": {
        "type": "LineString",
        "coordinates": [
          [
            -87.69109839,
            41.80459988
          ],
          [
            -87.68687938,
            41.80464292
          ]
        ]
      },
      "properties": {
        "segment_id": "seg_0891",
        "corridor": "Orange",
        "is_loop": false,
        "lines": [
          "Orange"
        ]
      }
    },
    {
      "type": "Feature",
      "geometry": {
        "type": "LineString",
        "coordinates": [
          [
            -87.68687938,
            41.80464292
          ],
          [
            -87.68304216,
            41.80471178
          ]
        ]
      },
      "properties": {
        "segment_id": "seg_0892",
        "corridor": "Orange",
        "is_loop": false,
        "lines": [
          "Orange"
        ]
      }
    },
    {
      "type": "Feature",
      "geometry": {
        "type": "LineString",
        "coordinates": [
          [
            -87.68304216,
            41.80471178
          ],
          [
            -87.68241187,
            41.80470107
          ]
        ]
      },
      "properties": {
        "segment_id": "seg_0893",
        "corridor": "Orange",
        "is_loop": false,
        "lines": [
          "Orange"
        ]
      }
    },
    {
      "type": "Feature",
      "geometry": {
        "type": "LineString",
        "coordinates": [
          [
            -87.68241187,
            41.80470107
          ],
          [
            -87.68212191,
            41.80472325
          ]
        ]
      },
      "properties": {
        "segment_id": "seg_0894",
        "corridor": "Orange",
        "is_loop": false,
        "lines": [
          "Orange"
        ]
      }
    },
    {
      "type": "Feature",
      "geometry": {
        "type": "LineString",
        "coordinates": [
          [
            -87.68212191,
            41.80472325
          ],
          [
            -87.68180943,
            41.80476912
          ]
        ]
      },
      "properties": {
        "segment_id": "seg_0895",
        "corridor": "Orange",
        "is_loop": false,
        "lines": [
          "Orange"
        ]
      }
    },
    {
      "type": "Feature",
      "geometry": {
        "type": "LineString",
        "coordinates": [
          [
            -87.68180943,
            41.80476912
          ],
          [
            -87.68134669,
            41.80487607
          ]
        ]
      },
      "properties": {
        "segment_id": "seg_0896",
        "corridor": "Orange",
        "is_loop": false,
        "lines": [
          "Orange"
        ]
      }
    },
    {
      "type": "Feature",
      "geometry": {
        "type": "LineString",
        "coordinates": [
          [
            -87.68134669,
            41.80487607
          ],
          [
            -87.68104323,
            41.8049744
          ]
        ]
      },
      "properties": {
        "segment_id": "seg_0897",
        "corridor": "Orange",
        "is_loop": false,
        "lines": [
          "Orange"
        ]
      }
    },
    {
      "type": "Feature",
      "geometry": {
        "type": "LineString",
        "coordinates": [
          [
            -87.68104323,
            41.8049744
          ],
          [
            -87.68070725,
            41.80513925
          ]
        ]
      },
      "properties": {
        "segment_id": "seg_0898",
        "corridor": "Orange",
        "is_loop": false,
        "lines": [
          "Orange"
        ]
      }
    },
    {
      "type": "Feature",
      "geometry": {
        "type": "LineString",
        "coordinates": [
          [
            -87.68070725,
            41.80513925
          ],
          [
            -87.68042522,
            41.80532107
          ]
        ]
      },
      "properties": {
        "segment_id": "seg_0899",
        "corridor": "Orange",
        "is_loop": false,
        "lines": [
          "Orange"
        ]
      }
    },
    {
      "type": "Feature",
      "geometry": {
        "type": "LineString",
        "coordinates": [
          [
            -87.68042522,
            41.80532107
          ],
          [
            -87.68016522,
            41.80552923
          ]
        ]
      },
      "properties": {
        "segment_id": "seg_0900",
        "corridor": "Orange",
        "is_loop": false,
        "lines": [
          "Orange"
        ]
      }
    },
    {
      "type": "Feature",
      "geometry": {
        "type": "LineString",
        "coordinates": [
          [
            -87.68016522,
            41.80552923
          ],
          [
            -87.67996249,
            41.80574009
          ]
        ]
      },
      "properties": {
        "segment_id": "seg_0901",
        "corridor": "Orange",
        "is_loop": false,
        "lines": [
          "Orange"
        ]
      }
    },
    {
      "type": "Feature",
      "geometry": {
        "type": "LineString",
        "coordinates": [
          [
            -87.67996249,
            41.80574009
          ],
          [
            -87.67983649,
            41.80592042
          ]
        ]
      },
      "properties": {
        "segment_id": "seg_0902",
        "corridor": "Orange",
        "is_loop": false,
        "lines": [
          "Orange"
        ]
      }
    },
    {
      "type": "Feature",
      "geometry": {
        "type": "LineString",
        "coordinates": [
          [
            -87.67983649,
            41.80592042
          ],
          [
            -87.67969695,
            41.80617929
          ]
        ]
      },
      "properties": {
        "segment_id": "seg_0903",
        "corridor": "Orange",
        "is_loop": false,
        "lines": [
          "Orange"
        ]
      }
    },
    {
      "type": "Feature",
      "geometry": {
        "type": "LineString",
        "coordinates": [
          [
            -87.67969695,
            41.80617929
          ],
          [
            -87.67961498,
            41.80641227
          ]
        ]
      },
      "properties": {
        "segment_id": "seg_0904",
        "corridor": "Orange",
        "is_loop": false,
        "lines": [
          "Orange"
        ]
      }
    },
    {
      "type": "Feature",
      "geometry": {
        "type": "LineString",
        "coordinates": [
          [
            -87.67961498,
            41.80641227
          ],
          [
            -87.67956456,
            41.80667403
          ]
        ]
      },
      "properties": {
        "segment_id": "seg_0905",
        "corridor": "Orange",
        "is_loop": false,
        "lines": [
          "Orange"
        ]
      }
    },
    {
      "type": "Feature",
      "geometry": {
        "type": "LineString",
        "coordinates": [
          [
            -87.67956456,
            41.80667403
          ],
          [
            -87.67953638,
            41.80694067
          ]
        ]
      },
      "properties": {
        "segment_id": "seg_0906",
        "corridor": "Orange",
        "is_loop": false,
        "lines": [
          "Orange"
        ]
      }
    },
    {
      "type": "Feature",
      "geometry": {
        "type": "LineString",
        "coordinates": [
          [
            -87.67972948,
            41.81425508
          ],
          [
            -87.67953638,
            41.80694067
          ]
        ]
      },
      "properties": {
        "segment_id": "seg_0907",
        "corridor": "Orange",
        "is_loop": false,
        "lines": [
          "Orange"
        ]
      }
    },
    {
      "type": "Feature",
      "geometry": {
        "type": "LineString",
        "coordinates": [
          [
            -87.67980337,
            41.8148177
          ],
          [
            -87.67972948,
            41.81425508
          ]
        ]
      },
      "properties": {
        "segment_id": "seg_0908",
        "corridor": "Orange",
        "is_loop": false,
        "lines": [
          "Orange"
        ]
      }
    },
    {
      "type": "Feature",
      "geometry": {
        "type": "LineString",
        "coordinates": [
          [
            -87.68001426,
            41.81568602
          ],
          [
            -87.67980337,
            41.8148177
          ]
        ]
      },
      "properties": {
        "segment_id": "seg_0909",
        "corridor": "Orange",
        "is_loop": false,
        "lines": [
          "Orange"
        ]
      }
    },
    {
      "type": "Feature",
      "geometry": {
        "type": "LineString",
        "coordinates": [
          [
            -87.68037164,
            41.81655516
          ],
          [
            -87.68001426,
            41.81568602
          ]
        ]
      },
      "properties": {
        "segment_id": "seg_0910",
        "corridor": "Orange",
        "is_loop": false,
        "lines": [
          "Orange"
        ]
      }
    },
    {
      "type": "Feature",
      "geometry": {
        "type": "LineString",
        "coordinates": [
          [
            -87.68171387,
            41.81859717
          ],
          [
            -87.68037164,
            41.81655516
          ]
        ]
      },
      "properties": {
        "segment_id": "seg_0911",
        "corridor": "Orange",
        "is_loop": false,
        "lines": [
          "Orange"
        ]
      }
    },
    {
      "type": "Feature",
      "geometry": {
        "type": "LineString",
        "coordinates": [
          [
            -87.68309173,
            41.82058934
          ],
          [
            -87.68171387,
            41.81859717
          ]
        ]
      },
      "properties": {
        "segment_id": "seg_0912",
        "corridor": "Orange",
        "is_loop": false,
        "lines": [
          "Orange"
        ]
      }
    },
    {
      "type": "Feature",
      "geometry": {
        "type": "LineString",
        "coordinates": [
          [
            -87.68595541,
            41.82462902
          ],
          [
            -87.68309173,
            41.82058934
          ]
        ]
      },
      "properties": {
        "segment_id": "seg_0913",
        "corridor": "Orange",
        "is_loop": false,
        "lines": [
          "Orange"
        ]
      }
    },
    {
      "type": "Feature",
      "geometry": {
        "type": "LineString",
        "coordinates": [
          [
            -87.68614287,
            41.82498978
          ],
          [
            -87.68595541,
            41.82462902
          ]
        ]
      },
      "properties": {
        "segment_id": "seg_0914",
        "corridor": "Orange",
        "is_loop": false,
        "lines": [
          "Orange"
        ]
      }
    },
    {
      "type": "Feature",
      "geometry": {
        "type": "LineString",
        "coordinates": [
          [
            -87.68620704,
            41.82525933
          ],
          [
            -87.68614287,
            41.82498978
          ]
        ]
      },
      "properties": {
        "segment_id": "seg_0915",
        "corridor": "Orange",
        "is_loop": false,
        "lines": [
          "Orange"
        ]
      }
    },
    {
      "type": "Feature",
      "geometry": {
        "type": "LineString",
        "coordinates": [
          [
            -87.68621798,
            41.82543806
          ],
          [
            -87.68620704,
            41.82525933
          ]
        ]
      },
      "properties": {
        "segment_id": "seg_0916",
        "corridor": "Orange",
        "is_loop": false,
        "lines": [
          "Orange"
        ]
      }
    },
    {
      "type": "Feature",
      "geometry": {
        "type": "LineString",
        "coordinates": [
          [
            -87.68621798,
            41.82543806
          ],
          [
            -87.68621335,
            41.82558096
          ]
        ]
      },
      "properties": {
        "segment_id": "seg_0917",
        "corridor": "Orange",
        "is_loop": false,
        "lines": [
          "Orange"
        ]
      }
    },
    {
      "type": "Feature",
      "geometry": {
        "type": "LineString",
        "coordinates": [
          [
            -87.68621335,
            41.82558096
          ],
          [
            -87.68613699,
            41.82589022
          ]
        ]
      },
      "properties": {
        "segment_id": "seg_0918",
        "corridor": "Orange",
        "is_loop": false,
        "lines": [
          "Orange"
        ]
      }
    },
    {
      "type": "Feature",
      "geometry": {
        "type": "LineString",
        "coordinates": [
          [
            -87.68613699,
            41.82589022
          ],
          [
            -87.68603601,
            41.82611357
          ]
        ]
      },
      "properties": {
        "segment_id": "seg_0919",
        "corridor": "Orange",
        "is_loop": false,
        "lines": [
          "Orange"
        ]
      }
    },
    {
      "type": "Feature",
      "geometry": {
        "type": "LineString",
        "coordinates": [
          [
            -87.68603601,
            41.82611357
          ],
          [
            -87.68591321,
            41.82628916
          ]
        ]
      },
      "properties": {
        "segment_id": "seg_0920",
        "corridor": "Orange",
        "is_loop": false,
        "lines": [
          "Orange"
        ]
      }
    },
    {
      "type": "Feature",
      "geometry": {
        "type": "LineString",
        "coordinates": [
          [
            -87.68591321,
            41.82628916
          ],
          [
            -87.68570088,
            41.82649998
          ]
        ]
      },
      "properties": {
        "segment_id": "seg_0921",
        "corridor": "Orange",
        "is_loop": false,
        "lines": [
          "Orange"
        ]
      }
    },
    {
      "type": "Feature",
      "geometry": {
        "type": "LineString",
        "coordinates": [
          [
            -87.68570088,
            41.82649998
          ],
          [
            -87.68547941,
            41.82667025
          ]
        ]
      },
      "properties": {
        "segment_id": "seg_0922",
        "corridor": "Orange",
        "is_loop": false,
        "lines": [
          "Orange"
        ]
      }
    },
    {
      "type": "Feature",
      "geometry": {
        "type": "LineString",
        "coordinates": [
          [
            -87.68547941,
            41.82667025
          ],
          [
            -87.68517184,
            41.82684956
          ]
        ]
      },
      "properties": {
        "segment_id": "seg_0923",
        "corridor": "Orange",
        "is_loop": false,
        "lines": [
          "Orange"
        ]
      }
    },
    {
      "type": "Feature",
      "geometry": {
        "type": "LineString",
        "coordinates": [
          [
            -87.68517184,
            41.82684956
          ],
          [
            -87.68430095,
            41.8273044
          ]
        ]
      },
      "properties": {
        "segment_id": "seg_0924",
        "corridor": "Orange",
        "is_loop": false,
        "lines": [
          "Orange"
        ]
      }
    },
    {
      "type": "Feature",
      "geometry": {
        "type": "LineString",
        "coordinates": [
          [
            -87.68430095,
            41.8273044
          ],
          [
            -87.68174966,
            41.8288884
          ]
        ]
      },
      "properties": {
        "segment_id": "seg_0925",
        "corridor": "Orange",
        "is_loop": false,
        "lines": [
          "Orange"
        ]
      }
    },
    {
      "type": "Feature",
      "geometry": {
        "type": "LineString",
        "coordinates": [
          [
            -87.68174966,
            41.8288884
          ],
          [
            -87.68059313,
            41.82956793
          ]
        ]
      },
      "properties": {
        "segment_id": "seg_0926",
        "corridor": "Orange",
        "is_loop": false,
        "lines": [
          "Orange"
        ]
      }
    },
    {
      "type": "Feature",
      "geometry": {
        "type": "LineString",
        "coordinates": [
          [
            -87.68059313,
            41.82956793
          ],
          [
            -87.67476261,
            41.83314838
          ]
        ]
      },
      "properties": {
        "segment_id": "seg_0927",
        "corridor": "Orange",
        "is_loop": false,
        "lines": [
          "Orange"
        ]
      }
    },
    {
      "type": "Feature",
      "geometry": {
        "type": "LineString",
        "coordinates": [
          [
            -87.67476261,
            41.83314838
          ],
          [
            -87.67326192,
            41.83412122
          ]
        ]
      },
      "properties": {
        "segment_id": "seg_0928",
        "corridor": "Orange",
        "is_loop": false,
        "lines": [
          "Orange"
        ]
      }
    },
    {
      "type": "Feature",
      "geometry": {
        "type": "LineString",
        "coordinates": [
          [
            -87.67326192,
            41.83412122
          ],
          [
            -87.66907459,
            41.83707242
          ]
        ]
      },
      "properties": {
        "segment_id": "seg_0929",
        "corridor": "Orange",
        "is_loop": false,
        "lines": [
          "Orange"
        ]
      }
    },
    {
      "type": "Feature",
      "geometry": {
        "type": "LineString",
        "coordinates": [
          [
            -87.66907459,
            41.83707242
          ],
          [
            -87.66785232,
            41.83790387
          ]
        ]
      },
      "properties": {
        "segment_id": "seg_0930",
        "corridor": "Orange",
        "is_loop": false,
        "lines": [
          "Orange"
        ]
      }
    },
    {
      "type": "Feature",
      "geometry": {
        "type": "LineString",
        "coordinates": [
          [
            -87.66785232,
            41.83790387
          ],
          [
            -87.66691893,
            41.83852259
          ]
        ]
      },
      "properties": {
        "segment_id": "seg_0931",
        "corridor": "Orange",
        "is_loop": false,
        "lines": [
          "Orange"
        ]
      }
    },
    {
      "type": "Feature",
      "geometry": {
        "type": "LineString",
        "coordinates": [
          [
            -87.66691893,
            41.83852259
          ],
          [
            -87.66624924,
            41.83889985
          ]
        ]
      },
      "properties": {
        "segment_id": "seg_0932",
        "corridor": "Orange",
        "is_loop": false,
        "lines": [
          "Orange"
        ]
      }
    },
    {
      "type": "Feature",
      "geometry": {
        "type": "LineString",
        "coordinates": [
          [
            -87.66624924,
            41.83889985
          ],
          [
            -87.66531742,
            41.83936372
          ]
        ]
      },
      "properties": {
        "segment_id": "seg_0933",
        "corridor": "Orange",
        "is_loop": false,
        "lines": [
          "Orange"
        ]
      }
    },
    {
      "type": "Feature",
      "geometry": {
        "type": "LineString",
        "coordinates": [
          [
            -87.66531742,
            41.83936372
          ],
          [
            -87.65780315,
            41.84295497
          ]
        ]
      },
      "properties": {
        "segment_id": "seg_0934",
        "corridor": "Orange",
        "is_loop": false,
        "lines": [
          "Orange"
        ]
      }
    },
    {
      "type": "Feature",
      "geometry": {
        "type": "LineString",
        "coordinates": [
          [
            -87.65780315,
            41.84295497
          ],
          [
            -87.65434471,
            41.8446426
          ]
        ]
      },
      "properties": {
        "segment_id": "seg_0935",
        "corridor": "Orange",
        "is_loop": false,
        "lines": [
          "Orange"
        ]
      }
    },
    {
      "type": "Feature",
      "geometry": {
        "type": "LineString",
        "coordinates": [
          [
            -87.65434471,
            41.8446426
          ],
          [
            -87.65313257,
            41.84508804
          ]
        ]
      },
      "properties": {
        "segment_id": "seg_0936",
        "corridor": "Orange",
        "is_loop": false,
        "lines": [
          "Orange"
        ]
      }
    },
    {
      "type": "Feature",
      "geometry": {
        "type": "LineString",
        "coordinates": [
          [
            -87.65313257,
            41.84508804
          ],
          [
            -87.65264987,
            41.8452424
          ]
        ]
      },
      "properties": {
        "segment_id": "seg_0937",
        "corridor": "Orange",
        "is_loop": false,
        "lines": [
          "Orange"
        ]
      }
    },
    {
      "type": "Feature",
      "geometry": {
        "type": "LineString",
        "coordinates": [
          [
            -87.65264987,
            41.8452424
          ],
          [
            -87.65142957,
            41.84555437
          ]
        ]
      },
      "properties": {
        "segment_id": "seg_0938",
        "corridor": "Orange",
        "is_loop": false,
        "lines": [
          "Orange"
        ]
      }
    },
    {
      "type": "Feature",
      "geometry": {
        "type": "LineString",
        "coordinates": [
          [
            -87.65142957,
            41.84555437
          ],
          [
            -87.65065932,
            41.84578563
          ]
        ]
      },
      "properties": {
        "segment_id": "seg_0939",
        "corridor": "Orange",
        "is_loop": false,
        "lines": [
          "Orange"
        ]
      }
    },
    {
      "type": "Feature",
      "geometry": {
        "type": "LineString",
        "coordinates": [
          [
            -87.65065932,
            41.84578563
          ],
          [
            -87.65010283,
            41.84598719
          ]
        ]
      },
      "properties": {
        "segment_id": "seg_0940",
        "corridor": "Orange",
        "is_loop": false,
        "lines": [
          "Orange"
        ]
      }
    },
    {
      "type": "Feature",
      "geometry": {
        "type": "LineString",
        "coordinates": [
          [
            -87.65010283,
            41.84598719
          ],
          [
            -87.64942447,
            41.84626425
          ]
        ]
      },
      "properties": {
        "segment_id": "seg_0941",
        "corridor": "Orange",
        "is_loop": false,
        "lines": [
          "Orange"
        ]
      }
    },
    {
      "type": "Feature",
      "geometry": {
        "type": "LineString",
        "coordinates": [
          [
            -87.64942447,
            41.84626425
          ],
          [
            -87.64653877,
            41.84768586
          ]
        ]
      },
      "properties": {
        "segment_id": "seg_0942",
        "corridor": "Orange",
        "is_loop": false,
        "lines": [
          "Orange"
        ]
      }
    },
    {
      "type": "Feature",
      "geometry": {
        "type": "LineString",
        "coordinates": [
          [
            -87.64653877,
            41.84768586
          ],
          [
            -87.64579009,
            41.84798153
          ]
        ]
      },
      "properties": {
        "segment_id": "seg_0943",
        "corridor": "Orange",
        "is_loop": false,
        "lines": [
          "Orange"
        ]
      }
    },
    {
      "type": "Feature",
      "geometry": {
        "type": "LineString",
        "coordinates": [
          [
            -87.64579009,
            41.84798153
          ],
          [
            -87.64514429,
            41.84818968
          ]
        ]
      },
      "properties": {
        "segment_id": "seg_0944",
        "corridor": "Orange",
        "is_loop": false,
        "lines": [
          "Orange"
        ]
      }
    },
    {
      "type": "Feature",
      "geometry": {
        "type": "LineString",
        "coordinates": [
          [
            -87.64514429,
            41.84818968
          ],
          [
            -87.64351496,
            41.84860631
          ]
        ]
      },
      "properties": {
        "segment_id": "seg_0945",
        "corridor": "Orange",
        "is_loop": false,
        "lines": [
          "Orange"
        ]
      }
    },
    {
      "type": "Feature",
      "geometry": {
        "type": "LineString",
        "coordinates": [
          [
            -87.64351496,
            41.84860631
          ],
          [
            -87.6428247,
            41.84881961
          ]
        ]
      },
      "properties": {
        "segment_id": "seg_0946",
        "corridor": "Orange",
        "is_loop": false,
        "lines": [
          "Orange"
        ]
      }
    },
    {
      "type": "Feature",
      "geometry": {
        "type": "LineString",
        "coordinates": [
          [
            -87.6428247,
            41.84881961
          ],
          [
            -87.64123007,
            41.84958572
          ]
        ]
      },
      "properties": {
        "segment_id": "seg_0947",
        "corridor": "Orange",
        "is_loop": false,
        "lines": [
          "Orange"
        ]
      }
    },
    {
      "type": "Feature",
      "geometry": {
        "type": "LineString",
        "coordinates": [
          [
            -87.64123007,
            41.84958572
          ],
          [
            -87.64061387,
            41.84995622
          ]
        ]
      },
      "properties": {
        "segment_id": "seg_0948",
        "corridor": "Orange",
        "is_loop": false,
        "lines": [
          "Orange"
        ]
      }
    },
    {
      "type": "Feature",
      "geometry": {
        "type": "LineString",
        "coordinates": [
          [
            -87.64061387,
            41.84995622
          ],
          [
            -87.6401513,
            41.85030599
          ]
        ]
      },
      "properties": {
        "segment_id": "seg_0949",
        "corridor": "Orange",
        "is_loop": false,
        "lines": [
          "Orange"
        ]
      }
    },
    {
      "type": "Feature",
      "geometry": {
        "type": "LineString",
        "coordinates": [
          [
            -87.6401513,
            41.85030599
          ],
          [
            -87.63800991,
            41.8526895
          ]
        ]
      },
      "properties": {
        "segment_id": "seg_0950",
        "corridor": "Orange",
        "is_loop": false,
        "lines": [
          "Orange"
        ]
      }
    },
    {
      "type": "Feature",
      "geometry": {
        "type": "LineString",
        "coordinates": [
          [
            -87.63800991,
            41.8526895
          ],
          [
            -87.6365679,
            41.85432684
          ]
        ]
      },
      "properties": {
        "segment_id": "seg_0951",
        "corridor": "Orange",
        "is_loop": false,
        "lines": [
          "Orange"
        ]
      }
    },
    {
      "type": "Feature",
      "geometry": {
        "type": "LineString",
        "coordinates": [
          [
            -87.6365679,
            41.85432684
          ],
          [
            -87.63595245,
            41.85495915
          ]
        ]
      },
      "properties": {
        "segment_id": "seg_0952",
        "corridor": "Orange",
        "is_loop": false,
        "lines": [
          "Orange"
        ]
      }
    },
    {
      "type": "Feature",
      "geometry": {
        "type": "LineString",
        "coordinates": [
          [
            -87.63595245,
            41.85495915
          ],
          [
            -87.6339848,
            41.85657658
          ]
        ]
      },
      "properties": {
        "segment_id": "seg_0953",
        "corridor": "Orange",
        "is_loop": false,
        "lines": [
          "Orange"
        ]
      }
    },
    {
      "type": "Feature",
      "geometry": {
        "type": "LineString",
        "coordinates": [
          [
            -87.6339848,
            41.85657658
          ],
          [
            -87.63358038,
            41.85684569
          ]
        ]
      },
      "properties": {
        "segment_id": "seg_0954",
        "corridor": "Orange",
        "is_loop": false,
        "lines": [
          "Orange"
        ]
      }
    },
    {
      "type": "Feature",
      "geometry": {
        "type": "LineString",
        "coordinates": [
          [
            -87.63358038,
            41.85684569
          ],
          [
            -87.63305804,
            41.85711645
          ]
        ]
      },
      "properties": {
        "segment_id": "seg_0955",
        "corridor": "Orange",
        "is_loop": false,
        "lines": [
          "Orange"
        ]
      }
    },
    {
      "type": "Feature",
      "geometry": {
        "type": "LineString",
        "coordinates": [
          [
            -87.63305804,
            41.85711645
          ],
          [
            -87.63251722,
            41.85732755
          ]
        ]
      },
      "properties": {
        "segment_id": "seg_0956",
        "corridor": "Orange",
        "is_loop": false,
        "lines": [
          "Orange"
        ]
      }
    },
    {
      "type": "Feature",
      "geometry": {
        "type": "LineString",
        "coordinates": [
          [
            -87.63251722,
            41.85732755
          ],
          [
            -87.63198354,
            41.8574696
          ]
        ]
      },
      "properties": {
        "segment_id": "seg_0957",
        "corridor": "Orange",
        "is_loop": false,
        "lines": [
          "Orange"
        ]
      }
    },
    {
      "type": "Feature",
      "geometry": {
        "type": "LineString",
        "coordinates": [
          [
            -87.63198354,
            41.8574696
          ],
          [
            -87.63159069,
            41.85755296
          ]
        ]
      },
      "properties": {
        "segment_id": "seg_0958",
        "corridor": "Orange",
        "is_loop": false,
        "lines": [
          "Orange"
        ]
      }
    },
    {
      "type": "Feature",
      "geometry": {
        "type": "LineString",
        "coordinates": [
          [
            -87.63159069,
            41.85755296
          ],
          [
            -87.63142638904894,
            41.857579510709826
          ]
        ]
      },
      "properties": {
        "segment_id": "seg_0959",
        "corridor": "Orange",
        "is_loop": false,
        "lines": [
          "Orange"
        ]
      }
    },
    {
      "type": "Feature",
      "geometry": {
        "type": "LineString",
        "coordinates": [
          [
            -87.63142638904894,
            41.857579510709826
          ],
          [
            -87.63130659,
            41.85759887
          ]
        ]
      },
      "properties": {
        "segment_id": "seg_0960",
        "corridor": "Orange",
        "is_loop": false,
        "lines": [
          "Orange"
        ]
      }
    },
    {
      "type": "Feature",
      "geometry": {
        "type": "LineString",
        "coordinates": [
          [
            -87.63130659,
            41.85759887
          ],
          [
            -87.63076122,
            41.85764318
          ]
        ]
      },
      "properties": {
        "segment_id": "seg_0961",
        "corridor": "Orange",
        "is_loop": false,
        "lines": [
          "Orange"
        ]
      }
    },
    {
      "type": "Feature",
      "geometry": {
        "type": "LineString",
        "coordinates": [
          [
            -87.63076122,
            41.85764318
          ],
          [
            -87.62783231,
            41.8576943
          ]
        ]
      },
      "properties": {
        "segment_id": "seg_0962",
        "corridor": "Orange",
        "is_loop": false,
        "lines": [
          "Orange"
        ]
      }
    },
    {
      "type": "Feature",
      "geometry": {
        "type": "LineString",
        "coordinates": [
          [
            -87.62783231,
            41.8576943
          ],
          [
            -87.62741765,
            41.85773225
          ]
        ]
      },
      "properties": {
        "segment_id": "seg_0963",
        "corridor": "Orange",
        "is_loop": false,
        "lines": [
          "Orange"
        ]
      }
    },
    {
      "type": "Feature",
      "geometry": {
        "type": "LineString",
        "coordinates": [
          [
            -87.62741765,
            41.85773225
          ],
          [
            -87.62727395,
            41.85775996
          ]
        ]
      },
      "properties": {
        "segment_id": "seg_0964",
        "corridor": "Orange",
        "is_loop": false,
        "lines": [
          "Orange"
        ]
      }
    },
    {
      "type": "Feature",
      "geometry": {
        "type": "LineString",
        "coordinates": [
          [
            -87.62727395,
            41.85775996
          ],
          [
            -87.62699581,
            41.857844
          ]
        ]
      },
      "properties": {
        "segment_id": "seg_0965",
        "corridor": "Orange",
        "is_loop": false,
        "lines": [
          "Orange"
        ]
      }
    },
    {
      "type": "Feature",
      "geometry": {
        "type": "LineString",
        "coordinates": [
          [
            -87.62699581,
            41.857844
          ],
          [
            -87.62669783,
            41.85799225
          ]
        ]
      },
      "properties": {
        "segment_id": "seg_0966",
        "corridor": "Orange",
        "is_loop": false,
        "lines": [
          "Orange"
        ]
      }
    },
    {
      "type": "Feature",
      "geometry": {
        "type": "LineString",
        "coordinates": [
          [
            -87.62669783,
            41.85799225
          ],
          [
            -87.62660454,
            41.85807267
          ]
        ]
      },
      "properties": {
        "segment_id": "seg_0967",
        "corridor": "Orange",
        "is_loop": false,
        "lines": [
          "Orange"
        ]
      }
    },
    {
      "type": "Feature",
      "geometry": {
        "type": "LineString",
        "coordinates": [
          [
            -87.62658584075938,
            41.858098684003245
          ],
          [
            -87.62647643165687,
            41.85825072499106
          ]
        ]
      },
      "properties": {
        "segment_id": "seg_0968",
        "corridor": "Orange",
        "is_loop": false,
        "lines": [
          "Orange"
        ]
      }
    },
    {
      "type": "Feature",
      "geometry": {
        "type": "LineString",
        "coordinates": [
          [
            -87.63353383,
            41.87688843
          ],
          [
            -87.6333812,
            41.87685415
          ]
        ]
      },
      "properties": {
        "segment_id": "seg_0969",
        "corridor": "Loop",
        "is_loop": true,
        "lines": [
          "Brown",
          "Orange",
          "Purple",
          "Pink"
        ]
      }
    },
    {
      "type": "Feature",
      "geometry": {
        "type": "LineString",
        "coordinates": [
          [
            -87.63365097,
            41.87696061
          ],
          [
            -87.6335644721176,
            41.876907311236536
          ]
        ]
      },
      "properties": {
        "segment_id": "seg_0970",
        "corridor": "Loop",
        "is_loop": true,
        "lines": [
          "Brown",
          "Orange",
          "Purple",
          "Pink"
        ]
      }
    },
    {
      "type": "Feature",
      "geometry": {
        "type": "LineString",
        "coordinates": [
          [
            -87.62669783,
            41.85799225
          ],
          [
            -87.62658584075938,
            41.858098684003245
          ]
        ]
      },
      "properties": {
        "segment_id": "seg_0971",
        "corridor": "Orange",
        "is_loop": false,
        "lines": [
          "Orange"
        ]
      }
    },
    {
      "type": "Feature",
      "geometry": {
        "type": "LineString",
        "coordinates": [
          [
            -87.62658584075938,
            41.858098684003245
          ],
          [
            -87.62655349,
            41.85812943
          ]
        ]
      },
      "properties": {
        "segment_id": "seg_0972",
        "corridor": "Orange",
        "is_loop": false,
        "lines": [
          "Orange"
        ]
      }
    },
    {
      "type": "Feature",
      "geometry": {
        "type": "LineString",
        "coordinates": [
          [
            -87.62655349,
            41.85812943
          ],
          [
            -87.62647643165687,
            41.85825072499106
          ]
        ]
      },
      "properties": {
        "segment_id": "seg_0973",
        "corridor": "Orange",
        "is_loop": false,
        "lines": [
          "Orange"
        ]
      }
    },
    {
      "type": "Feature",
      "geometry": {
        "type": "LineString",
        "coordinates": [
          [
            -87.7566978,
            41.85178115
          ],
          [
            -87.75213565,
            41.85189157
          ]
        ]
      },
      "properties": {
        "segment_id": "seg_0974",
        "corridor": "Pink",
        "is_loop": false,
        "lines": [
          "Pink"
        ]
      }
    },
    {
      "type": "Feature",
      "geometry": {
        "type": "LineString",
        "coordinates": [
          [
            -87.75213565,
            41.85189157
          ],
          [
            -87.74921622,
            41.85188755
          ]
        ]
      },
      "properties": {
        "segment_id": "seg_0975",
        "corridor": "Pink",
        "is_loop": false,
        "lines": [
          "Pink"
        ]
      }
    },
    {
      "type": "Feature",
      "geometry": {
        "type": "LineString",
        "coordinates": [
          [
            -87.74921622,
            41.85188755
          ],
          [
            -87.74253135,
            41.8519685
          ]
        ]
      },
      "properties": {
        "segment_id": "seg_0976",
        "corridor": "Pink",
        "is_loop": false,
        "lines": [
          "Pink"
        ]
      }
    },
    {
      "type": "Feature",
      "geometry": {
        "type": "LineString",
        "coordinates": [
          [
            -87.74253135,
            41.8519685
          ],
          [
            -87.73777038,
            41.85205647
          ]
        ]
      },
      "properties": {
        "segment_id": "seg_0977",
        "corridor": "Pink",
        "is_loop": false,
        "lines": [
          "Pink"
        ]
      }
    },
    {
      "type": "Feature",
      "geometry": {
        "type": "LineString",
        "coordinates": [
          [
            -87.73777038,
            41.85205647
          ],
          [
            -87.73761486,
            41.85207711
          ]
        ]
      },
      "properties": {
        "segment_id": "seg_0978",
        "corridor": "Pink",
        "is_loop": false,
        "lines": [
          "Pink"
        ]
      }
    },
    {
      "type": "Feature",
      "geometry": {
        "type": "LineString",
        "coordinates": [
          [
            -87.73761486,
            41.85207711
          ],
          [
            -87.73736811,
            41.85214372
          ]
        ]
      },
      "properties": {
        "segment_id": "seg_0979",
        "corridor": "Pink",
        "is_loop": false,
        "lines": [
          "Pink"
        ]
      }
    },
    {
      "type": "Feature",
      "geometry": {
        "type": "LineString",
        "coordinates": [
          [
            -87.73736811,
            41.85214372
          ],
          [
            -87.73717706,
            41.8522114
          ]
        ]
      },
      "properties": {
        "segment_id": "seg_0980",
        "corridor": "Pink",
        "is_loop": false,
        "lines": [
          "Pink"
        ]
      }
    },
    {
      "type": "Feature",
      "geometry": {
        "type": "LineString",
        "coordinates": [
          [
            -87.73717706,
            41.8522114
          ],
          [
            -87.73694103,
            41.8523291
          ]
        ]
      },
      "properties": {
        "segment_id": "seg_0981",
        "corridor": "Pink",
        "is_loop": false,
        "lines": [
          "Pink"
        ]
      }
    },
    {
      "type": "Feature",
      "geometry": {
        "type": "LineString",
        "coordinates": [
          [
            -87.73694103,
            41.8523291
          ],
          [
            -87.73659522,
            41.85260393
          ]
        ]
      },
      "properties": {
        "segment_id": "seg_0982",
        "corridor": "Pink",
        "is_loop": false,
        "lines": [
          "Pink"
        ]
      }
    },
    {
      "type": "Feature",
      "geometry": {
        "type": "LineString",
        "coordinates": [
          [
            -87.73659522,
            41.85260393
          ],
          [
            -87.73615972,
            41.85308793
          ]
        ]
      },
      "properties": {
        "segment_id": "seg_0983",
        "corridor": "Pink",
        "is_loop": false,
        "lines": [
          "Pink"
        ]
      }
    },
    {
      "type": "Feature",
      "geometry": {
        "type": "LineString",
        "coordinates": [
          [
            -87.73615972,
            41.85308793
          ],
          [
            -87.73591605,
            41.85333679
          ]
        ]
      },
      "properties": {
        "segment_id": "seg_0984",
        "corridor": "Pink",
        "is_loop": false,
        "lines": [
          "Pink"
        ]
      }
    },
    {
      "type": "Feature",
      "geometry": {
        "type": "LineString",
        "coordinates": [
          [
            -87.73591605,
            41.85333679
          ],
          [
            -87.73580538,
            41.85341661
          ]
        ]
      },
      "properties": {
        "segment_id": "seg_0985",
        "corridor": "Pink",
        "is_loop": false,
        "lines": [
          "Pink"
        ]
      }
    },
    {
      "type": "Feature",
      "geometry": {
        "type": "LineString",
        "coordinates": [
          [
            -87.73580538,
            41.85341661
          ],
          [
            -87.7353907,
            41.85362064
          ]
        ]
      },
      "properties": {
        "segment_id": "seg_0986",
        "corridor": "Pink",
        "is_loop": false,
        "lines": [
          "Pink"
        ]
      }
    },
    {
      "type": "Feature",
      "geometry": {
        "type": "LineString",
        "coordinates": [
          [
            -87.7353907,
            41.85362064
          ],
          [
            -87.73510016,
            41.85370059
          ]
        ]
      },
      "properties": {
        "segment_id": "seg_0987",
        "corridor": "Pink",
        "is_loop": false,
        "lines": [
          "Pink"
        ]
      }
    },
    {
      "type": "Feature",
      "geometry": {
        "type": "LineString",
        "coordinates": [
          [
            -87.73510016,
            41.85370059
          ],
          [
            -87.73478678,
            41.85373647
          ]
        ]
      },
      "properties": {
        "segment_id": "seg_0988",
        "corridor": "Pink",
        "is_loop": false,
        "lines": [
          "Pink"
        ]
      }
    },
    {
      "type": "Feature",
      "geometry": {
        "type": "LineString",
        "coordinates": [
          [
            -87.73478678,
            41.85373647
          ],
          [
            -87.72736544,
            41.85387443
          ]
        ]
      },
      "properties": {
        "segment_id": "seg_0989",
        "corridor": "Pink",
        "is_loop": false,
        "lines": [
          "Pink"
        ]
      }
    },
    {
      "type": "Feature",
      "geometry": {
        "type": "LineString",
        "coordinates": [
          [
            -87.72736544,
            41.85387443
          ],
          [
            -87.7259387,
            41.85388298
          ]
        ]
      },
      "properties": {
        "segment_id": "seg_0990",
        "corridor": "Pink",
        "is_loop": false,
        "lines": [
          "Pink"
        ]
      }
    },
    {
      "type": "Feature",
      "geometry": {
        "type": "LineString",
        "coordinates": [
          [
            -87.7259387,
            41.85388298
          ],
          [
            -87.7243325,
            41.85386468
          ]
        ]
      },
      "properties": {
        "segment_id": "seg_0991",
        "corridor": "Pink",
        "is_loop": false,
        "lines": [
          "Pink"
        ]
      }
    },
    {
      "type": "Feature",
      "geometry": {
        "type": "LineString",
        "coordinates": [
          [
            -87.7243325,
            41.85386468
          ],
          [
            -87.71671086,
            41.8539535
          ]
        ]
      },
      "properties": {
        "segment_id": "seg_0992",
        "corridor": "Pink",
        "is_loop": false,
        "lines": [
          "Pink"
        ]
      }
    },
    {
      "type": "Feature",
      "geometry": {
        "type": "LineString",
        "coordinates": [
          [
            -87.71671086,
            41.8539535
          ],
          [
            -87.71488604,
            41.8539998
          ]
        ]
      },
      "properties": {
        "segment_id": "seg_0993",
        "corridor": "Pink",
        "is_loop": false,
        "lines": [
          "Pink"
        ]
      }
    },
    {
      "type": "Feature",
      "geometry": {
        "type": "LineString",
        "coordinates": [
          [
            -87.71488604,
            41.8539998
          ],
          [
            -87.7097761,
            41.85405418
          ]
        ]
      },
      "properties": {
        "segment_id": "seg_0994",
        "corridor": "Pink",
        "is_loop": false,
        "lines": [
          "Pink"
        ]
      }
    },
    {
      "type": "Feature",
      "geometry": {
        "type": "LineString",
        "coordinates": [
          [
            -87.7097761,
            41.85405418
          ],
          [
            -87.69830877,
            41.85425553
          ]
        ]
      },
      "properties": {
        "segment_id": "seg_0995",
        "corridor": "Pink",
        "is_loop": false,
        "lines": [
          "Pink"
        ]
      }
    },
    {
      "type": "Feature",
      "geometry": {
        "type": "LineString",
        "coordinates": [
          [
            -87.69830877,
            41.85425553
          ],
          [
            -87.69482868,
            41.85428748
          ]
        ]
      },
      "properties": {
        "segment_id": "seg_0996",
        "corridor": "Pink",
        "is_loop": false,
        "lines": [
          "Pink"
        ]
      }
    },
    {
      "type": "Feature",
      "geometry": {
        "type": "LineString",
        "coordinates": [
          [
            -87.69482868,
            41.85428748
          ],
          [
            -87.68852163,
            41.85439164
          ]
        ]
      },
      "properties": {
        "segment_id": "seg_0997",
        "corridor": "Pink",
        "is_loop": false,
        "lines": [
          "Pink"
        ]
      }
    },
    {
      "type": "Feature",
      "geometry": {
        "type": "LineString",
        "coordinates": [
          [
            -87.68852163,
            41.85439164
          ],
          [
            -87.68518499,
            41.85440468
          ]
        ]
      },
      "properties": {
        "segment_id": "seg_0998",
        "corridor": "Pink",
        "is_loop": false,
        "lines": [
          "Pink"
        ]
      }
    },
    {
      "type": "Feature",
      "geometry": {
        "type": "LineString",
        "coordinates": [
          [
            -87.68518499,
            41.85440468
          ],
          [
            -87.67597986,
            41.85452271
          ]
        ]
      },
      "properties": {
        "segment_id": "seg_0999",
        "corridor": "Pink",
        "is_loop": false,
        "lines": [
          "Pink"
        ]
      }
    },
    {
      "type": "Feature",
      "geometry": {
        "type": "LineString",
        "coordinates": [
          [
            -87.67597986,
            41.85452271
          ],
          [
            -87.6699607,
            41.854607
          ]
        ]
      },
      "properties": {
        "segment_id": "seg_1000",
        "corridor": "Pink",
        "is_loop": false,
        "lines": [
          "Pink"
        ]
      }
    },
    {
      "type": "Feature",
      "geometry": {
        "type": "LineString",
        "coordinates": [
          [
            -87.6699607,
            41.854607
          ],
          [
            -87.66975894,
            41.85463552
          ]
        ]
      },
      "properties": {
        "segment_id": "seg_1001",
        "corridor": "Pink",
        "is_loop": false,
        "lines": [
          "Pink"
        ]
      }
    },
    {
      "type": "Feature",
      "geometry": {
        "type": "LineString",
        "coordinates": [
          [
            -87.66975894,
            41.85463552
          ],
          [
            -87.66948133,
            41.85474496
          ]
        ]
      },
      "properties": {
        "segment_id": "seg_1002",
        "corridor": "Pink",
        "is_loop": false,
        "lines": [
          "Pink"
        ]
      }
    },
    {
      "type": "Feature",
      "geometry": {
        "type": "LineString",
        "coordinates": [
          [
            -87.66948133,
            41.85474496
          ],
          [
            -87.66930946,
            41.8548682
          ]
        ]
      },
      "properties": {
        "segment_id": "seg_1003",
        "corridor": "Pink",
        "is_loop": false,
        "lines": [
          "Pink"
        ]
      }
    },
    {
      "type": "Feature",
      "geometry": {
        "type": "LineString",
        "coordinates": [
          [
            -87.66930946,
            41.8548682
          ],
          [
            -87.66923962,
            41.85493817
          ]
        ]
      },
      "properties": {
        "segment_id": "seg_1004",
        "corridor": "Pink",
        "is_loop": false,
        "lines": [
          "Pink"
        ]
      }
    },
    {
      "type": "Feature",
      "geometry": {
        "type": "LineString",
        "coordinates": [
          [
            -87.66923962,
            41.85493817
          ],
          [
            -87.66914816,
            41.85510543
          ]
        ]
      },
      "properties": {
        "segment_id": "seg_1005",
        "corridor": "Pink",
        "is_loop": false,
        "lines": [
          "Pink"
        ]
      }
    },
    {
      "type": "Feature",
      "geometry": {
        "type": "LineString",
        "coordinates": [
          [
            -87.66914816,
            41.85510543
          ],
          [
            -87.66911317,
            41.85522
          ]
        ]
      },
      "properties": {
        "segment_id": "seg_1006",
        "corridor": "Pink",
        "is_loop": false,
        "lines": [
          "Pink"
        ]
      }
    },
    {
      "type": "Feature",
      "geometry": {
        "type": "LineString",
        "coordinates": [
          [
            -87.66911317,
            41.85522
          ],
          [
            -87.66910318,
            41.85533318
          ]
        ]
      },
      "properties": {
        "segment_id": "seg_1007",
        "corridor": "Pink",
        "is_loop": false,
        "lines": [
          "Pink"
        ]
      }
    },
    {
      "type": "Feature",
      "geometry": {
        "type": "LineString",
        "coordinates": [
          [
            -87.66922156,
            41.86009527
          ],
          [
            -87.66910318,
            41.85533318
          ]
        ]
      },
      "properties": {
        "segment_id": "seg_1008",
        "corridor": "Pink",
        "is_loop": false,
        "lines": [
          "Pink"
        ]
      }
    },
    {
      "type": "Feature",
      "geometry": {
        "type": "LineString",
        "coordinates": [
          [
            -87.66935436,
            41.8648163
          ],
          [
            -87.66922156,
            41.86009527
          ]
        ]
      },
      "properties": {
        "segment_id": "seg_1009",
        "corridor": "Pink",
        "is_loop": false,
        "lines": [
          "Pink"
        ]
      }
    },
    {
      "type": "Feature",
      "geometry": {
        "type": "LineString",
        "coordinates": [
          [
            -87.66942609,
            41.86674572
          ],
          [
            -87.66935436,
            41.8648163
          ]
        ]
      },
      "properties": {
        "segment_id": "seg_1010",
        "corridor": "Pink",
        "is_loop": false,
        "lines": [
          "Pink"
        ]
      }
    },
    {
      "type": "Feature",
      "geometry": {
        "type": "LineString",
        "coordinates": [
          [
            -87.66964908,
            41.87515757
          ],
          [
            -87.66942609,
            41.86674572
          ]
        ]
      },
      "properties": {
        "segment_id": "seg_1011",
        "corridor": "Pink",
        "is_loop": false,
        "lines": [
          "Pink"
        ]
      }
    },
    {
      "type": "Feature",
      "geometry": {
        "type": "LineString",
        "coordinates": [
          [
            -87.6697069,
            41.87543436
          ],
          [
            -87.66964908,
            41.87515757
          ]
        ]
      },
      "properties": {
        "segment_id": "seg_1012",
        "corridor": "Pink",
        "is_loop": false,
        "lines": [
          "Pink"
        ]
      }
    },
    {
      "type": "Feature",
      "geometry": {
        "type": "LineString",
        "coordinates": [
          [
            -87.66976619,
            41.87776901
          ],
          [
            -87.66971430567955,
            41.875725971903556
          ]
        ]
      },
      "properties": {
        "segment_id": "seg_1013",
        "corridor": "Pink",
        "is_loop": false,
        "lines": [
          "Pink"
        ]
      }
    },
    {
      "type": "Feature",
      "geometry": {
        "type": "LineString",
        "coordinates": [
          [
            -87.66971430567955,
            41.875725971903556
          ],
          [
            -87.6697069,
            41.87543436
          ]
        ]
      },
      "properties": {
        "segment_id": "seg_1014",
        "corridor": "Pink",
        "is_loop": false,
        "lines": [
          "Pink"
        ]
      }
    },
    {
      "type": "Feature",
      "geometry": {
        "type": "LineString",
        "coordinates": [
          [
            -87.66978115,
            41.87787364
          ],
          [
            -87.66976619,
            41.87776901
          ]
        ]
      },
      "properties": {
        "segment_id": "seg_1015",
        "corridor": "Pink",
        "is_loop": false,
        "lines": [
          "Pink"
        ]
      }
    },
    {
      "type": "Feature",
      "geometry": {
        "type": "LineString",
        "coordinates": [
          [
            -87.66983241,
            41.87800485
          ],
          [
            -87.66978115,
            41.87787364
          ]
        ]
      },
      "properties": {
        "segment_id": "seg_1016",
        "corridor": "Pink",
        "is_loop": false,
        "lines": [
          "Pink"
        ]
      }
    },
    {
      "type": "Feature",
      "geometry": {
        "type": "LineString",
        "coordinates": [
          [
            -87.67000562,
            41.87827232
          ],
          [
            -87.66983241,
            41.87800485
          ]
        ]
      },
      "properties": {
        "segment_id": "seg_1017",
        "corridor": "Pink",
        "is_loop": false,
        "lines": [
          "Pink"
        ]
      }
    },
    {
      "type": "Feature",
      "geometry": {
        "type": "LineString",
        "coordinates": [
          [
            -87.6700436,
            41.87837252
          ],
          [
            -87.67000562,
            41.87827232
          ]
        ]
      },
      "properties": {
        "segment_id": "seg_1018",
        "corridor": "Pink",
        "is_loop": false,
        "lines": [
          "Pink"
        ]
      }
    },
    {
      "type": "Feature",
      "geometry": {
        "type": "LineString",
        "coordinates": [
          [
            -87.67006146,
            41.87848972
          ],
          [
            -87.6700436,
            41.87837252
          ]
        ]
      },
      "properties": {
        "segment_id": "seg_1019",
        "corridor": "Pink",
        "is_loop": false,
        "lines": [
          "Pink"
        ]
      }
    },
    {
      "type": "Feature",
      "geometry": {
        "type": "LineString",
        "coordinates": [
          [
            -87.67006345,
            41.87893419
          ],
          [
            -87.67006146,
            41.87848972
          ]
        ]
      },
      "properties": {
        "segment_id": "seg_1020",
        "corridor": "Pink",
        "is_loop": false,
        "lines": [
          "Pink"
        ]
      }
    },
    {
      "type": "Feature",
      "geometry": {
        "type": "LineString",
        "coordinates": [
          [
            -87.67019283,
            41.88275487
          ],
          [
            -87.67006345,
            41.87893419
          ]
        ]
      },
      "properties": {
        "segment_id": "seg_1021",
        "corridor": "Pink",
        "is_loop": false,
        "lines": [
          "Pink"
        ]
      }
    },
    {
      "type": "Feature",
      "geometry": {
        "type": "LineString",
        "coordinates": [
          [
            -87.67019283,
            41.88275487
          ],
          [
            -87.67010221,
            41.88341848
          ]
        ]
      },
      "properties": {
        "segment_id": "seg_1022",
        "corridor": "Pink",
        "is_loop": false,
        "lines": [
          "Pink"
        ]
      }
    },
    {
      "type": "Feature",
      "geometry": {
        "type": "LineString",
        "coordinates": [
          [
            -87.67014946,
            41.88456771
          ],
          [
            -87.67010221,
            41.88341848
          ]
        ]
      },
      "properties": {
        "segment_id": "seg_1023",
        "corridor": "Pink",
        "is_loop": false,
        "lines": [
          "Pink"
        ]
      }
    },
    {
      "type": "Feature",
      "geometry": {
        "type": "LineString",
        "coordinates": [
          [
            -87.67014946,
            41.88456771
          ],
          [
            -87.67013706,
            41.88469469
          ]
        ]
      },
      "properties": {
        "segment_id": "seg_1024",
        "corridor": "West Side",
        "is_loop": false,
        "lines": [
          "Green",
          "Pink"
        ]
      }
    },
    {
      "type": "Feature",
      "geometry": {
        "type": "LineString",
        "coordinates": [
          [
            -87.67013706,
            41.88469469
          ],
          [
            -87.67011876,
            41.8848114
          ]
        ]
      },
      "properties": {
        "segment_id": "seg_1025",
        "corridor": "West Side",
        "is_loop": false,
        "lines": [
          "Green",
          "Pink"
        ]
      }
    },
    {
      "type": "Feature",
      "geometry": {
        "type": "LineString",
        "coordinates": [
          [
            -87.67011876,
            41.8848114
          ],
          [
            -87.6700175,
            41.88495044
          ]
        ]
      },
      "properties": {
        "segment_id": "seg_1026",
        "corridor": "West Side",
        "is_loop": false,
        "lines": [
          "Green",
          "Pink"
        ]
      }
    },
    {
      "type": "Feature",
      "geometry": {
        "type": "LineString",
        "coordinates": [
          [
            -87.6700175,
            41.88495044
          ],
          [
            -87.66990031,
            41.8850717
          ]
        ]
      },
      "properties": {
        "segment_id": "seg_1027",
        "corridor": "West Side",
        "is_loop": false,
        "lines": [
          "Green",
          "Pink"
        ]
      }
    },
    {
      "type": "Feature",
      "geometry": {
        "type": "LineString",
        "coordinates": [
          [
            -87.66990031,
            41.8850717
          ],
          [
            -87.6696402,
            41.88520553
          ]
        ]
      },
      "properties": {
        "segment_id": "seg_1028",
        "corridor": "West Side",
        "is_loop": false,
        "lines": [
          "Green",
          "Pink"
        ]
      }
    },
    {
      "type": "Feature",
      "geometry": {
        "type": "LineString",
        "coordinates": [
          [
            -87.6696402,
            41.88520553
          ],
          [
            -87.66944740243692,
            41.885247664939065
          ]
        ]
      },
      "properties": {
        "segment_id": "seg_1029",
        "corridor": "West Side",
        "is_loop": false,
        "lines": [
          "Green",
          "Pink"
        ]
      }
    },
    {
      "type": "Feature",
      "geometry": {
        "type": "LineString",
        "coordinates": [
          [
            -87.66944740243692,
            41.885247664939065
          ],
          [
            -87.6669567,
            41.88531925
          ]
        ]
      },
      "properties": {
        "segment_id": "seg_1030",
        "corridor": "West Side",
        "is_loop": false,
        "lines": [
          "Green",
          "Pink"
        ]
      }
    },
    {
      "type": "Feature",
      "geometry": {
        "type": "LineString",
        "coordinates": [
          [
            -87.6669567,
            41.88531925
          ],
          [
            -87.66507179556115,
            41.88536128880271
          ]
        ]
      },
      "properties": {
        "segment_id": "seg_1031",
        "corridor": "West Side",
        "is_loop": false,
        "lines": [
          "Green",
          "Pink"
        ]
      }
    },
    {
      "type": "Feature",
      "geometry": {
        "type": "LineString",
        "coordinates": [
          [
            -87.66507179556115,
            41.88536128880271
          ],
          [
            -87.66148521,
            41.88544128
          ]
        ]
      },
      "properties": {
        "segment_id": "seg_1032",
        "corridor": "West Side",
        "is_loop": false,
        "lines": [
          "Green",
          "Pink"
        ]
      }
    },
    {
      "type": "Feature",
      "geometry": {
        "type": "LineString",
        "coordinates": [
          [
            -87.66148521,
            41.88544128
          ],
          [
            -87.65620072890616,
            41.88552525823408
          ]
        ]
      },
      "properties": {
        "segment_id": "seg_1033",
        "corridor": "West Side",
        "is_loop": false,
        "lines": [
          "Green",
          "Pink"
        ]
      }
    },
    {
      "type": "Feature",
      "geometry": {
        "type": "LineString",
        "coordinates": [
          [
            -87.65620072890616,
            41.88552525823408
          ],
          [
            -87.6542167232043,
            41.88555678702419
          ]
        ]
      },
      "properties": {
        "segment_id": "seg_1034",
        "corridor": "West Side",
        "is_loop": false,
        "lines": [
          "Green",
          "Pink"
        ]
      }
    },
    {
      "type": "Feature",
      "geometry": {
        "type": "LineString",
        "coordinates": [
          [
            -87.6542167232043,
            41.88555678702419
          ],
          [
            -87.65079331192285,
            41.88561119010159
          ]
        ]
      },
      "properties": {
        "segment_id": "seg_1035",
        "corridor": "West Side",
        "is_loop": false,
        "lines": [
          "Green",
          "Pink"
        ]
      }
    },
    {
      "type": "Feature",
      "geometry": {
        "type": "LineString",
        "coordinates": [
          [
            -87.65079331192285,
            41.88561119010159
          ],
          [
            -87.64606566112784,
            41.88568631947723
          ]
        ]
      },
      "properties": {
        "segment_id": "seg_1036",
        "corridor": "West Side",
        "is_loop": false,
        "lines": [
          "Green",
          "Pink"
        ]
      }
    },
    {
      "type": "Feature",
      "geometry": {
        "type": "LineString",
        "coordinates": [
          [
            -87.64606566112784,
            41.88568631947723
          ],
          [
            -87.64555397148195,
            41.88569445098383
          ]
        ]
      },
      "properties": {
        "segment_id": "seg_1037",
        "corridor": "West Side",
        "is_loop": false,
        "lines": [
          "Green",
          "Pink"
        ]
      }
    },
    {
      "type": "Feature",
      "geometry": {
        "type": "LineString",
        "coordinates": [
          [
            -87.64555397148195,
            41.88569445098383
          ],
          [
            -87.64506698,
            41.88570219
          ]
        ]
      },
      "properties": {
        "segment_id": "seg_1038",
        "corridor": "West Side",
        "is_loop": false,
        "lines": [
          "Green",
          "Pink"
        ]
      }
    },
    {
      "type": "Feature",
      "geometry": {
        "type": "LineString",
        "coordinates": [
          [
            -87.64506698,
            41.88570219
          ],
          [
            -87.64489607199714,
            41.885702745453926
          ]
        ]
      },
      "properties": {
        "segment_id": "seg_1039",
        "corridor": "West Side",
        "is_loop": false,
        "lines": [
          "Green",
          "Pink"
        ]
      }
    },
    {
      "type": "Feature",
      "geometry": {
        "type": "LineString",
        "coordinates": [
          [
            -87.64489607199714,
            41.885702745453926
          ],
          [
            -87.64482191822799,
            41.885702986454945
          ]
        ]
      },
      "properties": {
        "segment_id": "seg_1040",
        "corridor": "West Side",
        "is_loop": false,
        "lines": [
          "Green",
          "Pink"
        ]
      }
    },
    {
      "type": "Feature",
      "geometry": {
        "type": "LineString",
        "coordinates": [
          [
            -87.64482191822799,
            41.885702986454945
          ],
          [
            -87.64148487736986,
            41.885713831894755
          ]
        ]
      },
      "properties": {
        "segment_id": "seg_1041",
        "corridor": "West Side",
        "is_loop": false,
        "lines": [
          "Green",
          "Pink"
        ]
      }
    },
    {
      "type": "Feature",
      "geometry": {
        "type": "LineString",
        "coordinates": [
          [
            -87.64148487736986,
            41.885713831894755
          ],
          [
            -87.63953109094336,
            41.88572018173403
          ]
        ]
      },
      "properties": {
        "segment_id": "seg_1042",
        "corridor": "West Side",
        "is_loop": false,
        "lines": [
          "Green",
          "Pink"
        ]
      }
    },
    {
      "type": "Feature",
      "geometry": {
        "type": "LineString",
        "coordinates": [
          [
            -87.63953109094336,
            41.88572018173403
          ],
          [
            -87.6339191207789,
            41.885738420732956
          ]
        ]
      },
      "properties": {
        "segment_id": "seg_1043",
        "corridor": "West Side",
        "is_loop": false,
        "lines": [
          "Green",
          "Pink"
        ]
      }
    },
    {
      "type": "Feature",
      "geometry": {
        "type": "LineString",
        "coordinates": [
          [
            -87.63173959,
            41.87686319
          ],
          [
            -87.62925871,
            41.87689399
          ]
        ]
      },
      "properties": {
        "segment_id": "seg_1044",
        "corridor": "Loop",
        "is_loop": true,
        "lines": [
          "Brown",
          "Orange",
          "Purple",
          "Pink"
        ]
      }
    },
    {
      "type": "Feature",
      "geometry": {
        "type": "LineString",
        "coordinates": [
          [
            -87.64736091,
            41.88567167
          ],
          [
            -87.64555397148195,
            41.88569445098383
          ]
        ]
      },
      "properties": {
        "segment_id": "seg_1045",
        "corridor": "West Side",
        "is_loop": false,
        "lines": [
          "Green",
          "Pink"
        ]
      }
    },
    {
      "type": "Feature",
      "geometry": {
        "type": "LineString",
        "coordinates": [
          [
            -87.64555397148195,
            41.88569445098383
          ],
          [
            -87.64489607199714,
            41.885702745453926
          ]
        ]
      },
      "properties": {
        "segment_id": "seg_1046",
        "corridor": "West Side",
        "is_loop": false,
        "lines": [
          "Green",
          "Pink"
        ]
      }
    },
    {
      "type": "Feature",
      "geometry": {
        "type": "LineString",
        "coordinates": [
          [
            -87.64489607199714,
            41.885702745453926
          ],
          [
            -87.64394707,
            41.88571471
          ]
        ]
      },
      "properties": {
        "segment_id": "seg_1047",
        "corridor": "West Side",
        "is_loop": false,
        "lines": [
          "Green",
          "Pink"
        ]
      }
    },
    {
      "type": "Feature",
      "geometry": {
        "type": "LineString",
        "coordinates": [
          [
            -87.66148521,
            41.88544128
          ],
          [
            -87.65602038692565,
            41.885530420034414
          ]
        ]
      },
      "properties": {
        "segment_id": "seg_1048",
        "corridor": "West Side",
        "is_loop": false,
        "lines": [
          "Green",
          "Pink"
        ]
      }
    },
    {
      "type": "Feature",
      "geometry": {
        "type": "LineString",
        "coordinates": [
          [
            -87.65602038692565,
            41.885530420034414
          ],
          [
            -87.65472148300142,
            41.88555160724193
          ]
        ]
      },
      "properties": {
        "segment_id": "seg_1049",
        "corridor": "West Side",
        "is_loop": false,
        "lines": [
          "Green",
          "Pink"
        ]
      }
    },
    {
      "type": "Feature",
      "geometry": {
        "type": "LineString",
        "coordinates": [
          [
            -87.65472148300142,
            41.88555160724193
          ],
          [
            -87.648797223812,
            41.885648241416696
          ]
        ]
      },
      "properties": {
        "segment_id": "seg_1050",
        "corridor": "West Side",
        "is_loop": false,
        "lines": [
          "Green",
          "Pink"
        ]
      }
    },
    {
      "type": "Feature",
      "geometry": {
        "type": "LineString",
        "coordinates": [
          [
            -87.648797223812,
            41.885648241416696
          ],
          [
            -87.64829109461164,
            41.8856564971962
          ]
        ]
      },
      "properties": {
        "segment_id": "seg_1051",
        "corridor": "West Side",
        "is_loop": false,
        "lines": [
          "Green",
          "Pink"
        ]
      }
    },
    {
      "type": "Feature",
      "geometry": {
        "type": "LineString",
        "coordinates": [
          [
            -87.64829109461164,
            41.8856564971962
          ],
          [
            -87.64736091,
            41.88567167
          ]
        ]
      },
      "properties": {
        "segment_id": "seg_1052",
        "corridor": "West Side",
        "is_loop": false,
        "lines": [
          "Green",
          "Pink"
        ]
      }
    },
    {
      "type": "Feature",
      "geometry": {
        "type": "LineString",
        "coordinates": [
          [
            -87.66816484467412,
            41.88528096984339
          ],
          [
            -87.66148521,
            41.88544128
          ]
        ]
      },
      "properties": {
        "segment_id": "seg_1053",
        "corridor": "West Side",
        "is_loop": false,
        "lines": [
          "Green",
          "Pink"
        ]
      }
    },
    {
      "type": "Feature",
      "geometry": {
        "type": "LineString",
        "coordinates": [
          [
            -87.67556153,
            42.02081265
          ],
          [
            -87.67388825,
            42.0198713
          ]
        ]
      },
      "properties": {
        "segment_id": "seg_1054",
        "corridor": "Yellow",
        "is_loop": false,
        "lines": [
          "Yellow"
        ]
      }
    },
    {
      "type": "Feature",
      "geometry": {
        "type": "LineString",
        "coordinates": [
          [
            -87.67589419,
            42.02098982
          ],
          [
            -87.67556153,
            42.02081265
          ]
        ]
      },
      "properties": {
        "segment_id": "seg_1055",
        "corridor": "Yellow",
        "is_loop": false,
        "lines": [
          "Yellow"
        ]
      }
    },
    {
      "type": "Feature",
      "geometry": {
        "type": "LineString",
        "coordinates": [
          [
            -87.67629028,
            42.02115388
          ],
          [
            -87.67589419,
            42.02098982
          ]
        ]
      },
      "properties": {
        "segment_id": "seg_1056",
        "corridor": "Yellow",
        "is_loop": false,
        "lines": [
          "Yellow"
        ]
      }
    },
    {
      "type": "Feature",
      "geometry": {
        "type": "LineString",
        "coordinates": [
          [
            -87.67660556,
            42.02126354
          ],
          [
            -87.67629028,
            42.02115388
          ]
        ]
      },
      "properties": {
        "segment_id": "seg_1057",
        "corridor": "Yellow",
        "is_loop": false,
        "lines": [
          "Yellow"
        ]
      }
    },
    {
      "type": "Feature",
      "geometry": {
        "type": "LineString",
        "coordinates": [
          [
            -87.67717039,
            42.02141007
          ],
          [
            -87.67660556,
            42.02126354
          ]
        ]
      },
      "properties": {
        "segment_id": "seg_1058",
        "corridor": "Yellow",
        "is_loop": false,
        "lines": [
          "Yellow"
        ]
      }
    },
    {
      "type": "Feature",
      "geometry": {
        "type": "LineString",
        "coordinates": [
          [
            -87.67812072,
            42.02159036
          ],
          [
            -87.67717039,
            42.02141007
          ]
        ]
      },
      "properties": {
        "segment_id": "seg_1059",
        "corridor": "Yellow",
        "is_loop": false,
        "lines": [
          "Yellow"
        ]
      }
    },
    {
      "type": "Feature",
      "geometry": {
        "type": "LineString",
        "coordinates": [
          [
            -87.67916256,
            42.02169028
          ],
          [
            -87.67812072,
            42.02159036
          ]
        ]
      },
      "properties": {
        "segment_id": "seg_1060",
        "corridor": "Yellow",
        "is_loop": false,
        "lines": [
          "Yellow"
        ]
      }
    },
    {
      "type": "Feature",
      "geometry": {
        "type": "LineString",
        "coordinates": [
          [
            -87.6796402,
            42.02171732
          ],
          [
            -87.67916256,
            42.02169028
          ]
        ]
      },
      "properties": {
        "segment_id": "seg_1061",
        "corridor": "Yellow",
        "is_loop": false,
        "lines": [
          "Yellow"
        ]
      }
    },
    {
      "type": "Feature",
      "geometry": {
        "type": "LineString",
        "coordinates": [
          [
            -87.68801413,
            42.0217044
          ],
          [
            -87.6796402,
            42.02171732
          ]
        ]
      },
      "properties": {
        "segment_id": "seg_1062",
        "corridor": "Yellow",
        "is_loop": false,
        "lines": [
          "Yellow"
        ]
      }
    },
    {
      "type": "Feature",
      "geometry": {
        "type": "LineString",
        "coordinates": [
          [
            -87.68923453,
            42.02180747
          ],
          [
            -87.68801413,
            42.0217044
          ]
        ]
      },
      "properties": {
        "segment_id": "seg_1063",
        "corridor": "Yellow",
        "is_loop": false,
        "lines": [
          "Yellow"
        ]
      }
    },
    {
      "type": "Feature",
      "geometry": {
        "type": "LineString",
        "coordinates": [
          [
            -87.69005857,
            42.02192851
          ],
          [
            -87.68923453,
            42.02180747
          ]
        ]
      },
      "properties": {
        "segment_id": "seg_1064",
        "corridor": "Yellow",
        "is_loop": false,
        "lines": [
          "Yellow"
        ]
      }
    },
    {
      "type": "Feature",
      "geometry": {
        "type": "LineString",
        "coordinates": [
          [
            -87.69049323,
            42.02195589
          ],
          [
            -87.69005857,
            42.02192851
          ]
        ]
      },
      "properties": {
        "segment_id": "seg_1065",
        "corridor": "Yellow",
        "is_loop": false,
        "lines": [
          "Yellow"
        ]
      }
    },
    {
      "type": "Feature",
      "geometry": {
        "type": "LineString",
        "coordinates": [
          [
            -87.69096109,
            42.0220084
          ],
          [
            -87.69049323,
            42.02195589
          ]
        ]
      },
      "properties": {
        "segment_id": "seg_1066",
        "corridor": "Yellow",
        "is_loop": false,
        "lines": [
          "Yellow"
        ]
      }
    },
    {
      "type": "Feature",
      "geometry": {
        "type": "LineString",
        "coordinates": [
          [
            -87.69186225,
            42.02215845
          ],
          [
            -87.69096109,
            42.0220084
          ]
        ]
      },
      "properties": {
        "segment_id": "seg_1067",
        "corridor": "Yellow",
        "is_loop": false,
        "lines": [
          "Yellow"
        ]
      }
    },
    {
      "type": "Feature",
      "geometry": {
        "type": "LineString",
        "coordinates": [
          [
            -87.69256634,
            42.02224903
          ],
          [
            -87.69186225,
            42.02215845
          ]
        ]
      },
      "properties": {
        "segment_id": "seg_1068",
        "corridor": "Yellow",
        "is_loop": false,
        "lines": [
          "Yellow"
        ]
      }
    },
    {
      "type": "Feature",
      "geometry": {
        "type": "LineString",
        "coordinates": [
          [
            -87.69333314,
            42.02226486
          ],
          [
            -87.69256634,
            42.02224903
          ]
        ]
      },
      "properties": {
        "segment_id": "seg_1069",
        "corridor": "Yellow",
        "is_loop": false,
        "lines": [
          "Yellow"
        ]
      }
    },
    {
      "type": "Feature",
      "geometry": {
        "type": "LineString",
        "coordinates": [
          [
            -87.6949758,
            42.02223935
          ],
          [
            -87.69333314,
            42.02226486
          ]
        ]
      },
      "properties": {
        "segment_id": "seg_1070",
        "corridor": "Yellow",
        "is_loop": false,
        "lines": [
          "Yellow"
        ]
      }
    },
    {
      "type": "Feature",
      "geometry": {
        "type": "LineString",
        "coordinates": [
          [
            -87.69580504,
            42.0222093
          ],
          [
            -87.6949758,
            42.02223935
          ]
        ]
      },
      "properties": {
        "segment_id": "seg_1071",
        "corridor": "Yellow",
        "is_loop": false,
        "lines": [
          "Yellow"
        ]
      }
    },
    {
      "type": "Feature",
      "geometry": {
        "type": "LineString",
        "coordinates": [
          [
            -87.69719951,
            42.02221126
          ],
          [
            -87.69580504,
            42.0222093
          ]
        ]
      },
      "properties": {
        "segment_id": "seg_1072",
        "corridor": "Yellow",
        "is_loop": false,
        "lines": [
          "Yellow"
        ]
      }
    },
    {
      "type": "Feature",
      "geometry": {
        "type": "LineString",
        "coordinates": [
          [
            -87.69856483,
            42.02232837
          ],
          [
            -87.69719951,
            42.02221126
          ]
        ]
      },
      "properties": {
        "segment_id": "seg_1073",
        "corridor": "Yellow",
        "is_loop": false,
        "lines": [
          "Yellow"
        ]
      }
    },
    {
      "type": "Feature",
      "geometry": {
        "type": "LineString",
        "coordinates": [
          [
            -87.70031719,
            42.02254044
          ],
          [
            -87.69856483,
            42.02232837
          ]
        ]
      },
      "properties": {
        "segment_id": "seg_1074",
        "corridor": "Yellow",
        "is_loop": false,
        "lines": [
          "Yellow"
        ]
      }
    },
    {
      "type": "Feature",
      "geometry": {
        "type": "LineString",
        "coordinates": [
          [
            -87.70101498,
            42.02260205
          ],
          [
            -87.70031719,
            42.02254044
          ]
        ]
      },
      "properties": {
        "segment_id": "seg_1075",
        "corridor": "Yellow",
        "is_loop": false,
        "lines": [
          "Yellow"
        ]
      }
    },
    {
      "type": "Feature",
      "geometry": {
        "type": "LineString",
        "coordinates": [
          [
            -87.70182036,
            42.02263537
          ],
          [
            -87.70101498,
            42.02260205
          ]
        ]
      },
      "properties": {
        "segment_id": "seg_1076",
        "corridor": "Yellow",
        "is_loop": false,
        "lines": [
          "Yellow"
        ]
      }
    },
    {
      "type": "Feature",
      "geometry": {
        "type": "LineString",
        "coordinates": [
          [
            -87.70300573,
            42.02263033
          ],
          [
            -87.70182036,
            42.02263537
          ]
        ]
      },
      "properties": {
        "segment_id": "seg_1077",
        "corridor": "Yellow",
        "is_loop": false,
        "lines": [
          "Yellow"
        ]
      }
    },
    {
      "type": "Feature",
      "geometry": {
        "type": "LineString",
        "coordinates": [
          [
            -87.70416051,
            42.02258468
          ],
          [
            -87.70300573,
            42.02263033
          ]
        ]
      },
      "properties": {
        "segment_id": "seg_1078",
        "corridor": "Yellow",
        "is_loop": false,
        "lines": [
          "Yellow"
        ]
      }
    },
    {
      "type": "Feature",
      "geometry": {
        "type": "LineString",
        "coordinates": [
          [
            -87.70732211,
            42.02250954
          ],
          [
            -87.70416051,
            42.02258468
          ]
        ]
      },
      "properties": {
        "segment_id": "seg_1079",
        "corridor": "Yellow",
        "is_loop": false,
        "lines": [
          "Yellow"
        ]
      }
    },
    {
      "type": "Feature",
      "geometry": {
        "type": "LineString",
        "coordinates": [
          [
            -87.70787595,
            42.02251715
          ],
          [
            -87.70732211,
            42.02250954
          ]
        ]
      },
      "properties": {
        "segment_id": "seg_1080",
        "corridor": "Yellow",
        "is_loop": false,
        "lines": [
          "Yellow"
        ]
      }
    },
    {
      "type": "Feature",
      "geometry": {
        "type": "LineString",
        "coordinates": [
          [
            -87.70879141,
            42.02250279
          ],
          [
            -87.70787595,
            42.02251715
          ]
        ]
      },
      "properties": {
        "segment_id": "seg_1081",
        "corridor": "Yellow",
        "is_loop": false,
        "lines": [
          "Yellow"
        ]
      }
    },
    {
      "type": "Feature",
      "geometry": {
        "type": "LineString",
        "coordinates": [
          [
            -87.71039859,
            42.02255781
          ],
          [
            -87.70879141,
            42.02250279
          ]
        ]
      },
      "properties": {
        "segment_id": "seg_1082",
        "corridor": "Yellow",
        "is_loop": false,
        "lines": [
          "Yellow"
        ]
      }
    },
    {
      "type": "Feature",
      "geometry": {
        "type": "LineString",
        "coordinates": [
          [
            -87.71274591,
            42.02260904
          ],
          [
            -87.71039859,
            42.02255781
          ]
        ]
      },
      "properties": {
        "segment_id": "seg_1083",
        "corridor": "Yellow",
        "is_loop": false,
        "lines": [
          "Yellow"
        ]
      }
    },
    {
      "type": "Feature",
      "geometry": {
        "type": "LineString",
        "coordinates": [
          [
            -87.71382653,
            42.02266007
          ],
          [
            -87.71274591,
            42.02260904
          ]
        ]
      },
      "properties": {
        "segment_id": "seg_1084",
        "corridor": "Yellow",
        "is_loop": false,
        "lines": [
          "Yellow"
        ]
      }
    },
    {
      "type": "Feature",
      "geometry": {
        "type": "LineString",
        "coordinates": [
          [
            -87.71790666,
            42.0226556
          ],
          [
            -87.71382653,
            42.02266007
          ]
        ]
      },
      "properties": {
        "segment_id": "seg_1085",
        "corridor": "Yellow",
        "is_loop": false,
        "lines": [
          "Yellow"
        ]
      }
    },
    {
      "type": "Feature",
      "geometry": {
        "type": "LineString",
        "coordinates": [
          [
            -87.71914693,
            42.0226224
          ],
          [
            -87.71790666,
            42.0226556
          ]
        ]
      },
      "properties": {
        "segment_id": "seg_1086",
        "corridor": "Yellow",
        "is_loop": false,
        "lines": [
          "Yellow"
        ]
      }
    },
    {
      "type": "Feature",
      "geometry": {
        "type": "LineString",
        "coordinates": [
          [
            -87.72046094,
            42.02254115
          ],
          [
            -87.71914693,
            42.0226224
          ]
        ]
      },
      "properties": {
        "segment_id": "seg_1087",
        "corridor": "Yellow",
        "is_loop": false,
        "lines": [
          "Yellow"
        ]
      }
    },
    {
      "type": "Feature",
      "geometry": {
        "type": "LineString",
        "coordinates": [
          [
            -87.72219933,
            42.02238399
          ],
          [
            -87.72046094,
            42.02254115
          ]
        ]
      },
      "properties": {
        "segment_id": "seg_1088",
        "corridor": "Yellow",
        "is_loop": false,
        "lines": [
          "Yellow"
        ]
      }
    },
    {
      "type": "Feature",
      "geometry": {
        "type": "LineString",
        "coordinates": [
          [
            -87.7233295,
            42.02234863
          ],
          [
            -87.72219933,
            42.02238399
          ]
        ]
      },
      "properties": {
        "segment_id": "seg_1089",
        "corridor": "Yellow",
        "is_loop": false,
        "lines": [
          "Yellow"
        ]
      }
    },
    {
      "type": "Feature",
      "geometry": {
        "type": "LineString",
        "coordinates": [
          [
            -87.73081348,
            42.02234368
          ],
          [
            -87.7233295,
            42.02234863
          ]
        ]
      },
      "properties": {
        "segment_id": "seg_1090",
        "corridor": "Yellow",
        "is_loop": false,
        "lines": [
          "Yellow"
        ]
      }
    },
    {
      "type": "Feature",
      "geometry": {
        "type": "LineString",
        "coordinates": [
          [
            -87.73788678,
            42.02231845
          ],
          [
            -87.73081348,
            42.02234368
          ]
        ]
      },
      "properties": {
        "segment_id": "seg_1091",
        "corridor": "Yellow",
        "is_loop": false,
        "lines": [
          "Yellow"
        ]
      }
    },
    {
      "type": "Feature",
      "geometry": {
        "type": "LineString",
        "coordinates": [
          [
            -87.74059519,
            42.02231694
          ],
          [
            -87.73788678,
            42.02231845
          ]
        ]
      },
      "properties": {
        "segment_id": "seg_1092",
        "corridor": "Yellow",
        "is_loop": false,
        "lines": [
          "Yellow"
        ]
      }
    },
    {
      "type": "Feature",
      "geometry": {
        "type": "LineString",
        "coordinates": [
          [
            -87.7412462,
            42.02236121
          ],
          [
            -87.74059519,
            42.02231694
          ]
        ]
      },
      "properties": {
        "segment_id": "seg_1093",
        "corridor": "Yellow",
        "is_loop": false,
        "lines": [
          "Yellow"
        ]
      }
    },
    {
      "type": "Feature",
      "geometry": {
        "type": "LineString",
        "coordinates": [
          [
            -87.74201073,
            42.02244075
          ],
          [
            -87.7412462,
            42.02236121
          ]
        ]
      },
      "properties": {
        "segment_id": "seg_1094",
        "corridor": "Yellow",
        "is_loop": false,
        "lines": [
          "Yellow"
        ]
      }
    },
    {
      "type": "Feature",
      "geometry": {
        "type": "LineString",
        "coordinates": [
          [
            -87.74278141,
            42.0226061
          ],
          [
            -87.74201073,
            42.02244075
          ]
        ]
      },
      "properties": {
        "segment_id": "seg_1095",
        "corridor": "Yellow",
        "is_loop": false,
        "lines": [
          "Yellow"
        ]
      }
    },
    {
      "type": "Feature",
      "geometry": {
        "type": "LineString",
        "coordinates": [
          [
            -87.74352146,
            42.02283645
          ],
          [
            -87.74278141,
            42.0226061
          ]
        ]
      },
      "properties": {
        "segment_id": "seg_1096",
        "corridor": "Yellow",
        "is_loop": false,
        "lines": [
          "Yellow"
        ]
      }
    },
    {
      "type": "Feature",
      "geometry": {
        "type": "LineString",
        "coordinates": [
          [
            -87.74422107,
            42.02312874
          ],
          [
            -87.74352146,
            42.02283645
          ]
        ]
      },
      "properties": {
        "segment_id": "seg_1097",
        "corridor": "Yellow",
        "is_loop": false,
        "lines": [
          "Yellow"
        ]
      }
    },
    {
      "type": "Feature",
      "geometry": {
        "type": "LineString",
        "coordinates": [
          [
            -87.74487095,
            42.0234791
          ],
          [
            -87.74422107,
            42.02312874
          ]
        ]
      },
      "properties": {
        "segment_id": "seg_1098",
        "corridor": "Yellow",
        "is_loop": false,
        "lines": [
          "Yellow"
        ]
      }
    },
    {
      "type": "Feature",
      "geometry": {
        "type": "LineString",
        "coordinates": [
          [
            -87.74546246,
            42.02388287
          ],
          [
            -87.74487095,
            42.0234791
          ]
        ]
      },
      "properties": {
        "segment_id": "seg_1099",
        "corridor": "Yellow",
        "is_loop": false,
        "lines": [
          "Yellow"
        ]
      }
    },
    {
      "type": "Feature",
      "geometry": {
        "type": "LineString",
        "coordinates": [
          [
            -87.74598777,
            42.0243347
          ],
          [
            -87.74546246,
            42.02388287
          ]
        ]
      },
      "properties": {
        "segment_id": "seg_1100",
        "corridor": "Yellow",
        "is_loop": false,
        "lines": [
          "Yellow"
        ]
      }
    },
    {
      "type": "Feature",
      "geometry": {
        "type": "LineString",
        "coordinates": [
          [
            -87.74622338,
            42.02457678
          ],
          [
            -87.74598777,
            42.0243347
          ]
        ]
      },
      "properties": {
        "segment_id": "seg_1101",
        "corridor": "Yellow",
        "is_loop": false,
        "lines": [
          "Yellow"
        ]
      }
    },
    {
      "type": "Feature",
      "geometry": {
        "type": "LineString",
        "coordinates": [
          [
            -87.7464399,
            42.02482858
          ],
          [
            -87.74622338,
            42.02457678
          ]
        ]
      },
      "properties": {
        "segment_id": "seg_1102",
        "corridor": "Yellow",
        "is_loop": false,
        "lines": [
          "Yellow"
        ]
      }
    },
    {
      "type": "Feature",
      "geometry": {
        "type": "LineString",
        "coordinates": [
          [
            -87.7466366,
            42.02508926
          ],
          [
            -87.7464399,
            42.02482858
          ]
        ]
      },
      "properties": {
        "segment_id": "seg_1103",
        "corridor": "Yellow",
        "is_loop": false,
        "lines": [
          "Yellow"
        ]
      }
    },
    {
      "type": "Feature",
      "geometry": {
        "type": "LineString",
        "coordinates": [
          [
            -87.74681283,
            42.02535795
          ],
          [
            -87.7466366,
            42.02508926
          ]
        ]
      },
      "properties": {
        "segment_id": "seg_1104",
        "corridor": "Yellow",
        "is_loop": false,
        "lines": [
          "Yellow"
        ]
      }
    },
    {
      "type": "Feature",
      "geometry": {
        "type": "LineString",
        "coordinates": [
          [
            -87.74696801,
            42.02563378
          ],
          [
            -87.74681283,
            42.02535795
          ]
        ]
      },
      "properties": {
        "segment_id": "seg_1105",
        "corridor": "Yellow",
        "is_loop": false,
        "lines": [
          "Yellow"
        ]
      }
    },
    {
      "type": "Feature",
      "geometry": {
        "type": "LineString",
        "coordinates": [
          [
            -87.74710162,
            42.0259158
          ],
          [
            -87.74696801,
            42.02563378
          ]
        ]
      },
      "properties": {
        "segment_id": "seg_1106",
        "corridor": "Yellow",
        "is_loop": false,
        "lines": [
          "Yellow"
        ]
      }
    },
    {
      "type": "Feature",
      "geometry": {
        "type": "LineString",
        "coordinates": [
          [
            -87.74743228,
            42.02679583
          ],
          [
            -87.74710162,
            42.0259158
          ]
        ]
      },
      "properties": {
        "segment_id": "seg_1107",
        "corridor": "Yellow",
        "is_loop": false,
        "lines": [
          "Yellow"
        ]
      }
    },
    {
      "type": "Feature",
      "geometry": {
        "type": "LineString",
        "coordinates": [
          [
            -87.74758842,
            42.02733738
          ],
          [
            -87.74743228,
            42.02679583
          ]
        ]
      },
      "properties": {
        "segment_id": "seg_1108",
        "corridor": "Yellow",
        "is_loop": false,
        "lines": [
          "Yellow"
        ]
      }
    },
    {
      "type": "Feature",
      "geometry": {
        "type": "LineString",
        "coordinates": [
          [
            -87.74799217,
            42.02857945
          ],
          [
            -87.74758842,
            42.02733738
          ]
        ]
      },
      "properties": {
        "segment_id": "seg_1109",
        "corridor": "Yellow",
        "is_loop": false,
        "lines": [
          "Yellow"
        ]
      }
    },
    {
      "type": "Feature",
      "geometry": {
        "type": "LineString",
        "coordinates": [
          [
            -87.74868943,
            42.03091969
          ],
          [
            -87.74799217,
            42.02857945
          ]
        ]
      },
      "properties": {
        "segment_id": "seg_1110",
        "corridor": "Yellow",
        "is_loop": false,
        "lines": [
          "Yellow"
        ]
      }
    },
    {
      "type": "Feature",
      "geometry": {
        "type": "LineString",
        "coordinates": [
          [
            -87.74908188,
            42.03202647
          ],
          [
            -87.74868943,
            42.03091969
          ]
        ]
      },
      "properties": {
        "segment_id": "seg_1111",
        "corridor": "Yellow",
        "is_loop": false,
        "lines": [
          "Yellow"
        ]
      }
    },
    {
      "type": "Feature",
      "geometry": {
        "type": "LineString",
        "coordinates": [
          [
            -87.74937126,
            42.03293883
          ],
          [
            -87.74908188,
            42.03202647
          ]
        ]
      },
      "properties": {
        "segment_id": "seg_1112",
        "corridor": "Yellow",
        "is_loop": false,
        "lines": [
          "Yellow"
        ]
      }
    },
    {
      "type": "Feature",
      "geometry": {
        "type": "LineString",
        "coordinates": [
          [
            -87.74948786,
            42.0333587
          ],
          [
            -87.74937126,
            42.03293883
          ]
        ]
      },
      "properties": {
        "segment_id": "seg_1113",
        "corridor": "Yellow",
        "is_loop": false,
        "lines": [
          "Yellow"
        ]
      }
    },
    {
      "type": "Feature",
      "geometry": {
        "type": "LineString",
        "coordinates": [
          [
            -87.74970041,
            42.03396736
          ],
          [
            -87.74948786,
            42.0333587
          ]
        ]
      },
      "properties": {
        "segment_id": "seg_1114",
        "corridor": "Yellow",
        "is_loop": false,
        "lines": [
          "Yellow"
        ]
      }
    },
    {
      "type": "Feature",
      "geometry": {
        "type": "LineString",
        "coordinates": [
          [
            -87.75161203,
            42.03812024
          ],
          [
            -87.74970041,
            42.03396736
          ]
        ]
      },
      "properties": {
        "segment_id": "seg_1115",
        "corridor": "Yellow",
        "is_loop": false,
        "lines": [
          "Yellow"
        ]
      }
    },
    {
      "type": "Feature",
      "geometry": {
        "type": "LineString",
        "coordinates": [
          [
            -87.75192443,
            42.03895857
          ],
          [
            -87.75161203,
            42.03812024
          ]
        ]
      },
      "properties": {
        "segment_id": "seg_1116",
        "corridor": "Yellow",
        "is_loop": false,
        "lines": [
          "Yellow"
        ]
      }
    }
  ]
}